CityName,CityCode,MSOAName,MSOACode,BuildingNum,Area,BuildingDensity
Birmingham,J01000007,Birmingham 008,E02001834,2490,1.06765419767761,2332.215810527711
Birmingham,J01000007,Birmingham 011,E02001837,3877,1.48302147390747,2614.2574927016176
Birmingham,J01000007,Birmingham 013,E02001839,2648,1.8455699677887,1434.7871097906652
Birmingham,J01000007,Birmingham 014,E02001840,3285,1.54822817884827,2121.7802678437997
Birmingham,J01000007,Birmingham 016,E02001842,2655,1.41958781500244,1870.2611926796767
Birmingham,J01000007,Birmingham 017,E02001843,2669,1.24141410366821,2149.967518585029
Birmingham,J01000007,Birmingham 019,E02001845,2615,1.15380317276764,2266.417758002321
Birmingham,J01000007,Birmingham 020,E02001846,3032,1.31222382465363,2310.5814290487497
Birmingham,J01000007,Birmingham 022,E02001848,2336,2.01531796607208,1159.122301952649
Birmingham,J01000007,Birmingham 023,E02001849,2615,1.33588075590515,1957.510046043114
Birmingham,J01000007,Birmingham 024,E02001850,1576,2.37209637407684,664.3912183430318
Birmingham,J01000007,Birmingham 025,E02001851,2950,2.20990015996552,1334.9019351381137
Birmingham,J01000007,Birmingham 026,E02001852,2371,1.1914851500472998,1989.9534626225727
Birmingham,J01000007,Birmingham 028,E02001854,2005,3.35958017237854,596.8007599534335
Birmingham,J01000007,Birmingham 029,E02001855,1480,3.07905431175995,480.6670653217708
Birmingham,J01000007,Birmingham 030,E02001856,2377,1.9295168144531296,1231.9146338580613
Birmingham,J01000007,Birmingham 031,E02001857,2581,2.7261181563873302,946.7674737254816
Birmingham,J01000007,Birmingham 032,E02001858,1907,1.63274595346069,1167.9710465415726
Birmingham,J01000007,Birmingham 033,E02001859,1015,3.39814079990387,298.69274399363127
Birmingham,J01000007,Birmingham 034,E02001860,2879,0.988398834495544,2912.7917795141625
Birmingham,J01000007,Birmingham 035,E02001861,1226,1.17328236995697,1044.9317499290162
Birmingham,J01000007,Birmingham 036,E02001862,1360,2.22714708999634,610.6466906064273
Birmingham,J01000007,Birmingham 037,E02001863,1071,2.26874416886902,472.0673290077914
Birmingham,J01000007,Birmingham 038,E02001864,797,0.940300193740845,847.6016545623091
Birmingham,J01000007,Birmingham 039,E02001865,2530,1.21960692583466,2074.4388592812797
Birmingham,J01000007,Birmingham 040,E02001866,757,0.8650865196609501,875.0569830826724
Birmingham,J01000007,Birmingham 041,E02001867,671,0.918561423339844,730.4900717039445
Birmingham,J01000007,Birmingham 042,E02001868,1892,1.773001832901,1067.1167761311867
Birmingham,J01000007,Birmingham 043,E02001869,1278,2.74826999795532,465.0198128098101
Birmingham,J01000007,Birmingham 044,E02001870,1722,1.7547576334228498,981.332103762414
Birmingham,J01000007,Birmingham 045,E02001871,1350,1.67161862014008,807.600479998764
Birmingham,J01000007,Birmingham 046,E02001872,981,1.9489042802658096,503.35976473211
Birmingham,J01000007,Birmingham 047,E02001873,1649,1.83896785341644,896.698654593925
Birmingham,J01000007,Birmingham 048,E02001874,957,1.89256558695984,505.6627926629987
Birmingham,J01000007,Birmingham 049,E02001875,1008,1.43866004786682,700.651972295065
Birmingham,J01000007,Birmingham 050,E02001876,1269,3.20171073634338,396.35060894017664
Birmingham,J01000007,Birmingham 051,E02001877,874,1.2406066391983,704.4940534614525
Birmingham,J01000007,Birmingham 052,E02001878,870,2.19623729782104,396.1320577075874
Birmingham,J01000007,Birmingham 053,E02001879,771,1.62063542228699,475.73932384619167
Birmingham,J01000007,Birmingham 054,E02001880,1279,1.33679849295807,956.7634963215934
Birmingham,J01000007,Birmingham 055,E02001881,1112,1.48883677709961,746.8918131954515
Birmingham,J01000007,Birmingham 056,E02001882,1760,1.5545803890686,1132.138300711791
Birmingham,J01000007,Birmingham 057,E02001883,1211,2.35317727603912,514.6233614997172
Birmingham,J01000007,Birmingham 058,E02001884,574,1.29284024924469,443.98370203537934
Birmingham,J01000007,Birmingham 060,E02001886,1663,2.00956442432404,827.542516114847
Birmingham,J01000007,Birmingham 062,E02001888,1117,1.24348762333679,898.279949906239
Birmingham,J01000007,Birmingham 063,E02001889,1117,0.937921129737854,1190.9316941310385
Birmingham,J01000007,Birmingham 064,E02001890,1681,2.49807014285278,672.9194553681782
Birmingham,J01000007,Birmingham 066,E02001892,1473,2.06533424061584,713.2017525457679
Birmingham,J01000007,Birmingham 067,E02001893,2260,1.6036730450591998,1409.264816767293
Birmingham,J01000007,Birmingham 069,E02001895,1854,2.46605604080963,751.8077323949677
Birmingham,J01000007,Birmingham 070,E02001896,1543,1.12290375383759,1374.1159869906094
Birmingham,J01000007,Birmingham 071,E02001897,1397,1.87950837944031,743.2794741867584
Birmingham,J01000007,Birmingham 072,E02001898,2309,1.10002237689972,2099.04820891702
Birmingham,J01000007,Birmingham 073,E02001899,1922,2.3062836021347,833.3753915697938
Birmingham,J01000007,Birmingham 074,E02001900,1117,1.59042429814148,702.3283040288627
Birmingham,J01000007,Birmingham 075,E02001901,2044,1.66877397154999,1224.8513189006014
Birmingham,J01000007,Birmingham 076,E02001902,2377,1.12468557904816,2113.479575342021
Birmingham,J01000007,Birmingham 077,E02001903,1982,0.730162520858765,2714.464168427754
Birmingham,J01000007,Birmingham 078,E02001904,2587,2.39283710635376,1081.1433812734992
Birmingham,J01000007,Birmingham 079,E02001905,1671,4.37902534991455,381.5917622017436
Birmingham,J01000007,Birmingham 080,E02001906,2085,1.85150454677582,1126.111196232699
Birmingham,J01000007,Birmingham 081,E02001907,2171,2.8767301186447103,754.6762853871064
Birmingham,J01000007,Birmingham 082,E02001908,2309,0.5286219770507811,4367.960660436542
Birmingham,J01000007,Birmingham 083,E02001909,1399,0.867233394302368,1613.1758868965178
Birmingham,J01000007,Birmingham 084,E02001910,1119,0.880423810966492,1270.9788014156604
Birmingham,J01000007,Birmingham 085,E02001911,1216,1.3862035901413,877.2160227027326
Birmingham,J01000007,Birmingham 087,E02001913,1385,2.47397772000885,559.8271919744877
Birmingham,J01000007,Birmingham 088,E02001914,1537,2.36335515695953,650.3466038415315
Birmingham,J01000007,Birmingham 089,E02001915,4157,1.92453075653076,2160.0070489357017
Birmingham,J01000007,Birmingham 090,E02001916,3287,1.45827211103058,2254.037483907605
Birmingham,J01000007,Birmingham 092,E02001918,1916,1.63812735794067,1169.6282286675505
Birmingham,J01000007,Birmingham 093,E02001919,1479,1.09610989025116,1349.3172656813686
Birmingham,J01000007,Birmingham 094,E02001920,1425,2.77735450263977,513.0781823658418
Birmingham,J01000007,Birmingham 095,E02001921,1575,1.99955124155426,787.6767382944113
Birmingham,J01000007,Birmingham 096,E02001922,3182,1.42482147732544,2233.26223715619
Birmingham,J01000007,Birmingham 097,E02001923,3318,1.74462894823456,1901.8370659030843
Birmingham,J01000007,Birmingham 098,E02001924,2317,1.15629418610382,2003.8153160721365
Birmingham,J01000007,Birmingham 099,E02001925,2031,2.20766707830048,919.975670228102
Birmingham,J01000007,Birmingham 100,E02001926,2752,1.76323612712097,1560.7665687371627
Birmingham,J01000007,Birmingham 101,E02001927,1226,1.51612413506317,808.6409098348125
Birmingham,J01000007,Birmingham 102,E02001928,1355,1.60379848279572,844.869236712322
Birmingham,J01000007,Birmingham 103,E02001929,3619,1.39618670027924,2592.060216070095
Birmingham,J01000007,Birmingham 104,E02001930,2822,1.28565377576447,2194.992192452431
Birmingham,J01000007,Birmingham 105,E02001931,2732,2.50326813557434,1091.3732976404383
Birmingham,J01000007,Birmingham 106,E02001932,1392,3.3370076301422102,417.1401909382744
Birmingham,J01000007,Birmingham 107,E02001933,1204,1.66000482810974,725.2990952869721
Birmingham,J01000007,Birmingham 108,E02001934,2352,1.20650804772186,1949.4275271856404
Birmingham,J01000007,Birmingham 109,E02001935,2157,1.96826518704987,1095.8889148636597
Birmingham,J01000007,Birmingham 110,E02001936,2001,1.23246854064178,1623.5708531416346
Birmingham,J01000007,Birmingham 111,E02001937,1455,1.83661074740601,792.2201272398145
Birmingham,J01000007,Birmingham 112,E02001938,2433,1.84907767814636,1315.7911258974275
Birmingham,J01000007,Birmingham 113,E02001939,1603,1.7182088904953,932.9482630822092
Birmingham,J01000007,Birmingham 115,E02001941,1301,1.40247964094543,927.6426994141452
Birmingham,J01000007,Birmingham 116,E02001942,1321,1.16292166729736,1135.9320555700158
Birmingham,J01000007,Birmingham 117,E02001943,1443,1.67835426228333,859.7708078846592
Birmingham,J01000007,Birmingham 118,E02001944,1805,1.86879282928467,965.8641512932772
Birmingham,J01000007,Birmingham 119,E02001945,2300,1.60721267634583,1431.0489419665953
Birmingham,J01000007,Birmingham 120,E02001946,1938,1.7985735508270302,1077.5205712932109
Birmingham,J01000007,Birmingham 121,E02001947,1052,1.22756093317413,856.983935844082
Birmingham,J01000007,Birmingham 122,E02001948,1333,1.25156931157684,1065.0628676094384
Birmingham,J01000007,Birmingham 123,E02001949,1316,1.9065216418457,690.2622929189426
Birmingham,J01000007,Birmingham 124,E02001950,1984,1.88134447467804,1054.5649808972532
Birmingham,J01000007,Birmingham 125,E02001951,1744,1.61583961035156,1079.315043911169
Birmingham,J01000007,Birmingham 126,E02001952,1494,1.66725703669739,896.0825878170599
Birmingham,J01000007,Birmingham 127,E02001953,1671,2.1792994107666,766.7601761119191
Birmingham,J01000007,Birmingham 128,E02001954,1440,1.83863891524506,783.1880354866045
Birmingham,J01000007,Birmingham 129,E02001955,1559,2.84913572087097,547.1834804427708
Birmingham,J01000007,Birmingham 130,E02001956,1502,1.61343455205536,930.9333298252458
Birmingham,J01000007,Birmingham 131,E02001957,1866,1.340695597229,1391.8148190064314
Birmingham,J01000007,Sandwell 032,E02002074,1507,1.36821796550751,1101.4326941986994
Birmingham,J01000007,Sandwell 036,E02002078,1495,1.16122416593933,1287.4344539589167
Birmingham,J01000007,Sandwell 037,E02002079,1633,1.92937420797729,846.3884264898505
Birmingham,J01000007,Solihull 001,E02002081,1981,1.8558203603363,1067.4524551724478
Birmingham,J01000007,Solihull 002,E02002082,1524,0.6973328870391851,2185.469849946088
Birmingham,J01000007,Solihull 003,E02002083,2403,1.34614539647675,1785.096919165896
Birmingham,J01000007,Solihull 004,E02002084,1501,1.45976864077759,1028.245132872869
Birmingham,J01000007,Solihull 005,E02002085,1711,1.46196631854248,1170.341599733841
Birmingham,J01000007,Solihull 006,E02002086,1227,1.45968242408752,840.5938029753459
Birmingham,J01000007,Solihull 007,E02002087,986,1.2020004090499898,820.2992216777136
Birmingham,J01000007,Solihull 008,E02002088,1455,1.67985214072418,866.1476595033853
Birmingham,J01000007,Solihull 009,E02002089,2331,15.0054746484604,155.34330333490428
Birmingham,J01000007,Walsall 039,E02002148,4465,7.600176213500981,587.4863785484813
Birmingham,J01000007,Bromsgrove 003,E02006698,276,5.05819987731934,54.56486629513539
Birmingham,J01000007,Bromsgrove 004,E02006699,31,2.19359598743439,14.132046273597227
Birmingham,J01000007,Bromsgrove 005,E02006700,355,17.1184091750717,20.737908316677043
Birmingham,J01000007,Birmingham 132,E02006807,2646,1.44523992145538,1830.8378842285476
Birmingham,J01000007,Birmingham 133,E02006809,3126,3.72639768986511,838.8798674124223
Birmingham,J01000007,Birmingham 134,E02006895,555,0.862739068855286,643.2999501649954
Birmingham,J01000007,Birmingham 135,E02006896,691,1.2576885998001102,549.4205800305605
Birmingham,J01000007,Birmingham 136,E02006897,427,0.837045207397461,510.1277639801886
Birmingham,J01000007,Birmingham 137,E02006898,582,1.03627787529755,561.6254229425562
Birmingham,J01000007,Birmingham 138,E02006899,779,1.1190919793624898,696.1000653795865
Birmingham,J01000007,Birmingham 139,E02006900,1652,2.0083518732223498,822.5650206153406
Birmingham,J01000007,Birmingham 140,E02006901,4566,2.37910390184784,1919.2100002247091
Bradford,J01000013,Bradford 017,E02002199,626,8.915768949798581,70.21267638548912
Bradford,J01000013,Bradford 019,E02002201,547,2.71978017160034,201.1191954819425
Bradford,J01000013,Bradford 024,E02002206,63,1.8557364120636,33.948786902307575
Bradford,J01000013,Bradford 026,E02002208,154,1.49684758525085,102.88288635224797
Bradford,J01000013,Bradford 027,E02002209,92,1.58477172216797,58.05252498709648
Bradford,J01000013,Bradford 028,E02002210,79,1.3949459365387,56.63301919501186
Bradford,J01000013,Bradford 029,E02002211,46,2.2191154395904498,20.728980196041334
Bradford,J01000013,Bradford 030,E02002212,61,2.5614580858612097,23.814561064539408
Bradford,J01000013,Bradford 032,E02002214,73,1.04415375495911,69.91307520879312
Bradford,J01000013,Bradford 033,E02002215,104,1.0941314237518298,95.05256657685504
Bradford,J01000013,Bradford 034,E02002216,76,1.75071631707764,43.41080234338707
Bradford,J01000013,Bradford 035,E02002217,52,1.98188456100464,26.23765330390414
Bradford,J01000013,Bradford 036,E02002218,264,3.23100020147705,81.70844430133819
Bradford,J01000013,Bradford 037,E02002219,75,0.780426870056152,96.10125288818378
Bradford,J01000013,Bradford 038,E02002220,55,1.33998493275452,41.04523764079949
Bradford,J01000013,Bradford 039,E02002221,536,3.03979274917603,176.32781055395597
Bradford,J01000013,Bradford 040,E02002222,82,1.7798977232208302,46.07006286384599
Bradford,J01000013,Bradford 041,E02002223,144,2.06790649989319,69.6356435880625
Bradford,J01000013,Bradford 042,E02002224,22,1.03466397380066,21.26294193774505
Bradford,J01000013,Bradford 044,E02002226,154,1.8209471729583704,84.57137158449608
Bradford,J01000013,Bradford 045,E02002227,363,2.16197879193115,167.90173953360411
Bradford,J01000013,Bradford 046,E02002228,321,2.52104753102112,127.32802378778749
Bradford,J01000013,Bradford 047,E02002229,22,3.91377042771912,5.621177942422452
Bradford,J01000013,Bradford 048,E02002230,76,1.43135265161133,53.096628503425634
Bradford,J01000013,Bradford 049,E02002231,577,2.74992306518555,209.8240519180005
Bradford,J01000013,Bradford 050,E02002232,237,1.05766883711243,224.077699638991
Bradford,J01000013,Bradford 051,E02002233,80,0.863435340042114,92.653145279064
Bradford,J01000013,Bradford 052,E02002234,17,1.63187592633057,10.417458659511045
Bradford,J01000013,Bradford 053,E02002235,78,1.63512510957336,47.702771820531765
Bradford,J01000013,Bradford 054,E02002236,1069,1.16587078924561,916.9112133701444
Bradford,J01000013,Bradford 055,E02002237,1274,1.44517417953491,881.5546375247324
Bradford,J01000013,Bradford 056,E02002238,1059,1.0969631357116698,965.392514592534
Bradford,J01000013,Bradford 057,E02002239,225,12.262229874939,18.349028055643043
Bradford,J01000013,Bradford 058,E02002240,992,7.24380109837341,136.94467676959724
Bradford,J01000013,Bradford 059,E02002241,1948,2.75483766590881,707.1197058565564
Bradford,J01000013,Bradford 060,E02002242,1109,3.8343602847137497,289.2268638451098
Bradford,J01000013,Bradford 061,E02002243,227,5.614035034637451,40.43437538231528
Bradford,J01000013,Kirklees 001,E02002271,954,6.71587813735962,142.05141613469922
Bradford,J01000013,Kirklees 003,E02002273,1099,7.688165615982061,142.94697264525792
Brighton & Hove,J01000014,Brighton and Hove 001,E02003491,547,3.17935151351166,172.04766370605782
Brighton & Hove,J01000014,Brighton and Hove 002,E02003492,2239,6.02890424607849,371.37760173523424
Brighton & Hove,J01000014,Brighton and Hove 003,E02003493,557,10.2642415475769,54.26606509776576
Brighton & Hove,J01000014,Brighton and Hove 004,E02003494,567,1.68690260542679,336.11899002109124
Brighton & Hove,J01000014,Brighton and Hove 006,E02003496,767,5.70667930352783,134.40390798302715
Brighton & Hove,J01000014,Brighton and Hove 007,E02003497,125,2.38553791836548,52.39908325818914
Brighton & Hove,J01000014,Brighton and Hove 008,E02003498,2394,3.59015142448807,666.824241359504
Brighton & Hove,J01000014,Brighton and Hove 009,E02003499,2494,3.0656629353714,813.5271399945526
Brighton & Hove,J01000014,Brighton and Hove 010,E02003500,2816,0.696452768856049,4043.346693308996
Brighton & Hove,J01000014,Brighton and Hove 011,E02003501,731,1.8441576072464,396.38694498106975
Brighton & Hove,J01000014,Brighton and Hove 013,E02003503,389,1.91204846113968,203.44672632833576
Brighton & Hove,J01000014,Brighton and Hove 014,E02003504,1596,1.15283117949295,1384.4177954156037
Brighton & Hove,J01000014,Brighton and Hove 015,E02003505,874,0.58317451209259,1498.6937561174416
Brighton & Hove,J01000014,Brighton and Hove 016,E02003506,257,0.746685491634369,344.1877509063022
Brighton & Hove,J01000014,Brighton and Hove 018,E02003508,936,0.860290873733521,1088.0041025402418
Brighton & Hove,J01000014,Brighton and Hove 019,E02003509,436,0.740548788131714,588.7525669982638
Brighton & Hove,J01000014,Brighton and Hove 020,E02003510,307,0.816640619365692,375.9303575157156
Brighton & Hove,J01000014,Brighton and Hove 021,E02003511,2077,1.60433738513947,1294.615471308387
Brighton & Hove,J01000014,Brighton and Hove 022,E02003512,580,0.4704653606300349,1232.8219004759014
Brighton & Hove,J01000014,Brighton and Hove 023,E02003513,441,0.80629604253006,546.9455097611481
Brighton & Hove,J01000014,Brighton and Hove 024,E02003514,694,0.454255543403625,1527.7744214193376
Brighton & Hove,J01000014,Brighton and Hove 025,E02003515,977,3.6425495404892,268.2187267846431
Brighton & Hove,J01000014,Brighton and Hove 026,E02003516,384,0.4696482759475709,817.6331515861197
Brighton & Hove,J01000014,Brighton and Hove 027,E02003517,2828,1.37682486426163,2054.0012556474367
Brighton & Hove,J01000014,Brighton and Hove 028,E02003518,503,0.820994232570648,612.6717826324267
Brighton & Hove,J01000014,Brighton and Hove 029,E02003519,824,0.451661941963196,1824.3733275785812
Brighton & Hove,J01000014,Brighton and Hove 030,E02003520,1063,0.647459484169006,1641.8015736758066
Brighton & Hove,J01000014,Brighton and Hove 031,E02003521,958,0.828159059192657,1156.7826124294534
Brighton & Hove,J01000014,Brighton and Hove 032,E02003522,683,2.60316087157822,262.3733352237724
Bristol,J01000015,Bristol 001,E02003012,5031,3.47459318524551,1447.9392929692044
Bristol,J01000015,Bristol 002,E02003013,5824,2.7617216029624903,2108.8295046657176
Bristol,J01000015,Bristol 003,E02003014,3837,10.878094014164,352.7272328225856
Bristol,J01000015,Bristol 004,E02003015,3132,1.53933509910202,2034.6446994076011
Bristol,J01000015,Bristol 005,E02003016,3974,1.07412476879501,3699.756411406628
Bristol,J01000015,Bristol 006,E02003017,3279,1.37902750291061,2377.762584922534
Bristol,J01000015,Bristol 007,E02003018,3056,2.72348802367783,1122.090485961874
Bristol,J01000015,Bristol 008,E02003019,4987,7.506387372158049,664.3675249824287
Bristol,J01000015,Bristol 009,E02003020,3266,2.53296683583069,1289.3970634751363
Bristol,J01000015,Bristol 010,E02003021,3199,1.07162952080536,2985.173455837481
Bristol,J01000015,Bristol 011,E02003022,3322,1.27842001237869,2598.520023023518
Bristol,J01000015,Bristol 012,E02003023,3276,2.55720988892365,1281.0837366888543
Bristol,J01000015,Bristol 013,E02003024,4611,1.7310171702690098,2663.751740419435
Bristol,J01000015,Bristol 014,E02003025,3936,3.20519545985413,1228.0062321625555
Bristol,J01000015,Bristol 015,E02003026,3463,4.538488324451451,763.029394907292
Bristol,J01000015,Bristol 016,E02003027,4645,1.53465068592834,3026.747417240523
Bristol,J01000015,Bristol 017,E02003028,3023,1.26424832318115,2391.1441641412757
Bristol,J01000015,Bristol 018,E02003029,3144,1.0077388120575,3119.856020610039
Bristol,J01000015,Bristol 019,E02003030,3050,1.73270259955215,1760.2559151168416
Bristol,J01000015,Bristol 020,E02003031,3330,1.22595640735626,2716.246662620777
Bristol,J01000015,Bristol 021,E02003032,3449,1.70271546299362,2025.5879945649635
Bristol,J01000015,Bristol 022,E02003033,2114,0.7770513937873841,2720.5407736240804
Bristol,J01000015,Bristol 023,E02003034,4048,1.25808450477219,3217.58990325773
Bristol,J01000015,Bristol 025,E02003036,1965,0.801458833194733,2451.779079116541
Bristol,J01000015,Bristol 026,E02003037,1887,0.830812035701752,2271.271862842153
Bristol,J01000015,Bristol 027,E02003038,3720,0.93529477407074,3977.3556991120768
Bristol,J01000015,Bristol 028,E02003039,3790,1.15477030902863,3282.0379692547453
Bristol,J01000015,Bristol 029,E02003040,3953,1.33214868921661,2967.3864726951924
Bristol,J01000015,Bristol 030,E02003041,1511,1.12520826313019,1342.8625166656573
Bristol,J01000015,Bristol 032,E02003043,2918,2.46967286108398,1181.5330062457106
Bristol,J01000015,Bristol 033,E02003044,3088,1.37196710213089,2250.7828323316426
Bristol,J01000015,Bristol 034,E02003045,1487,0.632237085865021,2351.965794549208
Bristol,J01000015,Bristol 035,E02003046,4268,1.79357972352219,2379.5987120207856
Bristol,J01000015,Bristol 036,E02003047,3759,1.90183522476196,1976.511924407378
Bristol,J01000015,Bristol 037,E02003048,2485,0.891454152355194,2787.5802624674616
Bristol,J01000015,Bristol 038,E02003049,519,3.13531538164902,165.53358652137632
Bristol,J01000015,Bristol 039,E02003050,2040,1.47889352460098,1379.4096505699504
Bristol,J01000015,Bristol 040,E02003051,476,0.958086891971588,496.823413396742
Bristol,J01000015,Bristol 041,E02003052,2657,1.74644729912567,1521.374278702932
Bristol,J01000015,Bristol 042,E02003053,2430,1.43440203102875,1694.0857217395387
Bristol,J01000015,Bristol 043,E02003054,1725,2.44498020298767,705.5271850022007
Bristol,J01000015,Bristol 044,E02003055,1733,1.4162599314537,1223.6454350729152
Bristol,J01000015,Bristol 045,E02003056,3063,1.81834921733093,1684.4949093420212
Bristol,J01000015,Bristol 046,E02003057,2107,2.3912021493454,881.1467489592206
Bristol,J01000015,Bristol 047,E02003058,749,2.64296882270432,283.39342998136976
Bristol,J01000015,Bristol 048,E02003059,293,1.63835197979736,178.83824941954157
Bristol,J01000015,Bristol 049,E02003060,814,3.05870667388535,266.1255513481484
Bristol,J01000015,Bristol 050,E02003061,1013,1.18422881224823,855.4090134632376
Bristol,J01000015,Bristol 051,E02003062,470,1.27088001701736,369.82248025509705
Bristol,J01000015,Bristol 052,E02003063,375,1.70879233220673,219.4532319300181
Bristol,J01000015,Bristol 053,E02003064,2714,2.09391154059601,1296.1388040430247
Bristol,J01000015,South Gloucestershire 020,E02003109,2863,1.48876125828552,1923.075297712324
Bristol,J01000015,South Gloucestershire 021,E02003110,5754,3.40840228265762,1688.1810076460388
Bristol,J01000015,South Gloucestershire 022,E02003111,3380,1.50279275486755,2249.145791428772
Bristol,J01000015,South Gloucestershire 023,E02003112,2644,1.1830840834045402,2234.8369292497014
Bristol,J01000015,South Gloucestershire 025,E02003114,3591,1.36249975310898,2635.596807857016
Bristol,J01000015,South Gloucestershire 026,E02003115,5421,1.5451569797515898,3508.3813949256582
Bristol,J01000015,South Gloucestershire 027,E02003116,3465,1.3767790171051,2516.743759856045
Bristol,J01000015,South Gloucestershire 028,E02003117,4169,1.68281130718613,2477.401941737061
Bristol,J01000015,South Gloucestershire 029,E02003118,5166,3.49917874601364,1476.346415822641
Bristol,J01000015,South Gloucestershire 030,E02003119,4604,3.94047489451218,1168.3870912137768
Bristol,J01000015,South Gloucestershire 031,E02003120,4684,3.19216963038635,1467.3405684374902
Bristol,J01000015,South Gloucestershire 032,E02003121,5032,4.79011875366592,1050.4958767773692
Bristol,J01000015,Bristol 054,E02006887,1228,1.95349468144608,628.6170173194275
Bristol,J01000015,Bristol 055,E02006888,2386,0.730078413146973,3268.142102319181
Bristol,J01000015,Bristol 056,E02006889,1932,1.59040369217682,1214.7859122205818
Bristol,J01000015,Bristol 057,E02006890,3482,1.01317290073776,3436.72831899128
Cambridge,J01000019,Cambridge 001,E02003719,2546,1.57140563116455,1620.205470508076
Cambridge,J01000019,Cambridge 002,E02003720,2544,1.50028999453735,1695.672176221173
Cambridge,J01000019,Cambridge 003,E02003721,3153,2.6040103985900904,1210.8246578842975
Cambridge,J01000019,Cambridge 004,E02003722,2363,1.52084392666626,1553.7426020957812
Cambridge,J01000019,Cambridge 005,E02003723,1885,3.41490321772766,551.9922175874472
Cambridge,J01000019,Cambridge 006,E02003724,3030,3.95320425028992,766.4668476914103
Cambridge,J01000019,Cambridge 007,E02003725,2661,6.13976417488098,433.4042683409064
Cambridge,J01000019,Cambridge 008,E02003726,2043,1.05229985423279,1941.4618293276387
Cambridge,J01000019,Cambridge 009,E02003727,2587,1.4912714559631302,1734.7612935628806
Cambridge,J01000019,Cambridge 010,E02003728,2390,1.93670510891724,1234.0546782241852
Cambridge,J01000019,Cambridge 011,E02003729,2784,3.6647737719574,759.6648997280483
Cambridge,J01000019,Cambridge 012,E02003730,2800,7.33129506016541,381.9243362900232
Cambridge,J01000019,Cambridge 013,E02003731,2685,4.51649414768982,594.4876517493935
Cambridge,J01000019,South Cambridgeshire 007,E02003781,3891,28.2972738802643,137.50441178412404
Cambridge,J01000019,South Cambridgeshire 009,E02003783,3260,31.7234947147446,102.76295311451928
Cambridge,J01000019,South Cambridgeshire 011,E02003785,2968,46.0433564368439,64.46098264080952
Cambridge,J01000019,South Cambridgeshire 012,E02003786,2156,15.7988556134491,136.46558034017735
Carlisle,J01000021,Carlisle 003,E02003989,350,3.9584995956420896,88.41733882840732
Carlisle,J01000021,Carlisle 004,E02003990,1265,35.574495143035904,35.55918348001173
Carlisle,J01000021,Carlisle 005,E02003991,684,57.9391698707428,11.80548498582123
Carlisle,J01000021,Carlisle 006,E02003992,711,3.7995477216491698,187.12753519289788
Carlisle,J01000021,Carlisle 008,E02003994,253,2.09895114846802,120.53639275247512
Carlisle,J01000021,Carlisle 009,E02003995,289,2.2273313013916,129.75168975510627
Carlisle,J01000021,Carlisle 010,E02003996,415,3.25069096166992,127.66516561968392
Carlisle,J01000021,Carlisle 011,E02003997,979,2.40838944132996,406.49572000256615
Carlisle,J01000021,Carlisle 012,E02003998,139,1.56791002714539,88.65304615282668
Carlisle,J01000021,Carlisle 013,E02003999,1255,86.3115740289917,14.540344259953487
Coventry,J01000028,Coventry 001,E02001958,1849,2.68118118268585,689.6214295177845
Coventry,J01000028,Coventry 002,E02001959,1487,4.2863168059082,346.9178941580659
Coventry,J01000028,Coventry 004,E02001961,1236,1.51020747117615,818.4305955243374
Coventry,J01000028,Coventry 005,E02001962,904,1.42754187774658,633.2563787389499
Coventry,J01000028,Coventry 006,E02001963,1170,1.2851987744140598,910.365013795955
Coventry,J01000028,Coventry 007,E02001964,1693,3.29480430976105,513.8393181605319
Coventry,J01000028,Coventry 008,E02001965,1774,2.25911007432556,785.2649679009617
Coventry,J01000028,Coventry 009,E02001966,964,1.17486132144165,820.5223734977452
Coventry,J01000028,Coventry 010,E02001967,2946,16.3506281602478,180.17656392935496
Coventry,J01000028,Coventry 011,E02001968,1077,1.5878299036026,678.2842403688287
Coventry,J01000028,Coventry 012,E02001969,1254,0.9310237552795412,1346.9044080658125
Coventry,J01000028,Coventry 013,E02001970,1038,1.75044749552917,592.9912223309542
Coventry,J01000028,Coventry 014,E02001971,1579,1.1136903350296,1417.8088381794505
Coventry,J01000028,Coventry 015,E02001972,1189,1.88985236573792,629.149674099404
Coventry,J01000028,Coventry 016,E02001973,1696,1.29310591177368,1311.5708346532056
Coventry,J01000028,Coventry 017,E02001974,3809,2.0387829683914203,1868.2714438237945
Coventry,J01000028,Coventry 018,E02001975,3102,1.19564477168274,2594.416061916344
Coventry,J01000028,Coventry 019,E02001976,3009,3.36562946766663,894.037810432567
Coventry,J01000028,Coventry 020,E02001977,2208,1.47084640218353,1501.176463240578
Coventry,J01000028,Coventry 021,E02001978,1633,0.998949387413025,1634.7174547340917
Coventry,J01000028,Coventry 022,E02001979,2409,1.38675619406128,1737.1474598898003
Coventry,J01000028,Coventry 023,E02001980,2387,1.37585707926941,1734.9185725508016
Coventry,J01000028,Coventry 024,E02001981,3489,1.2403334405365,2812.953263995568
Coventry,J01000028,Coventry 025,E02001982,3703,2.05875176339722,1798.6626973858893
Coventry,J01000028,Coventry 026,E02001983,3095,2.05848592858124,1503.532259816394
Coventry,J01000028,Coventry 027,E02001984,4217,1.5868918187561,2657.396017899654
Coventry,J01000028,Coventry 028,E02001985,3151,1.21179647246552,2600.271639336413
Coventry,J01000028,Coventry 029,E02001986,2848,1.99201274819946,1429.709725790786
Coventry,J01000028,Coventry 030,E02001987,2611,0.839364421821594,3110.687005691272
Coventry,J01000028,Coventry 031,E02001988,1806,2.18388462003326,826.9667652920672
Coventry,J01000028,Coventry 032,E02001989,2625,1.3079643398056,2006.93544931825
Coventry,J01000028,Coventry 033,E02001990,4905,2.26677176218414,2163.870258942084
Coventry,J01000028,Coventry 034,E02001991,3376,3.34485776991272,1009.3104796166244
Coventry,J01000028,Coventry 035,E02001992,4285,2.85588134113312,1500.412478026784
Coventry,J01000028,Coventry 036,E02001993,3745,4.0654118908309895,921.185872567147
Coventry,J01000028,Coventry 037,E02001994,3303,1.37432198547363,2403.366921952932
Coventry,J01000028,Coventry 038,E02001995,4205,4.541897638099671,925.8244758152168
Coventry,J01000028,Coventry 039,E02001996,2768,1.54223130574036,1794.8021089295682
Coventry,J01000028,Coventry 040,E02001997,3247,2.16160007479858,1502.1280013152102
Coventry,J01000028,Coventry 041,E02001998,2441,1.31965146074677,1849.7308362154024
Coventry,J01000028,Coventry 042,E02001999,2795,4.67172753897095,598.2797534069505
Coventry,J01000028,Coventry 043,E02006805,1414,1.31815161444092,1072.7142344697072
Coventry,J01000028,Nuneaton and Bedworth 018,E02006806,539,5.59448204484558,96.34493339675694
Derby,J01000031,Derby 001,E02002796,1250,3.34947656098938,373.1926398764739
Derby,J01000031,Derby 002,E02002797,1092,3.1129098505706803,350.79718090769865
Derby,J01000031,Derby 003,E02002798,4193,2.36710316955566,1771.3634343986316
Derby,J01000031,Derby 004,E02002799,963,2.08118632785034,462.71685870370095
Derby,J01000031,Derby 005,E02002800,1648,3.21169606886292,513.1245188413683
Derby,J01000031,Derby 006,E02002801,858,1.60540843548584,534.4434357231629
Derby,J01000031,Derby 007,E02002802,440,2.99634954162598,146.8453509470168
Derby,J01000031,Derby 008,E02002803,1283,1.94690594598389,658.99434055692
Derby,J01000031,Derby 009,E02002804,173,2.09735286447144,82.48492799212318
Derby,J01000031,Derby 010,E02002805,78,2.22608979078674,35.039017888147896
Derby,J01000031,Derby 011,E02002806,943,0.765085119338989,1232.5425971096186
Derby,J01000031,Derby 012,E02002807,300,2.8249881446075404,106.19513592389865
Derby,J01000031,Derby 013,E02002808,3062,2.21383083226013,1383.122845422639
Derby,J01000031,Derby 014,E02002809,316,5.72998261528015,55.14850937895039
Derby,J01000031,Derby 015,E02002810,1296,2.9222769661407497,443.48979067221615
Derby,J01000031,Derby 016,E02002811,3016,0.998595351715088,3020.242378276665
Derby,J01000031,Derby 017,E02002812,1228,2.53497511108398,484.4229020753168
Derby,J01000031,Derby 018,E02002813,1419,1.84013831051636,771.1376867110687
Derby,J01000031,Derby 019,E02002814,1049,2.13653294398499,490.9823660586483
Derby,J01000031,Derby 020,E02002815,940,0.830804979492188,1131.4327949437125
Derby,J01000031,Derby 021,E02002816,332,3.3488460181732203,99.13862811199198
Derby,J01000031,Derby 022,E02002817,503,1.69008952807617,297.6173697570715
Derby,J01000031,Derby 023,E02002818,981,1.2933758526306198,758.4802190366604
Derby,J01000031,Derby 024,E02002819,3340,5.14008301950073,649.7949522076831
Derby,J01000031,Derby 025,E02002820,3697,1.7222067505645802,2146.664445942995
Derby,J01000031,Derby 026,E02002821,1818,2.9070991967620903,625.3656572933176
Derby,J01000031,Derby 027,E02002822,873,1.67253540673828,521.9620442609905
Derby,J01000031,Derby 028,E02002823,3434,1.94956806513977,1761.4158035327723
Derby,J01000031,Derby 029,E02002824,1006,5.40125321714783,186.25307119580395
Derby,J01000031,Derby 030,E02002825,2326,2.7884798003387496,834.1462612414955
Derby,J01000031,Derby 031,E02002826,348,2.3002393304595903,151.2886052298172
Derby,J01000031,South Derbyshire 003,E02004120,1828,16.650636375,109.7855937052736
Doncaster,J01000032,Doncaster 007,E02001545,122,13.4214005666962,9.0899604250491
Doncaster,J01000032,Doncaster 011,E02001549,97,4.17755990235901,23.21929601661138
Doncaster,J01000032,Doncaster 015,E02001553,437,5.34287791345215,81.79112588362416
Doncaster,J01000032,Doncaster 018,E02001556,65,2.75377159858704,23.603990989431185
Doncaster,J01000032,Doncaster 019,E02001557,127,3.81705029801941,33.27176486668193
Doncaster,J01000032,Doncaster 021,E02001559,292,8.718110008377081,33.49349798516218
Doncaster,J01000032,Doncaster 022,E02001560,488,3.97491443849182,122.7699382090748
Doncaster,J01000032,Doncaster 023,E02001561,180,1.3116538319397,137.23133010926549
Doncaster,J01000032,Doncaster 024,E02001562,87,3.03621046685791,28.654140070215185
Doncaster,J01000032,Doncaster 025,E02001563,18,2.59536076739502,6.935451990386182
Doncaster,J01000032,Doncaster 027,E02001565,37,5.56492508135986,6.648786723820293
Doncaster,J01000032,Doncaster 028,E02001566,431,5.98978829148865,71.95579860684575
Doncaster,J01000032,Doncaster 029,E02001567,12,2.17622165219116,5.514144199382277
Doncaster,J01000032,Doncaster 033,E02001571,44,31.7214677831421,1.3870732685132288
Doncaster,J01000032,Doncaster 034,E02001572,56,7.52359359597778,7.44325159056151
Exeter,J01000035,Exeter 001,E02004149,3014,7.16252263035584,420.801462773216
Exeter,J01000035,Exeter 002,E02004150,1708,2.98663730998802,571.8806211547833
Exeter,J01000035,Exeter 003,E02004151,3710,3.69517742809486,1004.0113288721786
Exeter,J01000035,Exeter 004,E02004152,2264,1.03859413447189,2179.8698113688183
Exeter,J01000035,Exeter 005,E02004153,1668,3.3459730790824898,498.5096892821946
Exeter,J01000035,Exeter 006,E02004154,2907,1.08737637081528,2673.4073665960063
Exeter,J01000035,Exeter 007,E02004155,2210,1.58900578582764,1390.8067671691406
Exeter,J01000035,Exeter 008,E02004156,2733,1.9138192039165496,1428.0345784006304
Exeter,J01000035,Exeter 009,E02004157,2093,1.43973470181084,1453.7400518078152
Exeter,J01000035,Exeter 010,E02004158,1809,1.05396259129334,1716.3797035529865
Exeter,J01000035,Exeter 011,E02004159,4215,7.17770246749306,587.2352635246754
Exeter,J01000035,Exeter 012,E02004160,1922,2.8917485736579898,664.6497615692494
Exeter,J01000035,Exeter 013,E02004161,2182,1.80386179439926,1209.6270383766685
Exeter,J01000035,Exeter 014,E02004162,2377,5.04864129128838,470.8197439381567
Leeds,J01000051,Leeds 012,E02002341,3024,13.3939858109131,225.7729732352051
Leeds,J01000051,Leeds 013,E02002342,2280,3.0270131312561,753.217743410939
Leeds,J01000051,Leeds 015,E02002344,3451,1.86980270649719,1845.6492698446025
Leeds,J01000051,Leeds 016,E02002345,2279,5.28925115130615,430.8738486424896
Leeds,J01000051,Leeds 017,E02002346,2233,1.4687982150421102,1520.2905185556615
Leeds,J01000051,Leeds 018,E02002347,2223,1.88057240794373,1182.086895782274
Leeds,J01000051,Leeds 019,E02002348,2544,2.3741511293487503,1071.5408840455077
Leeds,J01000051,Leeds 020,E02002349,2201,4.63327768847656,475.041676322167
Leeds,J01000051,Leeds 023,E02002352,2703,1.60842136495972,1680.5297783816068
Leeds,J01000051,Leeds 024,E02002353,2621,1.25384061494446,2090.3773324619087
Leeds,J01000051,Leeds 025,E02002354,2825,1.99161312763977,1418.4481718835948
Leeds,J01000051,Leeds 029,E02002358,4210,2.9615255716857902,1421.5646288016146
Leeds,J01000051,Leeds 031,E02002360,2661,1.62907729858398,1633.43998612772
Leeds,J01000051,Leeds 032,E02002361,2256,1.9208171963501,1174.500105625256
Leeds,J01000051,Leeds 033,E02002362,2865,2.5499113131103504,1123.5684885468854
Leeds,J01000051,Leeds 034,E02002363,2560,1.42237671720886,1799.8044885208094
Leeds,J01000051,Leeds 035,E02002364,2362,1.58334734715271,1491.776270221136
Leeds,J01000051,Leeds 037,E02002366,3468,2.29382254631042,1511.8867872225892
Leeds,J01000051,Leeds 038,E02002367,2276,1.78860180387878,1272.502350754787
Leeds,J01000051,Leeds 040,E02002369,3174,1.71326681208801,1852.601111283858
Leeds,J01000051,Leeds 041,E02002370,2245,1.98180665306091,1132.804754960625
Leeds,J01000051,Leeds 042,E02002371,3455,1.76351527990723,1959.155125767751
Leeds,J01000051,Leeds 044,E02002373,1079,0.864250288238525,1248.4809258197274
Leeds,J01000051,Leeds 045,E02002374,1835,1.67493926663208,1095.5621117473504
Leeds,J01000051,Leeds 046,E02002375,2129,2.45215218247986,868.2169137834437
Leeds,J01000051,Leeds 047,E02002376,2742,1.1066597929840098,2477.7262329251525
Leeds,J01000051,Leeds 048,E02002377,2016,0.513254849136353,3927.8732648942255
Leeds,J01000051,Leeds 050,E02002379,2337,1.2505065931243902,1868.8426057482884
Leeds,J01000051,Leeds 051,E02002380,2323,1.34670460267639,1724.9514075940317
Leeds,J01000051,Leeds 052,E02002381,2174,2.16596827201843,1003.7081466452348
Leeds,J01000051,Leeds 053,E02002382,1879,0.473655761047363,3967.016036805072
Leeds,J01000051,Leeds 054,E02002383,1058,0.408161997909546,2592.108048810724
Leeds,J01000051,Leeds 055,E02002384,1653,1.95179561758423,846.9124457026631
Leeds,J01000051,Leeds 056,E02002385,1763,1.34111818331909,1314.5746750199214
Leeds,J01000051,Leeds 057,E02002386,6004,7.000457807800291,857.6581939126919
Leeds,J01000051,Leeds 058,E02002387,1658,1.1680991650238,1419.4000386655684
Leeds,J01000051,Leeds 059,E02002388,2893,1.8160130561370904,1593.050220769783
Leeds,J01000051,Leeds 060,E02002389,2629,2.02462454689026,1298.5123607426551
Leeds,J01000051,Leeds 061,E02002390,3154,1.7803936280517598,1771.518359932204
Leeds,J01000051,Leeds 063,E02002392,710,1.32748875402832,534.8444556275715
Leeds,J01000051,Leeds 064,E02002393,1204,1.37989400302124,872.530786686423
Leeds,J01000051,Leeds 065,E02002394,2164,1.08006254888916,2003.5876646455945
Leeds,J01000051,Leeds 067,E02002396,2850,2.09153017739868,1362.6387181965788
Leeds,J01000051,Leeds 068,E02002397,2693,1.83489992987061,1467.6549691676646
Leeds,J01000051,Leeds 069,E02002398,4704,7.946034372131351,591.9934120217321
Leeds,J01000051,Leeds 070,E02002399,3115,3.94139418122864,790.3294765176138
Leeds,J01000051,Leeds 071,E02002400,2296,2.58700248461914,887.5136431645208
Leeds,J01000051,Leeds 072,E02002401,2870,3.74749407330322,765.8451071198747
Leeds,J01000051,Leeds 073,E02002402,3513,4.21680838742065,833.0945296162348
Leeds,J01000051,Leeds 075,E02002404,2114,1.7476303768158,1209.6379349114595
Leeds,J01000051,Leeds 078,E02002407,2234,1.31533248956299,1698.4298781688503
Leeds,J01000051,Leeds 080,E02002409,2461,4.851543955322271,507.2611982212835
Leeds,J01000051,Leeds 081,E02002410,2638,2.10798560809326,1251.4316937799945
Leeds,J01000051,Leeds 082,E02002411,2613,2.15329045315552,1213.491656999084
Leeds,J01000051,Leeds 083,E02002412,2853,4.93576476919556,578.0259257503042
Leeds,J01000051,Leeds 085,E02002414,1985,1.30126336297607,1525.440626761505
Leeds,J01000051,Leeds 086,E02002415,1912,0.7157948555297851,2671.1563868182056
Leeds,J01000051,Leeds 090,E02002419,3161,2.91230979179382,1085.392772742422
Leeds,J01000051,Leeds 091,E02002420,3233,2.00835678118896,1609.7737365599169
Leeds,J01000051,Leeds 092,E02002421,2380,1.3838047953186,1719.8957599016278
Leeds,J01000051,Leeds 094,E02002423,2432,1.53347988562012,1585.9353766590357
Leeds,J01000051,Leeds 099,E02002428,3283,3.81705896076965,860.0862689681992
Leeds,J01000051,Leeds 101,E02002430,2971,2.67830367835999,1109.2842174712753
Leeds,J01000051,Leeds 109,E02006852,3178,4.44799609423828,714.4790446458863
Leeds,J01000051,Leeds 110,E02006861,2154,1.4774741232147202,1457.8935537045347
Leeds,J01000051,Leeds 111,E02006875,818,2.51875222961426,324.76398050683787
Leeds,J01000051,Leeds 112,E02006876,2318,5.20167263380432,445.625890590638
Leicester,J01000052,Leicester 001,E02002827,295,4.98869633712769,59.13368544894241
Leicester,J01000052,Leicester 002,E02002828,384,3.69335845695496,103.97041188268362
Leicester,J01000052,Leicester 003,E02002829,359,3.070051717453,116.93614083408222
Leicester,J01000052,Leicester 004,E02002830,428,3.923237957916261,109.093561132683
Leicester,J01000052,Leicester 005,E02002831,83,1.25951710620117,65.89827132267884
Leicester,J01000052,Leicester 006,E02002832,602,1.33637322515869,450.4729582026118
Leicester,J01000052,Leicester 007,E02002833,140,0.851992432693481,164.3207082924496
Leicester,J01000052,Leicester 008,E02002834,688,3.1568312964935297,217.9400593133375
Leicester,J01000052,Leicester 009,E02002835,100,3.7049972301788303,26.99057348422721
Leicester,J01000052,Leicester 010,E02002836,234,1.16958352864075,200.07121703564584
Leicester,J01000052,Leicester 011,E02002837,187,1.12406472894287,166.36052638700326
Leicester,J01000052,Leicester 012,E02002838,105,1.82450568165588,57.54983448706193
Leicester,J01000052,Leicester 013,E02002839,96,1.4508285162506098,66.16908816218593
Leicester,J01000052,Leicester 016,E02002842,239,0.7888774842834471,302.9621262636091
Leicester,J01000052,Leicester 017,E02002843,81,0.976699459701538,82.93236900607292
Leicester,J01000052,Leicester 018,E02002844,358,0.965282552688599,370.8758632411448
Leicester,J01000052,Leicester 019,E02002845,558,2.22675094024658,250.5893182370048
Leicester,J01000052,Leicester 020,E02002846,1058,2.7788686974945103,380.7304753023834
Leicester,J01000052,Leicester 021,E02002847,104,1.38505297270203,75.08738080761752
Leicester,J01000052,Leicester 022,E02002848,47,0.529399605895996,88.77981675194798
Leicester,J01000052,Leicester 023,E02002849,286,1.25762091549683,227.4135206212073
Leicester,J01000052,Leicester 025,E02002851,625,3.17016292578125,197.15075049209844
Leicester,J01000052,Leicester 026,E02002852,52,2.07561422050476,25.05282508006441
Leicester,J01000052,Leicester 027,E02002853,61,1.40158686738586,43.52209728803528
Leicester,J01000052,Leicester 028,E02002854,242,1.47696811001587,163.84917071594708
Leicester,J01000052,Leicester 029,E02002855,83,1.49310561711121,55.58883380305304
Leicester,J01000052,Leicester 030,E02002856,509,2.58863209173584,196.62894608506676
Leicester,J01000052,Leicester 031,E02002857,163,1.54702888778687,105.36325551954144
Leicester,J01000052,Leicester 032,E02002858,406,2.10751822209167,192.64364869740157
Leicester,J01000052,Leicester 034,E02002860,110,3.3047006266098,33.28591979384406
Leicester,J01000052,Leicester 035,E02002861,285,1.64031440019226,173.74717917893994
Leicester,J01000052,Leicester 036,E02002862,109,1.36324034020996,79.95655409024378
Leicester,J01000052,Blaby 002,E02005334,626,1.57472473834991,397.5297934647042
Leicester,J01000052,Blaby 003,E02005335,901,23.4078189427338,38.491411874137306
Leicester,J01000052,Blaby 004,E02005336,121,2.47545825251007,48.8798386631276
Leicester,J01000052,Blaby 005,E02005337,377,2.49790331541443,150.92657817200242
Leicester,J01000052,Charnwood 021,E02005365,215,4.660259669281009,46.13476828710072
Leicester,J01000052,Leicester 037,E02006815,110,2.12119132780457,51.85765119728725
Leicester,J01000052,Harborough 011,E02006816,833,23.3005235833282,35.75026960321275
Leicester,J01000052,Leicester 038,E02006817,627,2.1476039296264604,291.9532746939312
Leicester,J01000052,Leicester 039,E02006819,73,2.02914119302368,35.97581097411002
Leicester,J01000052,Blaby 013,E02006820,165,5.0679011031799295,32.55785711691736
Leicester,J01000052,Leicester 040,E02006850,357,1.16102024668884,307.4881777627415
Leicester,J01000052,Leicester 041,E02006851,693,1.2438150699157702,557.1567805871086
Lincoln,J01000053,Lincoln 001,E02005442,320,1.17517243778992,272.30046392324
Lincoln,J01000053,Lincoln 002,E02005443,198,1.80992079605103,109.39705230859036
Lincoln,J01000053,Lincoln 003,E02005444,1517,6.68685055218506,226.8631530136845
Lincoln,J01000053,Lincoln 004,E02005445,643,4.0532961628418,158.63632317190147
Lincoln,J01000053,Lincoln 005,E02005446,946,1.86146130595398,508.2028817758232
Lincoln,J01000053,Lincoln 006,E02005447,348,3.41907793414307,101.78182735317492
Lincoln,J01000053,Lincoln 007,E02005448,326,1.9068662566528296,170.96112475776673
Lincoln,J01000053,Lincoln 008,E02005449,204,5.81014650047302,35.11099074410461
Lincoln,J01000053,Lincoln 009,E02005450,494,3.818150004776,129.38203040270062
Lincoln,J01000053,Lincoln 010,E02005451,222,1.7279038290863,128.47937267283655
Lincoln,J01000053,Lincoln 011,E02005452,706,3.41728612802124,206.59668917124165
Liverpool,J01000054,Knowsley 006,E02001332,158,1.87409589670563,84.3073186797642
Liverpool,J01000054,Knowsley 008,E02001334,25,1.2190260038147,20.50817613551102
Liverpool,J01000054,Knowsley 010,E02001336,1989,3.2497719393692,612.0429485849018
Liverpool,J01000054,Knowsley 011,E02001337,1070,1.85696865535736,576.2078950083766
Liverpool,J01000054,Knowsley 012,E02001338,14,1.09511442596436,12.78405221232619
Liverpool,J01000054,Knowsley 014,E02001340,432,1.84702938877106,233.88907757847625
Liverpool,J01000054,Knowsley 015,E02001341,355,2.358807364151,150.49978450774182
Liverpool,J01000054,Knowsley 016,E02001342,436,3.38382318278503,128.84834001318993
Liverpool,J01000054,Knowsley 017,E02001343,1129,21.4065530369949,52.740859214879535
Liverpool,J01000054,Knowsley 018,E02001344,219,2.54207990764618,86.14992760112777
Liverpool,J01000054,Knowsley 019,E02001345,7,1.31287998951721,5.331789695853415
Liverpool,J01000054,Knowsley 020,E02001346,44,3.25136075218964,13.532795451986695
Liverpool,J01000054,Liverpool 001,E02001347,54,2.26332881777191,23.85866321145473
Liverpool,J01000054,Liverpool 002,E02001348,27,1.05809071111298,25.51766093060145
Liverpool,J01000054,Liverpool 003,E02001349,49,1.24819463459778,39.256698147713024
Liverpool,J01000054,Liverpool 004,E02001350,120,2.89375895629883,41.46855415818122
Liverpool,J01000054,Liverpool 005,E02001351,216,3.03710303406525,71.1204057212632
Liverpool,J01000054,Liverpool 006,E02001352,35,1.06115977007294,32.98278071509838
Liverpool,J01000054,Liverpool 007,E02001353,402,2.35942730157471,170.38032904497646
Liverpool,J01000054,Liverpool 008,E02001354,140,1.67148281544495,83.75796550605392
Liverpool,J01000054,Liverpool 009,E02001355,244,1.3439344268493698,181.5564771058193
Liverpool,J01000054,Liverpool 010,E02001356,172,1.27474550547791,134.92889306992782
Liverpool,J01000054,Liverpool 011,E02001357,90,1.10000569493103,81.8177582304635
Liverpool,J01000054,Liverpool 012,E02001358,1321,0.5981853022155761,2208.345800385335
Liverpool,J01000054,Liverpool 013,E02001359,62,2.89452374144745,21.419758667792436
Liverpool,J01000054,Liverpool 014,E02001360,407,2.4001694010925303,169.5713643440076
Liverpool,J01000054,Liverpool 015,E02001361,655,1.50800162014771,434.3496659743921
Liverpool,J01000054,Liverpool 016,E02001362,23,1.34234879428101,17.134145833027905
Liverpool,J01000054,Liverpool 017,E02001363,29,1.56163556994629,18.57027372973927
Liverpool,J01000054,Liverpool 018,E02001364,432,1.0345254539032,417.58276547966113
Liverpool,J01000054,Liverpool 019,E02001365,191,0.87587858506012,218.06675406602145
Liverpool,J01000054,Liverpool 020,E02001366,60,1.53183881686401,39.16861182747175
Liverpool,J01000054,Liverpool 021,E02001367,122,2.47486778935242,49.2955625851524
Liverpool,J01000054,Liverpool 022,E02001368,897,3.42408719688416,261.96762769833936
Liverpool,J01000054,Liverpool 023,E02001369,996,2.04835629266357,486.2435327131768
Liverpool,J01000054,Liverpool 024,E02001370,161,1.1080871858902002,145.29542625353798
Liverpool,J01000054,Liverpool 025,E02001371,57,0.924212777641296,61.67410944638849
Liverpool,J01000054,Liverpool 026,E02001372,167,1.76449816024017,94.64447385837413
Liverpool,J01000054,Liverpool 027,E02001373,182,1.63704564150238,111.17588623428458
Liverpool,J01000054,Liverpool 028,E02001374,330,2.32892712457275,141.6961469159494
Liverpool,J01000054,Liverpool 029,E02001375,528,0.926156533470154,570.0980135848873
Liverpool,J01000054,Liverpool 030,E02001376,468,0.875146184066772,534.767800535016
Liverpool,J01000054,Liverpool 031,E02001377,1401,1.74742558847809,801.7508781133237
Liverpool,J01000054,Liverpool 032,E02001378,202,1.3466214496994,150.00503671250112
Liverpool,J01000054,Liverpool 034,E02001380,39,1.53302169187164,25.43995313750947
Liverpool,J01000054,Liverpool 035,E02001381,206,1.29286433074951,159.3361307141763
Liverpool,J01000054,Liverpool 036,E02001382,38,1.30164036379242,29.19393179332911
Liverpool,J01000054,Liverpool 037,E02001383,1156,1.10252008161926,1048.5069789406418
Liverpool,J01000054,Liverpool 038,E02001384,221,0.981375179908752,225.19420148831207
Liverpool,J01000054,Liverpool 039,E02001385,172,0.945015550773621,182.00758692192431
Liverpool,J01000054,Liverpool 040,E02001386,232,1.84251926065826,125.91455891598956
Liverpool,J01000054,Liverpool 041,E02001387,49,1.63691889131927,29.93428706813237
Liverpool,J01000054,Liverpool 042,E02001388,388,1.24400759494781,311.8952019069287
Liverpool,J01000054,Liverpool 043,E02001389,984,1.10434759375,891.023809504271
Liverpool,J01000054,Liverpool 044,E02001390,2961,1.24814107474518,2372.327984322218
Liverpool,J01000054,Liverpool 045,E02001391,650,2.63310815461731,246.8565519650937
Liverpool,J01000054,Liverpool 046,E02001392,183,1.74603011049652,104.80918908549644
Liverpool,J01000054,Liverpool 047,E02001393,122,3.44689257787323,35.39419846825494
Liverpool,J01000054,Liverpool 048,E02001394,600,2.25560414427185,266.0041220103765
Liverpool,J01000054,Liverpool 049,E02001395,942,1.28245434381104,734.5290727470892
Liverpool,J01000054,Liverpool 050,E02001396,3308,1.49000236328125,2220.130706850153
Liverpool,J01000054,Liverpool 051,E02001397,1398,1.37640567314911,1015.6889260718344
Liverpool,J01000054,Liverpool 052,E02001398,1660,2.28844491653442,725.3834199836779
Liverpool,J01000054,Liverpool 053,E02001399,762,1.4492129996261598,525.8026254226025
Liverpool,J01000054,Liverpool 054,E02001400,64,3.1452625478363,20.34806284900671
Liverpool,J01000054,Liverpool 055,E02001401,130,3.09080475535584,42.0602432990088
Liverpool,J01000054,Liverpool 056,E02001402,3262,2.52504880241394,1291.8562195239697
Liverpool,J01000054,Liverpool 057,E02001403,1915,1.77028983372498,1081.743770719468
Liverpool,J01000054,Liverpool 059,E02001405,4085,2.14253074932861,1906.623744504058
Liverpool,J01000054,Liverpool 060,E02006932,1083,1.47048216651917,736.4931208676996
Liverpool,J01000054,Liverpool 061,E02006933,958,1.62520844637299,589.4628483736888
Liverpool,J01000054,Liverpool 062,E02006934,362,1.30555096375275,277.277570964711
Manchester,J01000058,Bury 023,E02001041,1339,1.20720216810608,1109.176271693325
Manchester,J01000058,Bury 024,E02001042,846,1.45135074421692,582.9052717759562
Manchester,J01000058,Bury 025,E02001043,189,3.55583297520447,53.15210284564392
Manchester,J01000058,Bury 026,E02001044,405,1.2863179259033202,314.85217755601724
Manchester,J01000058,Manchester 001,E02001045,46,2.4190539921875,19.01569793339055
Manchester,J01000058,Manchester 002,E02001046,187,2.47150126419067,75.66251440346154
Manchester,J01000058,Manchester 003,E02001047,626,2.33955028022766,267.5727917841904
Manchester,J01000058,Manchester 004,E02001048,220,4.75183701119995,46.2978842669616
Manchester,J01000058,Manchester 005,E02001049,1051,2.16075344836426,486.40440712735233
Manchester,J01000058,Manchester 006,E02001050,74,1.67050599478149,44.29795536871423
Manchester,J01000058,Manchester 007,E02001051,805,1.35502438905334,594.0852478400014
Manchester,J01000058,Manchester 008,E02001052,480,2.01713455647278,237.9613191691793
Manchester,J01000058,Manchester 009,E02001053,577,2.73486896244812,210.97902968027324
Manchester,J01000058,Manchester 011,E02001055,1103,3.41658966044617,322.83654451379454
Manchester,J01000058,Manchester 012,E02001056,625,1.8227909056091296,342.8807978341
Manchester,J01000058,Manchester 013,E02001057,822,2.35333254330444,349.2919019620516
Manchester,J01000058,Manchester 015,E02001059,390,3.69126294477844,105.6548953121
Manchester,J01000058,Manchester 017,E02001061,305,1.92594137586975,158.3641142048069
Manchester,J01000058,Manchester 018,E02001062,903,2.59389037501526,348.12573757851567
Manchester,J01000058,Manchester 019,E02001063,1751,1.71114183676147,1023.2933134952542
Manchester,J01000058,Manchester 020,E02001064,235,2.5948006675109903,90.56572358038544
Manchester,J01000058,Manchester 021,E02001065,213,1.92056140364075,110.9050716088652
Manchester,J01000058,Manchester 022,E02001066,874,1.12789751808167,774.8930962154263
Manchester,J01000058,Manchester 023,E02001067,261,1.72168362605286,151.59579614424854
Manchester,J01000058,Manchester 024,E02001068,1957,1.25651940682983,1557.4769393633694
Manchester,J01000058,Manchester 025,E02001069,2080,0.8788304212036131,2366.78197501551
Manchester,J01000058,Manchester 026,E02001070,988,1.54185080744934,640.7883273962369
Manchester,J01000058,Manchester 027,E02001071,895,1.44003590924072,621.5122791430263
Manchester,J01000058,Manchester 028,E02001072,2181,1.0889312502594002,2002.881264983857
Manchester,J01000058,Manchester 029,E02001073,746,1.32963015475464,561.0582742369146
Manchester,J01000058,Manchester 030,E02001074,3321,1.93371222840881,1717.42203995511
Manchester,J01000058,Manchester 031,E02001075,1930,1.17197782589722,1646.7888362328597
Manchester,J01000058,Manchester 032,E02001076,1786,1.36110395361328,1312.1701654445728
Manchester,J01000058,Manchester 033,E02001077,1129,1.30316647566223,866.351322785737
Manchester,J01000058,Manchester 034,E02001078,547,1.65438842892456,330.63577478934553
Manchester,J01000058,Manchester 035,E02001079,2467,1.69876926867676,1452.227824866202
Manchester,J01000058,Manchester 036,E02001080,947,1.02931222459412,920.0318206396728
Manchester,J01000058,Manchester 037,E02001081,366,2.2181461505127,165.00265319100058
Manchester,J01000058,Manchester 038,E02001082,1139,0.894651766052246,1273.1210547160365
Manchester,J01000058,Manchester 039,E02001083,731,1.42096254727173,514.4400191289568
Manchester,J01000058,Manchester 040,E02001084,1120,1.37237031723022,816.1062549505114
Manchester,J01000058,Manchester 041,E02001085,255,1.35460820753479,188.2463125364246
Manchester,J01000058,Manchester 042,E02001086,1373,2.09059581414795,656.7505735486151
Manchester,J01000058,Manchester 043,E02001087,2094,2.03377702998352,1029.611392561046
Manchester,J01000058,Manchester 045,E02001089,1906,2.61824780108643,727.967765010292
Manchester,J01000058,Stockport 001,E02001187,1283,1.0787483258667,1189.3413590878092
Manchester,J01000058,Stockport 002,E02001188,1021,1.6811077495269802,607.3376321578928
Manchester,J01000058,Stockport 003,E02001189,663,2.2569923709259,293.7537621042172
Manchester,J01000058,Tameside 014,E02001242,116,3.04233180221558,38.12864853055243
Manchester,J01000058,Tameside 019,E02001247,759,1.7147218822021502,442.6373792030029
Manchester,J01000058,Trafford 001,E02001259,3206,1.78881460673523,1792.2483346953873
Manchester,J01000058,Trafford 004,E02001262,2363,1.6027060473632802,1474.3814087976589
Manchester,J01000058,Manchester 054,E02006902,751,1.64373100656128,456.8874085858536
Manchester,J01000058,Manchester 055,E02006912,869,1.46255204641724,594.1668893963517
Manchester,J01000058,Manchester 056,E02006913,410,1.70981662367249,239.79179657252777
Manchester,J01000058,Manchester 057,E02006914,386,0.635478065994263,607.4167161002922
Manchester,J01000058,Manchester 058,E02006915,1158,1.80776309503174,640.5706606039926
Manchester,J01000058,Manchester 059,E02006916,879,0.6517302542877199,1348.7175011702727
Manchester,J01000058,Manchester 060,E02006917,377,0.966070098632813,390.2408329721955
Newcastle-upon-Tyne,J01000062,Newcastle upon Tyne 001,E02001708,5806,21.7824446811523,266.54492115036834
Newcastle-upon-Tyne,J01000062,Newcastle upon Tyne 002,E02001709,2663,8.07982196841431,329.58646990122014
Newcastle-upon-Tyne,J01000062,Newcastle upon Tyne 003,E02001710,1694,1.9889586003875697,851.7019910167593
Newcastle-upon-Tyne,J01000062,Newcastle upon Tyne 004,E02001711,2053,17.8628855363312,114.93103932309356
Newcastle-upon-Tyne,J01000062,Newcastle upon Tyne 005,E02001712,2697,2.0630494701995903,1307.2880892861372
Newcastle-upon-Tyne,J01000062,Newcastle upon Tyne 006,E02001713,2783,2.380558641922,1169.0533268078116
Newcastle-upon-Tyne,J01000062,Newcastle upon Tyne 007,E02001714,2505,3.00362704006958,833.9916929040468
Newcastle-upon-Tyne,J01000062,Newcastle upon Tyne 008,E02001715,1651,3.48078951611328,474.3176777444274
Newcastle-upon-Tyne,J01000062,Newcastle upon Tyne 011,E02001718,1217,1.31547715447998,925.1395935348578
Newcastle-upon-Tyne,J01000062,Newcastle upon Tyne 012,E02001719,1553,1.98547515078735,782.1805271066476
Newcastle-upon-Tyne,J01000062,Newcastle upon Tyne 013,E02001720,683,1.31633129226685,518.866340117014
Newcastle-upon-Tyne,J01000062,Newcastle upon Tyne 015,E02001722,1633,2.1259031205291703,768.1441285967542
Newcastle-upon-Tyne,J01000062,Newcastle upon Tyne 016,E02001723,1590,1.3246133350830098,1200.3502893169643
Newcastle-upon-Tyne,J01000062,Newcastle upon Tyne 017,E02001724,451,1.23204096090698,366.05925802011615
Newcastle-upon-Tyne,J01000062,Newcastle upon Tyne 018,E02001725,543,1.06988317076111,507.5320510123664
Newcastle-upon-Tyne,J01000062,Newcastle upon Tyne 019,E02001726,3883,2.42877335351563,1598.7494240166084
Newcastle-upon-Tyne,J01000062,Newcastle upon Tyne 020,E02001727,1562,2.12515282852173,735.0059624119068
Newcastle-upon-Tyne,J01000062,Newcastle upon Tyne 021,E02001728,2127,3.86616366763306,550.1577746971561
Newcastle-upon-Tyne,J01000062,Newcastle upon Tyne 022,E02001729,1878,1.6436073331604,1142.6086767262711
Newcastle-upon-Tyne,J01000062,Newcastle upon Tyne 023,E02001730,705,1.8744598250885,376.1083542917301
Newcastle-upon-Tyne,J01000062,Newcastle upon Tyne 024,E02001731,1698,5.02378814341736,337.9919597574749
Newcastle-upon-Tyne,J01000062,Newcastle upon Tyne 025,E02001732,992,2.05165390979004,483.5123483870231
Newcastle-upon-Tyne,J01000062,Newcastle upon Tyne 026,E02001733,1914,3.26955407545471,585.4009310837939
Newcastle-upon-Tyne,J01000062,Newcastle upon Tyne 027,E02001734,1333,2.03572521325684,654.8035026138964
Newcastle-upon-Tyne,J01000062,Newcastle upon Tyne 028,E02001735,665,1.07111046601868,620.8509963232891
Newcastle-upon-Tyne,J01000062,Newcastle upon Tyne 029,E02001736,1275,2.7010693219909703,472.0352749259289
Newcastle-upon-Tyne,J01000062,Newcastle upon Tyne 030,E02001737,851,1.8324058348388697,464.4167704665881
Newcastle-upon-Tyne,J01000062,Newcastle upon Tyne 031,E02006893,2796,2.90085125930786,963.8550032610506
Norwich,J01000066,Broadland 009,E02005528,647,3.22155735931396,200.83454299810464
Norwich,J01000066,Broadland 010,E02005529,1385,3.22802780358887,429.0545448400968
Norwich,J01000066,Broadland 011,E02005530,1557,2.00872333215332,775.1191889282832
Norwich,J01000066,Broadland 012,E02005531,169,3.15869929521179,53.50303533362095
Norwich,J01000066,Broadland 013,E02005532,1219,5.40323883282471,225.6054262481546
Norwich,J01000066,Broadland 015,E02005534,1917,2.86542952339172,669.0096491121884
Norwich,J01000066,Broadland 016,E02005535,612,4.21188670195007,145.3030537874271
Norwich,J01000066,Norwich 001,E02005584,1926,5.6705028345794695,339.6524181691612
Norwich,J01000066,Norwich 002,E02005585,1808,2.7494769222564703,657.5796237330085
Norwich,J01000066,Norwich 003,E02005586,1110,1.34638201786804,824.4316882348559
Norwich,J01000066,Norwich 004,E02005587,2826,2.30237633192444,1227.4274890751196
Norwich,J01000066,Norwich 005,E02005588,5400,3.22779729414368,1672.9675093902065
Norwich,J01000066,Norwich 006,E02005589,3659,3.73067470787048,980.787735870064
Norwich,J01000066,Norwich 007,E02005590,3209,2.3506813945922898,1365.1360866607702
Norwich,J01000066,Norwich 009,E02005592,3667,1.15189100093079,3183.460932533431
Norwich,J01000066,Norwich 010,E02005593,2790,2.85868298609924,975.9739060143356
Norwich,J01000066,Norwich 011,E02005594,3957,1.9704320609130896,2008.1890050887332
Norwich,J01000066,Norwich 012,E02005595,4411,4.95532692378235,890.1531761365867
Norwich,J01000066,Norwich 013,E02005596,4203,3.19107123388672,1317.11255937109
Norwich,J01000066,South Norfolk 001,E02005597,4018,12.3855864524384,324.4093459304029
Norwich,J01000066,Norwich 014,E02006907,1343,2.14442712583923,626.27448786557
Norwich,J01000066,Norwich 015,E02006908,860,1.35736588092041,633.5800922127544
Nottingham,J01000067,Nottingham 001,E02002868,3449,1.58314147868347,2178.579770942624
Nottingham,J01000067,Nottingham 002,E02002869,2674,2.92324051922607,914.7382784321638
Nottingham,J01000067,Nottingham 004,E02002871,702,1.73000947749329,405.7781238384706
Nottingham,J01000067,Nottingham 005,E02002872,1143,2.44257195419312,467.9493670750752
Nottingham,J01000067,Nottingham 006,E02002873,1060,1.60032679397583,662.3647145009367
Nottingham,J01000067,Nottingham 007,E02002874,2101,1.8574588788147,1131.1152155038344
Nottingham,J01000067,Nottingham 008,E02002875,877,1.51939042086792,577.2051659368973
Nottingham,J01000067,Nottingham 009,E02002876,763,2.27000084797668,336.1232224560994
Nottingham,J01000067,Nottingham 010,E02002877,2164,1.50412657974243,1438.708702541889
Nottingham,J01000067,Nottingham 011,E02002878,3225,1.6346542739563,1972.894239094753
Nottingham,J01000067,Nottingham 012,E02002879,1034,1.46646623200989,705.096358463593
Nottingham,J01000067,Nottingham 013,E02002880,2965,1.18817760806274,2495.4181764410405
Nottingham,J01000067,Nottingham 014,E02002881,3002,1.97379218765259,1520.930125663455
Nottingham,J01000067,Nottingham 015,E02002882,2091,1.99960873503113,1045.7045737837543
Nottingham,J01000067,Nottingham 016,E02002883,2634,1.4297070694580098,1842.3354379848788
Nottingham,J01000067,Nottingham 017,E02002884,1034,0.6305368971252441,1639.872313125897
Nottingham,J01000067,Nottingham 018,E02002885,575,0.738385167678833,778.7263682551397
Nottingham,J01000067,Nottingham 019,E02002886,622,2.34201771354675,265.5829613935941
Nottingham,J01000067,Nottingham 020,E02002887,1795,2.13286221600342,841.5921040429373
Nottingham,J01000067,Nottingham 021,E02002888,2530,1.11535279827881,2268.34056802856
Nottingham,J01000067,Nottingham 022,E02002889,1315,1.37467632432556,956.5888178405646
Nottingham,J01000067,Nottingham 023,E02002890,2014,1.19402111239624,1686.7373441648551
Nottingham,J01000067,Nottingham 024,E02002891,1457,2.45846890084839,592.6452840209635
Nottingham,J01000067,Nottingham 025,E02002892,1751,1.72075712063599,1017.5753329748431
Nottingham,J01000067,Nottingham 026,E02002893,1644,1.25111735166931,1314.025417205256
Nottingham,J01000067,Nottingham 027,E02002894,774,2.94282411062622,263.01266093517773
Nottingham,J01000067,Nottingham 028,E02002895,1873,1.1569241783447302,1618.9479268034622
Nottingham,J01000067,Nottingham 029,E02002896,799,2.92566973719788,273.0998614919736
Nottingham,J01000067,Nottingham 030,E02002897,2558,2.59482468519592,985.8084111015232
Nottingham,J01000067,Nottingham 031,E02002898,3564,5.21032033547974,684.0270406659832
Nottingham,J01000067,Nottingham 032,E02002899,2449,2.87699908358765,851.2341953707088
Nottingham,J01000067,Nottingham 038,E02006834,1752,1.3339232355957,1313.41890841087
Nottingham,J01000067,Gedling 016,E02006835,3687,11.0408444868011,333.9418469672012
Nottingham,J01000067,Nottingham 039,E02006904,2192,2.1137041238861096,1037.0420226885592
Nottingham,J01000067,Nottingham 040,E02006905,2964,2.41958919297791,1225.00133849253
Oxford,J01000070,Oxford 001,E02005940,759,3.87444626506805,195.8989615737177
Oxford,J01000070,Oxford 002,E02005941,575,1.88484043935394,305.0656108572727
Oxford,J01000070,Oxford 003,E02005942,1283,2.07655116172791,617.8513795597545
Oxford,J01000070,Oxford 004,E02005943,2062,3.66181050372314,563.1094230308927
Oxford,J01000070,Oxford 005,E02005944,2511,1.60411910070801,1565.3451161398923
Oxford,J01000070,Oxford 006,E02005945,3811,2.86703192877197,1329.2492356833843
Oxford,J01000070,Oxford 007,E02005946,3153,1.61917193121338,1947.2916613847144
Oxford,J01000070,Oxford 008,E02005947,2710,3.52874942363739,767.9774545188778
Oxford,J01000070,Oxford 009,E02005948,878,6.20805383577728,141.42918589720475
Oxford,J01000070,Oxford 010,E02005949,1353,1.6164364065322898,837.026433290107
Oxford,J01000070,Oxford 011,E02005950,1299,1.64821705665588,788.1243521624406
Oxford,J01000070,Oxford 012,E02005951,1005,2.34816861889648,427.99311425612143
Oxford,J01000070,Oxford 013,E02005952,2108,4.60436100480652,457.8268293471007
Oxford,J01000070,Oxford 014,E02005953,752,1.12405446217346,669.0067299283173
Oxford,J01000070,Oxford 015,E02005954,2935,2.3054459340667703,1273.072578554339
Oxford,J01000070,Oxford 016,E02005955,2609,2.43134904203033,1073.0668262345912
Oxford,J01000070,Oxford 017,E02005956,715,1.22625011834717,583.0784350616248
Oxford,J01000070,Oxford 018,E02005957,829,1.005742436409,824.2667008861054
Oxford,J01000070,Vale of White Horse 001,E02005978,2506,31.3464172677002,79.9453404387052
Oxford,J01000070,Vale of White Horse 002,E02005979,2857,18.6199543358307,153.43754063361078
Plymouth,J01000072,Plymouth 001,E02003122,485,3.61196693037987,134.27586944961112
Plymouth,J01000072,Plymouth 002,E02003123,3218,2.7485936052866,1170.7805744037792
Plymouth,J01000072,Plymouth 003,E02003124,2325,2.76908620092297,839.627166256164
Plymouth,J01000072,Plymouth 004,E02003125,1504,3.2545745665130603,462.1187713672144
Plymouth,J01000072,Plymouth 005,E02003126,522,5.08366657215023,102.68179326702192
Plymouth,J01000072,Plymouth 006,E02003127,874,1.90860555758572,457.9259431192066
Plymouth,J01000072,Plymouth 007,E02003128,2561,2.07348940291977,1235.1160302019125
Plymouth,J01000072,Plymouth 008,E02003129,1753,2.20079921682167,796.5288185314931
Plymouth,J01000072,Plymouth 009,E02003130,268,1.8705586765089,143.2727042276906
Plymouth,J01000072,Plymouth 010,E02003131,274,2.71774180403805,100.8189959741164
Plymouth,J01000072,Plymouth 011,E02003132,3567,1.86915148863316,1908.3525448268576
Plymouth,J01000072,Plymouth 012,E02003133,218,1.77518483557129,122.8041134825508
Plymouth,J01000072,Plymouth 013,E02003134,2726,1.92972327625752,1412.6377774158211
Plymouth,J01000072,Plymouth 014,E02003135,2149,2.62621369447613,818.2883230409309
Plymouth,J01000072,Plymouth 015,E02003136,142,4.21722086003208,33.6714639125919
Plymouth,J01000072,Plymouth 016,E02003137,1645,1.94506499611664,845.7300929708131
Plymouth,J01000072,Plymouth 017,E02003138,2956,1.38578467762184,2133.0875191034897
Plymouth,J01000072,Plymouth 018,E02003139,71,1.29479225413227,54.83505154854515
Plymouth,J01000072,Plymouth 019,E02003140,111,3.6712807849998494,30.23468007500945
Plymouth,J01000072,Plymouth 020,E02003141,3029,0.822248128745079,3683.8028499047855
Plymouth,J01000072,Plymouth 021,E02003142,1429,2.3586302920188897,605.860106535321
Plymouth,J01000072,Plymouth 022,E02003143,71,1.9056700185051,37.2572372501803
Plymouth,J01000072,Plymouth 023,E02003144,2381,0.904425919940948,2632.6092027033687
Plymouth,J01000072,Plymouth 024,E02003145,2237,1.21799575343037,1836.6238089908777
Plymouth,J01000072,Plymouth 025,E02003146,2990,0.8248840102787021,3624.752041186705
Plymouth,J01000072,Plymouth 026,E02003147,2115,2.07897185233498,1017.3297909851716
Plymouth,J01000072,Plymouth 027,E02003148,1878,1.53064206306458,1226.9360978098016
Plymouth,J01000072,Plymouth 028,E02003149,3271,2.03728925631046,1605.5648405684894
Plymouth,J01000072,Plymouth 029,E02003150,2927,2.23808631433201,1307.8137251706514
Plymouth,J01000072,Plymouth 030,E02003151,836,4.70016735851097,177.86600693828228
Plymouth,J01000072,Plymouth 031,E02003152,727,7.861457597189901,92.4764893802732
Plymouth,J01000072,Plymouth 032,E02003153,596,2.40577702455235,247.73700717791976
Plymouth,J01000072,South Hams 001,E02004189,691,86.5333272278719,7.985362658948272
Portsmouth,J01000074,Portsmouth 001,E02003524,101,1.88237961727905,53.655489611598064
Portsmouth,J01000074,Portsmouth 002,E02003525,116,1.9979265321579,58.06019297151628
Portsmouth,J01000074,Portsmouth 003,E02003526,61,2.25176266459656,27.089888716548707
Portsmouth,J01000074,Portsmouth 004,E02003527,144,3.85360321021652,37.36762508870475
Portsmouth,J01000074,Portsmouth 006,E02003529,49,1.49596028274536,32.754880303423604
Portsmouth,J01000074,Portsmouth 007,E02003530,1400,1.69832843275452,824.339964519901
Portsmouth,J01000074,Portsmouth 008,E02003531,1839,3.84506017988586,478.2759993250848
Portsmouth,J01000074,Portsmouth 009,E02003532,1811,0.78810406861496,2297.919871398089
Portsmouth,J01000074,Portsmouth 010,E02003533,1304,1.33948550527954,973.508108046205
Portsmouth,J01000074,Portsmouth 011,E02003534,754,0.8387966086120611,898.9068294489505
Portsmouth,J01000074,Portsmouth 012,E02003535,105,0.638866119190216,164.35368357472296
Portsmouth,J01000074,Portsmouth 013,E02003536,1664,1.15523764762497,1440.3962712096377
Portsmouth,J01000074,Portsmouth 014,E02003537,287,1.51134765893936,189.89674434101556
Portsmouth,J01000074,Portsmouth 015,E02003538,421,0.9621981133956912,437.5398310793293
Portsmouth,J01000074,Portsmouth 016,E02003539,1396,2.5521295533103903,546.9941751935107
Portsmouth,J01000074,Portsmouth 017,E02003540,594,2.54893164378738,233.03881116144547
Portsmouth,J01000074,Portsmouth 018,E02003541,448,0.68348727117157,655.4620969489018
Portsmouth,J01000074,Portsmouth 019,E02003542,923,0.5678377935409551,1625.4641915331213
Portsmouth,J01000074,Portsmouth 020,E02003543,528,0.582191518768311,906.9180552767943
Portsmouth,J01000074,Portsmouth 021,E02003544,997,0.486151219638824,2050.80221899001
Portsmouth,J01000074,Portsmouth 022,E02003545,1117,0.572217589008331,1952.0546405009889
Portsmouth,J01000074,Portsmouth 023,E02003546,747,1.8538390462265,402.9476029866362
Portsmouth,J01000074,Portsmouth 024,E02003547,1003,1.79618097116089,558.4069846546425
Portsmouth,J01000074,Portsmouth 025,E02003548,1184,0.539951244800568,2192.790573966197
Portsmouth,J01000074,Fareham 010,E02004736,1676,2.97506129640198,563.3497373741319
Portsmouth,J01000074,Fareham 012,E02004738,1409,1.8827454169769304,748.3752116961147
Portsmouth,J01000074,Portsmouth 026,E02006821,102,3.89704632634354,26.173668840037365
Preston,J01000075,Preston 003,E02005255,2381,2.28118004876709,1043.7580327282187
Preston,J01000075,Preston 004,E02005256,783,4.33808603694153,180.49434550911684
Preston,J01000075,Preston 005,E02005257,968,1.51799048406982,637.6851568955401
Preston,J01000075,Preston 006,E02005258,1978,2.7628787829437296,715.9199354712642
Preston,J01000075,Preston 007,E02005259,234,2.74803842532349,85.15164775123343
Preston,J01000075,Preston 008,E02005260,1784,1.83095581781006,974.3544779435356
Preston,J01000075,Preston 009,E02005261,100,6.27940308198547,15.925080568069095
Preston,J01000075,Preston 010,E02005262,1856,9.45589343367004,196.279707784275
Preston,J01000075,Preston 011,E02005263,1466,1.27111222605896,1153.3206666930448
Preston,J01000075,Preston 012,E02005264,1881,1.97467107899475,952.5637054235708
Preston,J01000075,Preston 013,E02005265,2694,2.56386758918762,1050.7562915343897
Preston,J01000075,Preston 014,E02005266,370,1.19866426568604,308.6769253008767
Preston,J01000075,Preston 015,E02005267,1081,0.8327000424499511,1298.1865556527491
Preston,J01000075,Preston 016,E02005268,1342,3.55090891769409,377.9314060444772
Preston,J01000075,Preston 017,E02005269,2384,2.17501939102173,1096.0821819984326
Salford,J01000080,Salford 010,E02001166,108,1.2799055188903798,84.3812284625752
Salford,J01000080,Salford 011,E02001167,207,2.0360539336547903,101.66724789476844
Salford,J01000080,Salford 016,E02001172,943,1.74662877600098,539.8972082431046
Salford,J01000080,Salford 017,E02001173,553,2.86771404483032,192.836521129749
Salford,J01000080,Salford 018,E02001174,134,1.01207613224792,132.40110672541294
Salford,J01000080,Salford 021,E02001177,534,3.54051498904419,150.82551596375546
Salford,J01000080,Salford 022,E02001178,1779,3.26681734819031,544.5667175073307
Salford,J01000080,Salford 023,E02001179,1249,0.911081055892944,1370.8988809737286
Salford,J01000080,Salford 024,E02001180,607,0.913927533081055,664.1664443062205
Salford,J01000080,Salford 028,E02001184,2549,3.08072360974121,827.4030139997284
Sheffield,J01000082,Rotherham 025,E02001602,2328,5.12327114857483,454.39718736096825
Sheffield,J01000082,Sheffield 005,E02001615,2230,11.0827869264221,201.2129272902948
Sheffield,J01000082,Sheffield 006,E02001616,1545,1.64735632485962,937.8663114257674
Sheffield,J01000082,Sheffield 007,E02001617,900,1.62917924252319,552.4254032393181
Sheffield,J01000082,Sheffield 009,E02001619,1610,2.3250025275116,692.4723654916402
Sheffield,J01000082,Sheffield 010,E02001620,1034,1.4095554823761,733.5645974410153
Sheffield,J01000082,Sheffield 011,E02001621,987,1.49305217553711,661.0619616457388
Sheffield,J01000082,Sheffield 012,E02001622,1534,2.11813330807495,724.2225945609462
Sheffield,J01000082,Sheffield 013,E02001623,1013,1.53390237773132,660.407086335085
Sheffield,J01000082,Sheffield 014,E02001624,1623,3.5785848950500503,453.53122745389015
Sheffield,J01000082,Sheffield 015,E02001625,1202,1.49704895480347,802.91295494595
Sheffield,J01000082,Sheffield 016,E02001626,1055,0.90219655116272,1169.368247573494
Sheffield,J01000082,Sheffield 017,E02001627,881,3.24375553208923,271.598766085978
Sheffield,J01000082,Sheffield 018,E02001628,1113,7.16082084519959,155.42910848637186
Sheffield,J01000082,Sheffield 019,E02001629,1057,1.72079321604919,614.2516080036573
Sheffield,J01000082,Sheffield 020,E02001630,1084,1.98190215409851,546.9493020925997
Sheffield,J01000082,Sheffield 021,E02001631,1252,1.36915205293274,914.4345927964694
Sheffield,J01000082,Sheffield 022,E02001632,1801,5.52520675436401,325.9606527081551
Sheffield,J01000082,Sheffield 023,E02001633,2304,18.2183596833038,126.46583117532248
Sheffield,J01000082,Sheffield 024,E02001634,1525,1.42160370320129,1072.7321521221936
Sheffield,J01000082,Sheffield 025,E02001635,1201,3.40405324737549,352.81469258037185
Sheffield,J01000082,Sheffield 026,E02001636,926,1.7710014577179,522.8680055369559
Sheffield,J01000082,Sheffield 027,E02001637,1308,4.27974332362366,305.6258053561296
Sheffield,J01000082,Sheffield 028,E02001638,502,0.459702662338257,1092.0102081780417
Sheffield,J01000082,Sheffield 029,E02001639,680,0.819850645141602,829.4193631848061
Sheffield,J01000082,Sheffield 030,E02001640,1035,1.43165010871887,722.9420049611024
Sheffield,J01000082,Sheffield 032,E02001642,1866,3.43755838728333,542.8271435048067
Sheffield,J01000082,Sheffield 033,E02001643,1515,3.31826903549194,456.5633418495249
Sheffield,J01000082,Sheffield 036,E02001646,1022,1.31250767617798,778.6621126484092
Sheffield,J01000082,Sheffield 037,E02001647,1336,2.07854755432129,642.7565235264705
Sheffield,J01000082,Sheffield 038,E02001648,1240,2.12060460603333,584.7388977992773
Sheffield,J01000082,Sheffield 039,E02001649,1751,3.12969078456116,559.4801916654914
Sheffield,J01000082,Sheffield 040,E02001650,616,0.835418037765503,737.3553983196465
Sheffield,J01000082,Sheffield 041,E02001651,2495,31.5852859698029,78.99247777542188
Sheffield,J01000082,Sheffield 042,E02001652,1336,1.53847354808044,868.3932211034327
Sheffield,J01000082,Sheffield 043,E02001653,1413,2.03113335470581,695.6707183830671
Sheffield,J01000082,Sheffield 044,E02001654,1224,2.5379819330749496,482.27293663869193
Sheffield,J01000082,Sheffield 045,E02001655,1560,1.99108888175964,783.4908899804303
Sheffield,J01000082,Sheffield 046,E02001656,1207,1.4022751061706502,860.7440827328742
Sheffield,J01000082,Sheffield 047,E02001657,1865,1.76536379656982,1056.4394736222514
Sheffield,J01000082,Sheffield 048,E02001658,837,1.01781693804932,822.3482717866125
Sheffield,J01000082,Sheffield 049,E02001659,1086,2.30701256080627,470.7386593597295
Sheffield,J01000082,Sheffield 050,E02001660,1538,1.45657260310364,1055.9034247402817
Sheffield,J01000082,Sheffield 051,E02001661,1753,1.55401816098022,1128.0434450613302
Sheffield,J01000082,Sheffield 052,E02001662,1572,1.61740503723145,971.9272314687664
Sheffield,J01000082,Sheffield 053,E02001663,1794,1.39540395513916,1285.6492153349882
Sheffield,J01000082,Sheffield 054,E02001664,1411,1.25331505511475,1125.8142908614568
Sheffield,J01000082,Sheffield 055,E02001665,2905,6.53072608401489,444.8203710626453
Sheffield,J01000082,Sheffield 056,E02001666,1318,2.15180169009399,612.5099752767785
Sheffield,J01000082,Sheffield 059,E02001669,2204,1.39679337718201,1577.8998068035703
Sheffield,J01000082,Sheffield 060,E02001670,668,1.42601939103699,468.4368278570432
Sheffield,J01000082,Sheffield 061,E02001671,1863,1.97960504208374,941.0968149682012
Sheffield,J01000082,Sheffield 062,E02001672,1318,1.77070749452209,744.3352468306604
Sheffield,J01000082,Sheffield 063,E02001673,1737,2.2844320120697,760.3640602226872
Sheffield,J01000082,Sheffield 064,E02001674,2823,4.85438908287048,581.535586004308
Sheffield,J01000082,Sheffield 065,E02001675,1909,2.85953608468628,667.5908061532424
Sheffield,J01000082,Sheffield 066,E02001676,1691,3.31285997167969,510.43509670063935
Sheffield,J01000082,Sheffield 068,E02001678,3388,14.2359596185455,237.9888740051199
Sheffield,J01000082,Sheffield 069,E02001679,1085,1.2499324578704798,868.0469037891243
Sheffield,J01000082,Sheffield 070,E02001680,589,1.3441490908966098,438.19543828066696
Sheffield,J01000082,Sheffield 071,E02001681,1998,2.78065395291138,718.536011253061
Sheffield,J01000082,Sheffield 072,E02006803,2529,5.82079620359802,434.4766440090695
Sheffield,J01000082,Sheffield 073,E02006843,763,1.14291263104248,667.5925869364556
Sheffield,J01000082,Sheffield 074,E02006844,576,0.840823464889526,685.0427278164501
Sheffield,J01000082,Sheffield 075,E02006868,1735,3.2787201251678497,529.1698997672694
Sheffield,J01000082,Sheffield 076,E02006869,2323,3.63418540911865,639.2078935134368
Southampton,J01000087,Southampton 001,E02003549,2246,2.6956217402267497,833.2029551783744
Southampton,J01000087,Southampton 002,E02003550,3381,1.72988581018066,1954.464265850534
Southampton,J01000087,Southampton 003,E02003551,1766,1.88920104639816,934.7866937544588
Southampton,J01000087,Southampton 004,E02003552,2377,1.08859988589859,2183.538718670629
Southampton,J01000087,Southampton 005,E02003553,2278,1.09368102358627,2082.87421183395
Southampton,J01000087,Southampton 006,E02003554,2030,1.84232100821686,1101.8709502557267
Southampton,J01000087,Southampton 007,E02003555,3575,1.55929375415039,2292.704623798038
Southampton,J01000087,Southampton 008,E02003556,2593,1.56173176433182,1660.3363389419203
Southampton,J01000087,Southampton 009,E02003557,1940,1.64096112210083,1182.2339809710588
Southampton,J01000087,Southampton 010,E02003558,2279,1.1837065510635398,1925.3082598489957
Southampton,J01000087,Southampton 011,E02003559,2760,2.46619126016617,1119.1346123795902
Southampton,J01000087,Southampton 012,E02003560,2496,2.4768749328994804,1007.7214504642476
Southampton,J01000087,Southampton 013,E02003561,2166,0.9925403239593512,2182.279095079574
Southampton,J01000087,Southampton 014,E02003562,3177,1.4321198002739,2218.389829811991
Southampton,J01000087,Southampton 015,E02003563,2807,1.05832623141098,2652.3012627757093
Southampton,J01000087,Southampton 016,E02003564,3471,1.36288508451462,2546.8031306807998
Southampton,J01000087,Southampton 017,E02003565,1882,0.623791616500854,3017.033172964137
Southampton,J01000087,Southampton 018,E02003566,2941,1.25690292708588,2339.87839205585
Southampton,J01000087,Southampton 019,E02003567,2967,2.69111911257935,1102.5153015825551
Southampton,J01000087,Southampton 020,E02003568,1982,0.950107847736359,2086.0789695844887
Southampton,J01000087,Southampton 021,E02003569,2436,2.02716675947189,1201.6771627779738
Southampton,J01000087,Southampton 022,E02003570,2520,1.5564794246711702,1619.0384273999562
Southampton,J01000087,Southampton 023,E02003571,1518,1.58215617681885,959.450161900044
Southampton,J01000087,Southampton 024,E02003572,3014,1.3382941461982698,2252.1207378527024
Southampton,J01000087,Southampton 025,E02003573,2881,1.47466780063248,1953.660342189847
Southampton,J01000087,Southampton 026,E02003574,1043,1.57112240350342,663.8566146560138
Southampton,J01000087,Southampton 027,E02003575,711,1.05203174468994,675.8351196042562
Southampton,J01000087,Southampton 028,E02003576,3221,1.30970680228806,2459.3290608042253
Southampton,J01000087,Southampton 029,E02003577,1391,2.11580457175446,657.4331195657451
Southampton,J01000087,Southampton 030,E02003578,1038,1.38002826774979,752.1585059214146
Southampton,J01000087,Southampton 031,E02003579,3678,1.74079274047852,2112.8305021475267
Southampton,J01000087,Southampton 032,E02003580,1629,1.15760784432602,1407.2123024947475
Southampton,J01000087,Eastleigh 009,E02004720,3066,12.1407983927841,252.53693380019237
Southampton,J01000087,Test Valley 015,E02004828,3980,22.2917022683373,178.54177092850887
Southend-on-Sea,J01000088,Southend-on-Sea 001,E02003279,117,2.24388254096985,52.14176672074391
Southend-on-Sea,J01000088,Southend-on-Sea 002,E02003280,38,2.9385878776321404,12.931381187966956
Southend-on-Sea,J01000088,Southend-on-Sea 003,E02003281,329,2.63507165166473,124.85428993634817
Southend-on-Sea,J01000088,Southend-on-Sea 004,E02003282,109,2.49452692380524,43.69565987034028
Southend-on-Sea,J01000088,Southend-on-Sea 005,E02003283,64,2.2581645683288603,28.34160135962224
Southend-on-Sea,J01000088,Southend-on-Sea 006,E02003284,21,3.51403041149139,5.976043898574967
Southend-on-Sea,J01000088,Southend-on-Sea 007,E02003285,10,0.917030066398621,10.90476786576061
Southend-on-Sea,J01000088,Southend-on-Sea 008,E02003286,176,3.0602876055603,57.5109344887134
Southend-on-Sea,J01000088,Southend-on-Sea 009,E02003287,58,4.665767151763919,12.430967537261855
Southend-on-Sea,J01000088,Southend-on-Sea 010,E02003288,90,1.6038102782135,56.1163631525369
Southend-on-Sea,J01000088,Southend-on-Sea 011,E02003289,133,1.52274927615356,87.34202148889268
Southend-on-Sea,J01000088,Southend-on-Sea 012,E02003290,87,1.61740778826904,53.78977437292295
Southend-on-Sea,J01000088,Southend-on-Sea 013,E02003291,94,3.81645223876953,24.63020473441238
Southend-on-Sea,J01000088,Southend-on-Sea 014,E02003292,47,1.24365983737183,37.79168433976526
Southend-on-Sea,J01000088,Southend-on-Sea 015,E02003293,226,1.63500088292694,138.22622504975052
Southend-on-Sea,J01000088,Southend-on-Sea 016,E02003294,173,2.7629408740387,62.61444159936693
Southend-on-Sea,J01000088,Southend-on-Sea 017,E02003295,64,2.85310713394165,22.43168482481138
Stoke on Trent,J01000095,Stoke-on-Trent 001,E02002951,17,4.09688355767822,4.1494955276771925
Stoke on Trent,J01000095,Stoke-on-Trent 002,E02002952,73,4.18542778974915,17.44146683853676
Stoke on Trent,J01000095,Stoke-on-Trent 003,E02002953,7,1.71676886573792,4.077427159649231
Stoke on Trent,J01000095,Stoke-on-Trent 004,E02002954,498,5.61348697942352,88.7149113956157
Stoke on Trent,J01000095,Stoke-on-Trent 005,E02002955,223,2.47335049536896,90.16109945498611
Stoke on Trent,J01000095,Stoke-on-Trent 006,E02002956,237,2.2553001273117097,105.08579196618992
Stoke on Trent,J01000095,Stoke-on-Trent 007,E02002957,2646,3.66154735692596,722.645303219959
Stoke on Trent,J01000095,Stoke-on-Trent 008,E02002958,694,1.91454395922852,362.4884122690255
Stoke on Trent,J01000095,Stoke-on-Trent 009,E02002959,566,2.98611811068726,189.543741747621
Stoke on Trent,J01000095,Stoke-on-Trent 010,E02002960,1448,1.4232555066528298,1017.385840582738
Stoke on Trent,J01000095,Stoke-on-Trent 011,E02002961,219,2.62546554327393,83.41377801016925
Stoke on Trent,J01000095,Stoke-on-Trent 012,E02002962,334,2.9612028690338104,112.79200202483204
Stoke on Trent,J01000095,Stoke-on-Trent 013,E02002963,291,1.15905111264038,251.06744372738365
Stoke on Trent,J01000095,Stoke-on-Trent 014,E02002964,45,3.67833584716797,12.23379317977353
Stoke on Trent,J01000095,Stoke-on-Trent 015,E02002965,1059,3.9362547609710696,269.0374643684765
Stoke on Trent,J01000095,Stoke-on-Trent 016,E02002966,557,3.87639229705811,143.69030720206544
Stoke on Trent,J01000095,Stoke-on-Trent 017,E02002967,259,3.74666578730774,69.1281301036757
Stoke on Trent,J01000095,Stoke-on-Trent 018,E02002968,361,2.81639577259064,128.1780080460556
Stoke on Trent,J01000095,Stoke-on-Trent 019,E02002969,384,1.95844794225311,196.07363142786656
Stoke on Trent,J01000095,Stoke-on-Trent 020,E02002970,141,3.14364375578308,44.85241043633361
Stoke on Trent,J01000095,Stoke-on-Trent 021,E02002971,38,1.60517089848328,23.673491735930455
Stoke on Trent,J01000095,Stoke-on-Trent 022,E02002972,135,2.02663234606934,66.61297016295676
Stoke on Trent,J01000095,Stoke-on-Trent 023,E02002973,103,3.51348013639832,29.31566310364448
Stoke on Trent,J01000095,Stoke-on-Trent 024,E02002974,109,1.97193887797546,55.27554693374044
Stoke on Trent,J01000095,Stoke-on-Trent 025,E02002975,13,1.76262731285095,7.375353771735918
Stoke on Trent,J01000095,Stoke-on-Trent 026,E02002976,64,2.50211778157806,25.57833227164704
Stoke on Trent,J01000095,Stoke-on-Trent 027,E02002977,35,1.85162989635468,18.902265549343745
Stoke on Trent,J01000095,Stoke-on-Trent 028,E02002978,50,1.38035621877289,36.22253395174257
Stoke on Trent,J01000095,Stoke-on-Trent 029,E02002979,51,0.9229534657897952,55.2573904214748
Stoke on Trent,J01000095,Stoke-on-Trent 030,E02002980,1355,3.56134977371979,380.4737209467403
Stoke on Trent,J01000095,Stoke-on-Trent 031,E02002981,640,3.65471663040161,175.11617581406622
Stoke on Trent,J01000095,Stoke-on-Trent 032,E02002982,814,3.46411334314728,234.9807640128916
Stoke on Trent,J01000095,Stoke-on-Trent 033,E02002983,45,1.95234032428741,23.049260131644655
Stoke on Trent,J01000095,Stoke-on-Trent 034,E02002984,2028,3.03955590879822,667.2027298888643
Stoke on Trent,J01000095,Stafford 001,E02006188,192,14.9154353295517,12.872570981525
Stoke on Trent,J01000095,Staffordshire Moorlands 008,E02006211,1545,25.1951883514557,61.321232389625486
Stoke on Trent,J01000095,Staffordshire Moorlands 009,E02006212,240,28.8187866117477,8.32790093605698
Stoke on Trent,J01000095,Staffordshire Moorlands 012,E02006215,804,44.2902407547913,18.15298328250843
Sunderland,J01000096,Sunderland 001,E02001791,130,1.91884274682617,67.74916819787569
Sunderland,J01000096,Sunderland 002,E02001792,590,1.64316949136353,359.0621680240716
Sunderland,J01000096,Sunderland 003,E02001793,78,1.91834420339966,40.660064998642895
Sunderland,J01000096,Sunderland 004,E02001794,325,2.56484926121521,126.71309964080189
Sunderland,J01000096,Sunderland 005,E02001795,175,2.42178836630249,72.26064937589261
Sunderland,J01000096,Sunderland 006,E02001796,310,1.80627279196167,171.62413195812474
Sunderland,J01000096,Sunderland 008,E02001798,107,3.0068292020568803,35.5856594471028
Sunderland,J01000096,Sunderland 011,E02001801,48,0.875352228546143,54.83506916949575
Sunderland,J01000096,Sunderland 012,E02001802,44,1.68413462521362,26.126177409611135
Sunderland,J01000096,Sunderland 013,E02001803,255,2.51508114227295,101.38837897275523
Sunderland,J01000096,Sunderland 014,E02001804,95,2.2647826628112804,41.94662982896393
Sunderland,J01000096,Sunderland 015,E02001805,22,1.2635083378295902,17.411836029345736
Sunderland,J01000096,Sunderland 016,E02001806,190,2.97180453167725,63.93421840997272
Sunderland,J01000096,Sunderland 018,E02001808,18,0.910046892181396,19.779200560592795
Sunderland,J01000096,Sunderland 021,E02001811,102,2.3414403889617903,43.56292839264956
Sunderland,J01000096,Sunderland 022,E02001812,125,2.7064519183807403,46.18593042465244
Sunderland,J01000096,Sunderland 023,E02001813,370,2.23778323059082,165.3421988966789
Sunderland,J01000096,Sunderland 024,E02001814,73,2.2653084308319102,32.22519238724218
Sunderland,J01000096,Sunderland 026,E02001816,1131,2.52376547442627,448.139897094484
Sunderland,J01000096,Sunderland 027,E02001817,571,1.50693620802307,378.9145134080277
Sunderland,J01000096,Sunderland 028,E02001818,78,4.2547098646698,18.33262489827927
Sunderland,J01000096,Sunderland 029,E02001819,2278,3.72031101264954,612.314398515206
Sunderland,J01000096,Sunderland 031,E02001821,1089,7.81743442483521,139.30401469571086
York,J01000112,York 004,E02002775,1647,4.3311176781311,380.27135774124
York,J01000112,York 005,E02002776,1905,6.2271105071106,305.9203779706049
York,J01000112,York 006,E02002777,2929,13.6260755621948,214.9555084023192
York,J01000112,York 007,E02002778,2086,4.10576282084656,508.0663669631777
York,J01000112,York 008,E02002779,3110,18.2136234634705,170.75130636347345
York,J01000112,York 009,E02002780,901,1.10955693743896,812.0358402513856
York,J01000112,York 010,E02002781,1755,1.68711503125,1040.237308952018
York,J01000112,York 012,E02002783,2444,2.68344598240662,910.769218394374
York,J01000112,York 013,E02002784,1619,2.53449092591858,638.787057173315
York,J01000112,York 014,E02002785,2382,6.57159501077271,362.4690803519124
York,J01000112,York 015,E02002786,3073,1.4553957490234402,2111.4531920695526
York,J01000112,York 016,E02002787,1535,1.73212338613892,886.195528727126
York,J01000112,York 017,E02002788,1589,2.15113299150085,738.6805029155131
York,J01000112,York 018,E02002789,1864,1.75178284907532,1064.058824975889
York,J01000112,York 019,E02002790,2822,2.70003947569275,1045.169904145923
York,J01000112,York 021,E02002792,1737,3.75121267677307,463.0502585884389
York,J01000112,York 022,E02002793,3977,3.39292440435791,1172.1451839280287
