CityName,CityCode,MSOAName,MSOACode,Area
Birmingham,J01000007,Birmingham 008,E02001834,1.06765419767761
Birmingham,J01000007,Birmingham 011,E02001837,1.48302147390747
Birmingham,J01000007,Birmingham 013,E02001839,1.8455699677887
Birmingham,J01000007,Birmingham 014,E02001840,1.5482281788482701
Birmingham,J01000007,Birmingham 016,E02001842,1.41958781500244
Birmingham,J01000007,Birmingham 017,E02001843,1.24141410366821
Birmingham,J01000007,Birmingham 019,E02001845,1.15380317276764
Birmingham,J01000007,Birmingham 020,E02001846,1.31222382465363
Birmingham,J01000007,Birmingham 022,E02001848,2.01531796607208
Birmingham,J01000007,Birmingham 023,E02001849,1.33588075590515
Birmingham,J01000007,Birmingham 024,E02001850,2.37209637407684
Birmingham,J01000007,Birmingham 025,E02001851,2.2099001599655197
Birmingham,J01000007,Birmingham 026,E02001852,1.1914851500472998
Birmingham,J01000007,Birmingham 028,E02001854,3.35958017237854
Birmingham,J01000007,Birmingham 029,E02001855,3.07905431175995
Birmingham,J01000007,Birmingham 030,E02001856,1.9295168144531298
Birmingham,J01000007,Birmingham 031,E02001857,2.7261181563873302
Birmingham,J01000007,Birmingham 032,E02001858,1.63274595346069
Birmingham,J01000007,Birmingham 033,E02001859,3.39814079990387
Birmingham,J01000007,Birmingham 034,E02001860,0.988398834495544
Birmingham,J01000007,Birmingham 035,E02001861,1.1732823699569699
Birmingham,J01000007,Birmingham 036,E02001862,2.22714708999634
Birmingham,J01000007,Birmingham 037,E02001863,2.26874416886902
Birmingham,J01000007,Birmingham 038,E02001864,0.940300193740845
Birmingham,J01000007,Birmingham 039,E02001865,1.21960692583466
Birmingham,J01000007,Birmingham 040,E02001866,0.8650865196609501
Birmingham,J01000007,Birmingham 041,E02001867,0.918561423339844
Birmingham,J01000007,Birmingham 042,E02001868,1.773001832901
Birmingham,J01000007,Birmingham 043,E02001869,2.74826999795532
Birmingham,J01000007,Birmingham 044,E02001870,1.7547576334228498
Birmingham,J01000007,Birmingham 045,E02001871,1.67161862014008
Birmingham,J01000007,Birmingham 046,E02001872,1.9489042802658099
Birmingham,J01000007,Birmingham 047,E02001873,1.83896785341644
Birmingham,J01000007,Birmingham 048,E02001874,1.8925655869598401
Birmingham,J01000007,Birmingham 049,E02001875,1.43866004786682
Birmingham,J01000007,Birmingham 050,E02001876,3.20171073634338
Birmingham,J01000007,Birmingham 051,E02001877,1.2406066391983
Birmingham,J01000007,Birmingham 052,E02001878,2.19623729782104
Birmingham,J01000007,Birmingham 053,E02001879,1.62063542228699
Birmingham,J01000007,Birmingham 054,E02001880,1.33679849295807
Birmingham,J01000007,Birmingham 055,E02001881,1.48883677709961
Birmingham,J01000007,Birmingham 056,E02001882,1.5545803890686
Birmingham,J01000007,Birmingham 057,E02001883,2.3531772760391196
Birmingham,J01000007,Birmingham 058,E02001884,1.29284024924469
Birmingham,J01000007,Birmingham 060,E02001886,2.00956442432404
Birmingham,J01000007,Birmingham 062,E02001888,1.24348762333679
Birmingham,J01000007,Birmingham 063,E02001889,0.937921129737854
Birmingham,J01000007,Birmingham 064,E02001890,2.49807014285278
Birmingham,J01000007,Birmingham 066,E02001892,2.06533424061584
Birmingham,J01000007,Birmingham 067,E02001893,1.6036730450591998
Birmingham,J01000007,Birmingham 069,E02001895,2.46605604080963
Birmingham,J01000007,Birmingham 070,E02001896,1.1229037538375901
Birmingham,J01000007,Birmingham 071,E02001897,1.87950837944031
Birmingham,J01000007,Birmingham 072,E02001898,1.10002237689972
Birmingham,J01000007,Birmingham 073,E02001899,2.3062836021347
Birmingham,J01000007,Birmingham 074,E02001900,1.59042429814148
Birmingham,J01000007,Birmingham 075,E02001901,1.6687739715499899
Birmingham,J01000007,Birmingham 076,E02001902,1.12468557904816
Birmingham,J01000007,Birmingham 077,E02001903,0.730162520858765
Birmingham,J01000007,Birmingham 078,E02001904,2.39283710635376
Birmingham,J01000007,Birmingham 079,E02001905,4.37902534991455
Birmingham,J01000007,Birmingham 080,E02001906,1.85150454677582
Birmingham,J01000007,Birmingham 081,E02001907,2.8767301186447103
Birmingham,J01000007,Birmingham 082,E02001908,0.5286219770507811
Birmingham,J01000007,Birmingham 083,E02001909,0.867233394302368
Birmingham,J01000007,Birmingham 084,E02001910,0.880423810966492
Birmingham,J01000007,Birmingham 085,E02001911,1.3862035901413001
Birmingham,J01000007,Birmingham 087,E02001913,2.47397772000885
Birmingham,J01000007,Birmingham 088,E02001914,2.36335515695953
Birmingham,J01000007,Birmingham 089,E02001915,1.9245307565307601
Birmingham,J01000007,Birmingham 090,E02001916,1.45827211103058
Birmingham,J01000007,Birmingham 092,E02001918,1.63812735794067
Birmingham,J01000007,Birmingham 093,E02001919,1.09610989025116
Birmingham,J01000007,Birmingham 094,E02001920,2.77735450263977
Birmingham,J01000007,Birmingham 095,E02001921,1.99955124155426
Birmingham,J01000007,Birmingham 096,E02001922,1.42482147732544
Birmingham,J01000007,Birmingham 097,E02001923,1.74462894823456
Birmingham,J01000007,Birmingham 098,E02001924,1.15629418610382
Birmingham,J01000007,Birmingham 099,E02001925,2.2076670783004797
Birmingham,J01000007,Birmingham 100,E02001926,1.76323612712097
Birmingham,J01000007,Birmingham 101,E02001927,1.51612413506317
Birmingham,J01000007,Birmingham 102,E02001928,1.60379848279572
Birmingham,J01000007,Birmingham 103,E02001929,1.39618670027924
Birmingham,J01000007,Birmingham 104,E02001930,1.28565377576447
Birmingham,J01000007,Birmingham 105,E02001931,2.50326813557434
Birmingham,J01000007,Birmingham 106,E02001932,3.3370076301422102
Birmingham,J01000007,Birmingham 107,E02001933,1.6600048281097401
Birmingham,J01000007,Birmingham 108,E02001934,1.20650804772186
Birmingham,J01000007,Birmingham 109,E02001935,1.96826518704987
Birmingham,J01000007,Birmingham 110,E02001936,1.23246854064178
Birmingham,J01000007,Birmingham 111,E02001937,1.83661074740601
Birmingham,J01000007,Birmingham 112,E02001938,1.84907767814636
Birmingham,J01000007,Birmingham 113,E02001939,1.7182088904953001
Birmingham,J01000007,Birmingham 115,E02001941,1.4024796409454299
Birmingham,J01000007,Birmingham 116,E02001942,1.1629216672973601
Birmingham,J01000007,Birmingham 117,E02001943,1.67835426228333
Birmingham,J01000007,Birmingham 118,E02001944,1.86879282928467
Birmingham,J01000007,Birmingham 119,E02001945,1.60721267634583
Birmingham,J01000007,Birmingham 120,E02001946,1.7985735508270302
Birmingham,J01000007,Birmingham 121,E02001947,1.22756093317413
Birmingham,J01000007,Birmingham 122,E02001948,1.25156931157684
Birmingham,J01000007,Birmingham 123,E02001949,1.9065216418457
Birmingham,J01000007,Birmingham 124,E02001950,1.8813444746780401
Birmingham,J01000007,Birmingham 125,E02001951,1.61583961035156
Birmingham,J01000007,Birmingham 126,E02001952,1.66725703669739
Birmingham,J01000007,Birmingham 127,E02001953,2.1792994107666
Birmingham,J01000007,Birmingham 128,E02001954,1.8386389152450602
Birmingham,J01000007,Birmingham 129,E02001955,2.84913572087097
Birmingham,J01000007,Birmingham 130,E02001956,1.6134345520553601
Birmingham,J01000007,Birmingham 131,E02001957,1.340695597229
Birmingham,J01000007,Sandwell 032,E02002074,1.36821796550751
Birmingham,J01000007,Sandwell 036,E02002078,1.1612241659393299
Birmingham,J01000007,Sandwell 037,E02002079,1.92937420797729
Birmingham,J01000007,Solihull 001,E02002081,1.8558203603363
Birmingham,J01000007,Solihull 002,E02002082,0.6973328870391851
Birmingham,J01000007,Solihull 003,E02002083,1.34614539647675
Birmingham,J01000007,Solihull 004,E02002084,1.45976864077759
Birmingham,J01000007,Solihull 005,E02002085,1.46196631854248
Birmingham,J01000007,Solihull 006,E02002086,1.45968242408752
Birmingham,J01000007,Solihull 007,E02002087,1.2020004090499898
Birmingham,J01000007,Solihull 008,E02002088,1.67985214072418
Birmingham,J01000007,Solihull 009,E02002089,15.0054746484604
Birmingham,J01000007,Walsall 039,E02002148,7.600176213500981
Birmingham,J01000007,Bromsgrove 003,E02006698,5.05819987731934
Birmingham,J01000007,Bromsgrove 004,E02006699,2.19359598743439
Birmingham,J01000007,Bromsgrove 005,E02006700,17.1184091750717
Birmingham,J01000007,Birmingham 132,E02006807,1.44523992145538
Birmingham,J01000007,Birmingham 133,E02006809,3.72639768986511
Birmingham,J01000007,Birmingham 134,E02006895,0.862739068855286
Birmingham,J01000007,Birmingham 135,E02006896,1.2576885998001102
Birmingham,J01000007,Birmingham 136,E02006897,0.837045207397461
Birmingham,J01000007,Birmingham 137,E02006898,1.0362778752975499
Birmingham,J01000007,Birmingham 138,E02006899,1.1190919793624898
Birmingham,J01000007,Birmingham 139,E02006900,2.0083518732223498
Birmingham,J01000007,Birmingham 140,E02006901,2.3791039018478397
Bradford,J01000013,Bradford 017,E02002199,8.915768949798581
Bradford,J01000013,Bradford 019,E02002201,2.71978017160034
Bradford,J01000013,Bradford 024,E02002206,1.8557364120636
Bradford,J01000013,Bradford 026,E02002208,1.49684758525085
Bradford,J01000013,Bradford 027,E02002209,1.58477172216797
Bradford,J01000013,Bradford 028,E02002210,1.3949459365387
Bradford,J01000013,Bradford 029,E02002211,2.2191154395904498
Bradford,J01000013,Bradford 030,E02002212,2.5614580858612097
Bradford,J01000013,Bradford 032,E02002214,1.04415375495911
Bradford,J01000013,Bradford 033,E02002215,1.0941314237518298
Bradford,J01000013,Bradford 034,E02002216,1.75071631707764
Bradford,J01000013,Bradford 035,E02002217,1.98188456100464
Bradford,J01000013,Bradford 036,E02002218,3.23100020147705
Bradford,J01000013,Bradford 037,E02002219,0.780426870056152
Bradford,J01000013,Bradford 038,E02002220,1.3399849327545201
Bradford,J01000013,Bradford 039,E02002221,3.03979274917603
Bradford,J01000013,Bradford 040,E02002222,1.7798977232208302
Bradford,J01000013,Bradford 041,E02002223,2.06790649989319
Bradford,J01000013,Bradford 042,E02002224,1.03466397380066
Bradford,J01000013,Bradford 044,E02002226,1.8209471729583702
Bradford,J01000013,Bradford 045,E02002227,2.16197879193115
Bradford,J01000013,Bradford 046,E02002228,2.5210475310211202
Bradford,J01000013,Bradford 047,E02002229,3.91377042771912
Bradford,J01000013,Bradford 048,E02002230,1.43135265161133
Bradford,J01000013,Bradford 049,E02002231,2.74992306518555
Bradford,J01000013,Bradford 050,E02002232,1.05766883711243
Bradford,J01000013,Bradford 051,E02002233,0.863435340042114
Bradford,J01000013,Bradford 052,E02002234,1.63187592633057
Bradford,J01000013,Bradford 053,E02002235,1.63512510957336
Bradford,J01000013,Bradford 054,E02002236,1.16587078924561
Bradford,J01000013,Bradford 055,E02002237,1.44517417953491
Bradford,J01000013,Bradford 056,E02002238,1.0969631357116698
Bradford,J01000013,Bradford 057,E02002239,12.262229874939
Bradford,J01000013,Bradford 058,E02002240,7.24380109837341
Bradford,J01000013,Bradford 059,E02002241,2.75483766590881
Bradford,J01000013,Bradford 060,E02002242,3.8343602847137497
Bradford,J01000013,Bradford 061,E02002243,5.614035034637451
Bradford,J01000013,Kirklees 001,E02002271,6.71587813735962
Bradford,J01000013,Kirklees 003,E02002273,7.688165615982061
Brighton & Hove,J01000014,Brighton and Hove 001,E02003491,3.17935151351166
Brighton & Hove,J01000014,Brighton and Hove 002,E02003492,6.02890424607849
Brighton & Hove,J01000014,Brighton and Hove 003,E02003493,10.264241547576901
Brighton & Hove,J01000014,Brighton and Hove 004,E02003494,1.68690260542679
Brighton & Hove,J01000014,Brighton and Hove 006,E02003496,5.70667930352783
Brighton & Hove,J01000014,Brighton and Hove 007,E02003497,2.38553791836548
Brighton & Hove,J01000014,Brighton and Hove 008,E02003498,3.59015142448807
Brighton & Hove,J01000014,Brighton and Hove 009,E02003499,3.0656629353714
Brighton & Hove,J01000014,Brighton and Hove 010,E02003500,0.696452768856049
Brighton & Hove,J01000014,Brighton and Hove 011,E02003501,1.8441576072464
Brighton & Hove,J01000014,Brighton and Hove 013,E02003503,1.91204846113968
Brighton & Hove,J01000014,Brighton and Hove 014,E02003504,1.15283117949295
Brighton & Hove,J01000014,Brighton and Hove 015,E02003505,0.58317451209259
Brighton & Hove,J01000014,Brighton and Hove 016,E02003506,0.746685491634369
Brighton & Hove,J01000014,Brighton and Hove 018,E02003508,0.860290873733521
Brighton & Hove,J01000014,Brighton and Hove 019,E02003509,0.740548788131714
Brighton & Hove,J01000014,Brighton and Hove 020,E02003510,0.816640619365692
Brighton & Hove,J01000014,Brighton and Hove 021,E02003511,1.60433738513947
Brighton & Hove,J01000014,Brighton and Hove 022,E02003512,0.47046536063003497
Brighton & Hove,J01000014,Brighton and Hove 023,E02003513,0.80629604253006
Brighton & Hove,J01000014,Brighton and Hove 024,E02003514,0.454255543403625
Brighton & Hove,J01000014,Brighton and Hove 025,E02003515,3.6425495404892
Brighton & Hove,J01000014,Brighton and Hove 026,E02003516,0.46964827594757097
Brighton & Hove,J01000014,Brighton and Hove 027,E02003517,1.37682486426163
Brighton & Hove,J01000014,Brighton and Hove 028,E02003518,0.820994232570648
Brighton & Hove,J01000014,Brighton and Hove 029,E02003519,0.451661941963196
Brighton & Hove,J01000014,Brighton and Hove 030,E02003520,0.647459484169006
Brighton & Hove,J01000014,Brighton and Hove 031,E02003521,0.828159059192657
Brighton & Hove,J01000014,Brighton and Hove 032,E02003522,2.6031608715782197
Bristol,J01000015,Bristol 001,E02003012,3.47459318524551
Bristol,J01000015,Bristol 002,E02003013,2.7617216029624903
Bristol,J01000015,Bristol 003,E02003014,10.878094014164
Bristol,J01000015,Bristol 004,E02003015,1.53933509910202
Bristol,J01000015,Bristol 005,E02003016,1.07412476879501
Bristol,J01000015,Bristol 006,E02003017,1.37902750291061
Bristol,J01000015,Bristol 007,E02003018,2.72348802367783
Bristol,J01000015,Bristol 008,E02003019,7.506387372158049
Bristol,J01000015,Bristol 009,E02003020,2.53296683583069
Bristol,J01000015,Bristol 010,E02003021,1.0716295208053601
Bristol,J01000015,Bristol 011,E02003022,1.27842001237869
Bristol,J01000015,Bristol 012,E02003023,2.55720988892365
Bristol,J01000015,Bristol 013,E02003024,1.7310171702690098
Bristol,J01000015,Bristol 014,E02003025,3.20519545985413
Bristol,J01000015,Bristol 015,E02003026,4.538488324451451
Bristol,J01000015,Bristol 016,E02003027,1.53465068592834
Bristol,J01000015,Bristol 017,E02003028,1.26424832318115
Bristol,J01000015,Bristol 018,E02003029,1.0077388120575
Bristol,J01000015,Bristol 019,E02003030,1.73270259955215
Bristol,J01000015,Bristol 020,E02003031,1.22595640735626
Bristol,J01000015,Bristol 021,E02003032,1.7027154629936199
Bristol,J01000015,Bristol 022,E02003033,0.7770513937873841
Bristol,J01000015,Bristol 023,E02003034,1.25808450477219
Bristol,J01000015,Bristol 025,E02003036,0.801458833194733
Bristol,J01000015,Bristol 026,E02003037,0.830812035701752
Bristol,J01000015,Bristol 027,E02003038,0.93529477407074
Bristol,J01000015,Bristol 028,E02003039,1.1547703090286299
Bristol,J01000015,Bristol 029,E02003040,1.3321486892166101
Bristol,J01000015,Bristol 030,E02003041,1.12520826313019
Bristol,J01000015,Bristol 032,E02003043,2.46967286108398
Bristol,J01000015,Bristol 033,E02003044,1.37196710213089
Bristol,J01000015,Bristol 034,E02003045,0.632237085865021
Bristol,J01000015,Bristol 035,E02003046,1.79357972352219
Bristol,J01000015,Bristol 036,E02003047,1.90183522476196
Bristol,J01000015,Bristol 037,E02003048,0.891454152355194
Bristol,J01000015,Bristol 038,E02003049,3.1353153816490202
Bristol,J01000015,Bristol 039,E02003050,1.47889352460098
Bristol,J01000015,Bristol 040,E02003051,0.958086891971588
Bristol,J01000015,Bristol 041,E02003052,1.74644729912567
Bristol,J01000015,Bristol 042,E02003053,1.43440203102875
Bristol,J01000015,Bristol 043,E02003054,2.44498020298767
Bristol,J01000015,Bristol 044,E02003055,1.4162599314536999
Bristol,J01000015,Bristol 045,E02003056,1.8183492173309301
Bristol,J01000015,Bristol 046,E02003057,2.3912021493454
Bristol,J01000015,Bristol 047,E02003058,2.64296882270432
Bristol,J01000015,Bristol 048,E02003059,1.63835197979736
Bristol,J01000015,Bristol 049,E02003060,3.05870667388535
Bristol,J01000015,Bristol 050,E02003061,1.18422881224823
Bristol,J01000015,Bristol 051,E02003062,1.27088001701736
Bristol,J01000015,Bristol 052,E02003063,1.70879233220673
Bristol,J01000015,Bristol 053,E02003064,2.09391154059601
Bristol,J01000015,South Gloucestershire 020,E02003109,1.4887612582855199
Bristol,J01000015,South Gloucestershire 021,E02003110,3.40840228265762
Bristol,J01000015,South Gloucestershire 022,E02003111,1.50279275486755
Bristol,J01000015,South Gloucestershire 023,E02003112,1.1830840834045402
Bristol,J01000015,South Gloucestershire 025,E02003114,1.36249975310898
Bristol,J01000015,South Gloucestershire 026,E02003115,1.5451569797515898
Bristol,J01000015,South Gloucestershire 027,E02003116,1.3767790171051
Bristol,J01000015,South Gloucestershire 028,E02003117,1.68281130718613
Bristol,J01000015,South Gloucestershire 029,E02003118,3.49917874601364
Bristol,J01000015,South Gloucestershire 030,E02003119,3.94047489451218
Bristol,J01000015,South Gloucestershire 031,E02003120,3.19216963038635
Bristol,J01000015,South Gloucestershire 032,E02003121,4.79011875366592
Bristol,J01000015,Bristol 054,E02006887,1.95349468144608
Bristol,J01000015,Bristol 055,E02006888,0.730078413146973
Bristol,J01000015,Bristol 056,E02006889,1.59040369217682
Bristol,J01000015,Bristol 057,E02006890,1.01317290073776
Cambridge,J01000019,Cambridge 001,E02003719,1.5714056311645501
Cambridge,J01000019,Cambridge 002,E02003720,1.50028999453735
Cambridge,J01000019,Cambridge 003,E02003721,2.6040103985900904
Cambridge,J01000019,Cambridge 004,E02003722,1.52084392666626
Cambridge,J01000019,Cambridge 005,E02003723,3.41490321772766
Cambridge,J01000019,Cambridge 006,E02003724,3.95320425028992
Cambridge,J01000019,Cambridge 007,E02003725,6.1397641748809795
Cambridge,J01000019,Cambridge 008,E02003726,1.05229985423279
Cambridge,J01000019,Cambridge 009,E02003727,1.4912714559631302
Cambridge,J01000019,Cambridge 010,E02003728,1.93670510891724
Cambridge,J01000019,Cambridge 011,E02003729,3.6647737719573996
Cambridge,J01000019,Cambridge 012,E02003730,7.33129506016541
Cambridge,J01000019,Cambridge 013,E02003731,4.51649414768982
Cambridge,J01000019,South Cambridgeshire 007,E02003781,28.2972738802643
Cambridge,J01000019,South Cambridgeshire 009,E02003783,31.7234947147446
Cambridge,J01000019,South Cambridgeshire 011,E02003785,46.0433564368439
Cambridge,J01000019,South Cambridgeshire 012,E02003786,15.798855613449101
Carlisle,J01000021,Carlisle 003,E02003989,3.9584995956420896
Carlisle,J01000021,Carlisle 004,E02003990,35.574495143035904
Carlisle,J01000021,Carlisle 005,E02003991,57.939169870742795
Carlisle,J01000021,Carlisle 006,E02003992,3.7995477216491698
Carlisle,J01000021,Carlisle 008,E02003994,2.09895114846802
Carlisle,J01000021,Carlisle 009,E02003995,2.2273313013916
Carlisle,J01000021,Carlisle 010,E02003996,3.25069096166992
Carlisle,J01000021,Carlisle 011,E02003997,2.40838944132996
Carlisle,J01000021,Carlisle 012,E02003998,1.5679100271453899
Carlisle,J01000021,Carlisle 013,E02003999,86.3115740289917
Coventry,J01000028,Coventry 001,E02001958,2.68118118268585
Coventry,J01000028,Coventry 002,E02001959,4.2863168059082
Coventry,J01000028,Coventry 004,E02001961,1.51020747117615
Coventry,J01000028,Coventry 005,E02001962,1.42754187774658
Coventry,J01000028,Coventry 006,E02001963,1.2851987744140598
Coventry,J01000028,Coventry 007,E02001964,3.29480430976105
Coventry,J01000028,Coventry 008,E02001965,2.25911007432556
Coventry,J01000028,Coventry 009,E02001966,1.17486132144165
Coventry,J01000028,Coventry 010,E02001967,16.3506281602478
Coventry,J01000028,Coventry 011,E02001968,1.5878299036026
Coventry,J01000028,Coventry 012,E02001969,0.9310237552795411
Coventry,J01000028,Coventry 013,E02001970,1.75044749552917
Coventry,J01000028,Coventry 014,E02001971,1.1136903350296
Coventry,J01000028,Coventry 015,E02001972,1.88985236573792
Coventry,J01000028,Coventry 016,E02001973,1.29310591177368
Coventry,J01000028,Coventry 017,E02001974,2.0387829683914203
Coventry,J01000028,Coventry 018,E02001975,1.1956447716827399
Coventry,J01000028,Coventry 019,E02001976,3.36562946766663
Coventry,J01000028,Coventry 020,E02001977,1.47084640218353
Coventry,J01000028,Coventry 021,E02001978,0.998949387413025
Coventry,J01000028,Coventry 022,E02001979,1.38675619406128
Coventry,J01000028,Coventry 023,E02001980,1.37585707926941
Coventry,J01000028,Coventry 024,E02001981,1.2403334405364999
Coventry,J01000028,Coventry 025,E02001982,2.05875176339722
Coventry,J01000028,Coventry 026,E02001983,2.05848592858124
Coventry,J01000028,Coventry 027,E02001984,1.5868918187561
Coventry,J01000028,Coventry 028,E02001985,1.2117964724655201
Coventry,J01000028,Coventry 029,E02001986,1.99201274819946
Coventry,J01000028,Coventry 030,E02001987,0.839364421821594
Coventry,J01000028,Coventry 031,E02001988,2.18388462003326
Coventry,J01000028,Coventry 032,E02001989,1.3079643398056
Coventry,J01000028,Coventry 033,E02001990,2.2667717621841397
Coventry,J01000028,Coventry 034,E02001991,3.34485776991272
Coventry,J01000028,Coventry 035,E02001992,2.85588134113312
Coventry,J01000028,Coventry 036,E02001993,4.0654118908309895
Coventry,J01000028,Coventry 037,E02001994,1.37432198547363
Coventry,J01000028,Coventry 038,E02001995,4.5418976380996705
Coventry,J01000028,Coventry 039,E02001996,1.54223130574036
Coventry,J01000028,Coventry 040,E02001997,2.1616000747985797
Coventry,J01000028,Coventry 041,E02001998,1.31965146074677
Coventry,J01000028,Coventry 042,E02001999,4.67172753897095
Coventry,J01000028,Coventry 043,E02006805,1.31815161444092
Coventry,J01000028,Nuneaton and Bedworth 018,E02006806,5.59448204484558
Derby,J01000031,Derby 001,E02002796,3.34947656098938
Derby,J01000031,Derby 002,E02002797,3.1129098505706803
Derby,J01000031,Derby 003,E02002798,2.36710316955566
Derby,J01000031,Derby 004,E02002799,2.08118632785034
Derby,J01000031,Derby 005,E02002800,3.21169606886292
Derby,J01000031,Derby 006,E02002801,1.60540843548584
Derby,J01000031,Derby 007,E02002802,2.99634954162598
Derby,J01000031,Derby 008,E02002803,1.94690594598389
Derby,J01000031,Derby 009,E02002804,2.09735286447144
Derby,J01000031,Derby 010,E02002805,2.22608979078674
Derby,J01000031,Derby 011,E02002806,0.765085119338989
Derby,J01000031,Derby 012,E02002807,2.8249881446075404
Derby,J01000031,Derby 013,E02002808,2.21383083226013
Derby,J01000031,Derby 014,E02002809,5.72998261528015
Derby,J01000031,Derby 015,E02002810,2.9222769661407497
Derby,J01000031,Derby 016,E02002811,0.998595351715088
Derby,J01000031,Derby 017,E02002812,2.53497511108398
Derby,J01000031,Derby 018,E02002813,1.84013831051636
Derby,J01000031,Derby 019,E02002814,2.13653294398499
Derby,J01000031,Derby 020,E02002815,0.830804979492188
Derby,J01000031,Derby 021,E02002816,3.3488460181732203
Derby,J01000031,Derby 022,E02002817,1.69008952807617
Derby,J01000031,Derby 023,E02002818,1.2933758526306198
Derby,J01000031,Derby 024,E02002819,5.14008301950073
Derby,J01000031,Derby 025,E02002820,1.7222067505645802
Derby,J01000031,Derby 026,E02002821,2.9070991967620903
Derby,J01000031,Derby 027,E02002822,1.67253540673828
Derby,J01000031,Derby 028,E02002823,1.94956806513977
Derby,J01000031,Derby 029,E02002824,5.40125321714783
Derby,J01000031,Derby 030,E02002825,2.7884798003387496
Derby,J01000031,Derby 031,E02002826,2.3002393304595903
Derby,J01000031,South Derbyshire 003,E02004120,16.650636375
Doncaster,J01000032,Doncaster 007,E02001545,13.421400566696201
Doncaster,J01000032,Doncaster 011,E02001549,4.17755990235901
Doncaster,J01000032,Doncaster 015,E02001553,5.34287791345215
Doncaster,J01000032,Doncaster 018,E02001556,2.75377159858704
Doncaster,J01000032,Doncaster 019,E02001557,3.81705029801941
Doncaster,J01000032,Doncaster 021,E02001559,8.718110008377081
Doncaster,J01000032,Doncaster 022,E02001560,3.97491443849182
Doncaster,J01000032,Doncaster 023,E02001561,1.3116538319397
Doncaster,J01000032,Doncaster 024,E02001562,3.03621046685791
Doncaster,J01000032,Doncaster 025,E02001563,2.59536076739502
Doncaster,J01000032,Doncaster 027,E02001565,5.56492508135986
Doncaster,J01000032,Doncaster 028,E02001566,5.98978829148865
Doncaster,J01000032,Doncaster 029,E02001567,2.1762216521911597
Doncaster,J01000032,Doncaster 033,E02001571,31.7214677831421
Doncaster,J01000032,Doncaster 034,E02001572,7.52359359597778
Exeter,J01000035,Exeter 001,E02004149,7.16252263035584
Exeter,J01000035,Exeter 002,E02004150,2.98663730998802
Exeter,J01000035,Exeter 003,E02004151,3.69517742809486
Exeter,J01000035,Exeter 004,E02004152,1.03859413447189
Exeter,J01000035,Exeter 005,E02004153,3.3459730790824898
Exeter,J01000035,Exeter 006,E02004154,1.08737637081528
Exeter,J01000035,Exeter 007,E02004155,1.58900578582764
Exeter,J01000035,Exeter 008,E02004156,1.9138192039165498
Exeter,J01000035,Exeter 009,E02004157,1.43973470181084
Exeter,J01000035,Exeter 010,E02004158,1.0539625912933401
Exeter,J01000035,Exeter 011,E02004159,7.17770246749306
Exeter,J01000035,Exeter 012,E02004160,2.8917485736579898
Exeter,J01000035,Exeter 013,E02004161,1.80386179439926
Exeter,J01000035,Exeter 014,E02004162,5.04864129128838
Leeds,J01000051,Leeds 012,E02002341,13.393985810913101
Leeds,J01000051,Leeds 013,E02002342,3.0270131312561
Leeds,J01000051,Leeds 015,E02002344,1.86980270649719
Leeds,J01000051,Leeds 016,E02002345,5.28925115130615
Leeds,J01000051,Leeds 017,E02002346,1.4687982150421102
Leeds,J01000051,Leeds 018,E02002347,1.88057240794373
Leeds,J01000051,Leeds 019,E02002348,2.3741511293487503
Leeds,J01000051,Leeds 020,E02002349,4.63327768847656
Leeds,J01000051,Leeds 023,E02002352,1.60842136495972
Leeds,J01000051,Leeds 024,E02002353,1.25384061494446
Leeds,J01000051,Leeds 025,E02002354,1.99161312763977
Leeds,J01000051,Leeds 029,E02002358,2.9615255716857902
Leeds,J01000051,Leeds 031,E02002360,1.6290772985839799
Leeds,J01000051,Leeds 032,E02002361,1.9208171963501
Leeds,J01000051,Leeds 033,E02002362,2.5499113131103504
Leeds,J01000051,Leeds 034,E02002363,1.42237671720886
Leeds,J01000051,Leeds 035,E02002364,1.58334734715271
Leeds,J01000051,Leeds 037,E02002366,2.29382254631042
Leeds,J01000051,Leeds 038,E02002367,1.78860180387878
Leeds,J01000051,Leeds 040,E02002369,1.71326681208801
Leeds,J01000051,Leeds 041,E02002370,1.98180665306091
Leeds,J01000051,Leeds 042,E02002371,1.76351527990723
Leeds,J01000051,Leeds 044,E02002373,0.864250288238525
Leeds,J01000051,Leeds 045,E02002374,1.6749392666320801
Leeds,J01000051,Leeds 046,E02002375,2.45215218247986
Leeds,J01000051,Leeds 047,E02002376,1.1066597929840098
Leeds,J01000051,Leeds 048,E02002377,0.513254849136353
Leeds,J01000051,Leeds 050,E02002379,1.2505065931243902
Leeds,J01000051,Leeds 051,E02002380,1.34670460267639
Leeds,J01000051,Leeds 052,E02002381,2.16596827201843
Leeds,J01000051,Leeds 053,E02002382,0.473655761047363
Leeds,J01000051,Leeds 054,E02002383,0.408161997909546
Leeds,J01000051,Leeds 055,E02002384,1.95179561758423
Leeds,J01000051,Leeds 056,E02002385,1.34111818331909
Leeds,J01000051,Leeds 057,E02002386,7.000457807800291
Leeds,J01000051,Leeds 058,E02002387,1.1680991650238
Leeds,J01000051,Leeds 059,E02002388,1.8160130561370902
Leeds,J01000051,Leeds 060,E02002389,2.02462454689026
Leeds,J01000051,Leeds 061,E02002390,1.7803936280517598
Leeds,J01000051,Leeds 063,E02002392,1.32748875402832
Leeds,J01000051,Leeds 064,E02002393,1.37989400302124
Leeds,J01000051,Leeds 065,E02002394,1.08006254888916
Leeds,J01000051,Leeds 067,E02002396,2.09153017739868
Leeds,J01000051,Leeds 068,E02002397,1.83489992987061
Leeds,J01000051,Leeds 069,E02002398,7.946034372131351
Leeds,J01000051,Leeds 070,E02002399,3.94139418122864
Leeds,J01000051,Leeds 071,E02002400,2.58700248461914
Leeds,J01000051,Leeds 072,E02002401,3.74749407330322
Leeds,J01000051,Leeds 073,E02002402,4.21680838742065
Leeds,J01000051,Leeds 075,E02002404,1.7476303768158001
Leeds,J01000051,Leeds 078,E02002407,1.3153324895629899
Leeds,J01000051,Leeds 080,E02002409,4.851543955322271
Leeds,J01000051,Leeds 081,E02002410,2.10798560809326
Leeds,J01000051,Leeds 082,E02002411,2.15329045315552
Leeds,J01000051,Leeds 083,E02002412,4.93576476919556
Leeds,J01000051,Leeds 085,E02002414,1.30126336297607
Leeds,J01000051,Leeds 086,E02002415,0.7157948555297851
Leeds,J01000051,Leeds 090,E02002419,2.91230979179382
Leeds,J01000051,Leeds 091,E02002420,2.0083567811889598
Leeds,J01000051,Leeds 092,E02002421,1.3838047953186001
Leeds,J01000051,Leeds 094,E02002423,1.53347988562012
Leeds,J01000051,Leeds 099,E02002428,3.81705896076965
Leeds,J01000051,Leeds 101,E02002430,2.67830367835999
Leeds,J01000051,Leeds 109,E02006852,4.44799609423828
Leeds,J01000051,Leeds 110,E02006861,1.4774741232147202
Leeds,J01000051,Leeds 111,E02006875,2.51875222961426
Leeds,J01000051,Leeds 112,E02006876,5.20167263380432
Leicester,J01000052,Leicester 001,E02002827,4.98869633712769
Leicester,J01000052,Leicester 002,E02002828,3.6933584569549596
Leicester,J01000052,Leicester 003,E02002829,3.070051717453
Leicester,J01000052,Leicester 004,E02002830,3.9232379579162604
Leicester,J01000052,Leicester 005,E02002831,1.25951710620117
Leicester,J01000052,Leicester 006,E02002832,1.33637322515869
Leicester,J01000052,Leicester 007,E02002833,0.851992432693481
Leicester,J01000052,Leicester 008,E02002834,3.1568312964935297
Leicester,J01000052,Leicester 009,E02002835,3.7049972301788303
Leicester,J01000052,Leicester 010,E02002836,1.16958352864075
Leicester,J01000052,Leicester 011,E02002837,1.12406472894287
Leicester,J01000052,Leicester 012,E02002838,1.82450568165588
Leicester,J01000052,Leicester 013,E02002839,1.4508285162506098
Leicester,J01000052,Leicester 016,E02002842,0.7888774842834471
Leicester,J01000052,Leicester 017,E02002843,0.9766994597015379
Leicester,J01000052,Leicester 018,E02002844,0.965282552688599
Leicester,J01000052,Leicester 019,E02002845,2.22675094024658
Leicester,J01000052,Leicester 020,E02002846,2.7788686974945103
Leicester,J01000052,Leicester 021,E02002847,1.38505297270203
Leicester,J01000052,Leicester 022,E02002848,0.529399605895996
Leicester,J01000052,Leicester 023,E02002849,1.2576209154968299
Leicester,J01000052,Leicester 025,E02002851,3.17016292578125
Leicester,J01000052,Leicester 026,E02002852,2.07561422050476
Leicester,J01000052,Leicester 027,E02002853,1.40158686738586
Leicester,J01000052,Leicester 028,E02002854,1.47696811001587
Leicester,J01000052,Leicester 029,E02002855,1.49310561711121
Leicester,J01000052,Leicester 030,E02002856,2.58863209173584
Leicester,J01000052,Leicester 031,E02002857,1.5470288877868699
Leicester,J01000052,Leicester 032,E02002858,2.10751822209167
Leicester,J01000052,Leicester 034,E02002860,3.3047006266098
Leicester,J01000052,Leicester 035,E02002861,1.64031440019226
Leicester,J01000052,Leicester 036,E02002862,1.36324034020996
Leicester,J01000052,Blaby 002,E02005334,1.57472473834991
Leicester,J01000052,Blaby 003,E02005335,23.407818942733797
Leicester,J01000052,Blaby 004,E02005336,2.47545825251007
Leicester,J01000052,Blaby 005,E02005337,2.49790331541443
Leicester,J01000052,Charnwood 021,E02005365,4.660259669281009
Leicester,J01000052,Leicester 037,E02006815,2.12119132780457
Leicester,J01000052,Harborough 011,E02006816,23.3005235833282
Leicester,J01000052,Leicester 038,E02006817,2.1476039296264604
Leicester,J01000052,Leicester 039,E02006819,2.02914119302368
Leicester,J01000052,Blaby 013,E02006820,5.0679011031799295
Leicester,J01000052,Leicester 040,E02006850,1.16102024668884
Leicester,J01000052,Leicester 041,E02006851,1.2438150699157702
Lincoln,J01000053,Lincoln 001,E02005442,1.17517243778992
Lincoln,J01000053,Lincoln 002,E02005443,1.80992079605103
Lincoln,J01000053,Lincoln 003,E02005444,6.68685055218506
Lincoln,J01000053,Lincoln 004,E02005445,4.0532961628418
Lincoln,J01000053,Lincoln 005,E02005446,1.86146130595398
Lincoln,J01000053,Lincoln 006,E02005447,3.41907793414307
Lincoln,J01000053,Lincoln 007,E02005448,1.9068662566528298
Lincoln,J01000053,Lincoln 008,E02005449,5.81014650047302
Lincoln,J01000053,Lincoln 009,E02005450,3.818150004776
Lincoln,J01000053,Lincoln 010,E02005451,1.7279038290863
Lincoln,J01000053,Lincoln 011,E02005452,3.4172861280212397
Liverpool,J01000054,Knowsley 006,E02001332,1.87409589670563
Liverpool,J01000054,Knowsley 008,E02001334,1.2190260038147
Liverpool,J01000054,Knowsley 010,E02001336,3.2497719393691997
Liverpool,J01000054,Knowsley 011,E02001337,1.8569686553573599
Liverpool,J01000054,Knowsley 012,E02001338,1.09511442596436
Liverpool,J01000054,Knowsley 014,E02001340,1.8470293887710598
Liverpool,J01000054,Knowsley 015,E02001341,2.358807364151
Liverpool,J01000054,Knowsley 016,E02001342,3.38382318278503
Liverpool,J01000054,Knowsley 017,E02001343,21.4065530369949
Liverpool,J01000054,Knowsley 018,E02001344,2.54207990764618
Liverpool,J01000054,Knowsley 019,E02001345,1.31287998951721
Liverpool,J01000054,Knowsley 020,E02001346,3.25136075218964
Liverpool,J01000054,Liverpool 001,E02001347,2.26332881777191
Liverpool,J01000054,Liverpool 002,E02001348,1.05809071111298
Liverpool,J01000054,Liverpool 003,E02001349,1.24819463459778
Liverpool,J01000054,Liverpool 004,E02001350,2.89375895629883
Liverpool,J01000054,Liverpool 005,E02001351,3.03710303406525
Liverpool,J01000054,Liverpool 006,E02001352,1.06115977007294
Liverpool,J01000054,Liverpool 007,E02001353,2.35942730157471
Liverpool,J01000054,Liverpool 008,E02001354,1.67148281544495
Liverpool,J01000054,Liverpool 009,E02001355,1.3439344268493698
Liverpool,J01000054,Liverpool 010,E02001356,1.27474550547791
Liverpool,J01000054,Liverpool 011,E02001357,1.10000569493103
Liverpool,J01000054,Liverpool 012,E02001358,0.5981853022155761
Liverpool,J01000054,Liverpool 013,E02001359,2.89452374144745
Liverpool,J01000054,Liverpool 014,E02001360,2.4001694010925303
Liverpool,J01000054,Liverpool 015,E02001361,1.50800162014771
Liverpool,J01000054,Liverpool 016,E02001362,1.34234879428101
Liverpool,J01000054,Liverpool 017,E02001363,1.56163556994629
Liverpool,J01000054,Liverpool 018,E02001364,1.0345254539032
Liverpool,J01000054,Liverpool 019,E02001365,0.87587858506012
Liverpool,J01000054,Liverpool 020,E02001366,1.53183881686401
Liverpool,J01000054,Liverpool 021,E02001367,2.4748677893524196
Liverpool,J01000054,Liverpool 022,E02001368,3.4240871968841597
Liverpool,J01000054,Liverpool 023,E02001369,2.04835629266357
Liverpool,J01000054,Liverpool 024,E02001370,1.1080871858902002
Liverpool,J01000054,Liverpool 025,E02001371,0.9242127776412961
Liverpool,J01000054,Liverpool 026,E02001372,1.7644981602401701
Liverpool,J01000054,Liverpool 027,E02001373,1.63704564150238
Liverpool,J01000054,Liverpool 028,E02001374,2.32892712457275
Liverpool,J01000054,Liverpool 029,E02001375,0.926156533470154
Liverpool,J01000054,Liverpool 030,E02001376,0.875146184066772
Liverpool,J01000054,Liverpool 031,E02001377,1.74742558847809
Liverpool,J01000054,Liverpool 032,E02001378,1.3466214496994
Liverpool,J01000054,Liverpool 034,E02001380,1.53302169187164
Liverpool,J01000054,Liverpool 035,E02001381,1.29286433074951
Liverpool,J01000054,Liverpool 036,E02001382,1.3016403637924199
Liverpool,J01000054,Liverpool 037,E02001383,1.10252008161926
Liverpool,J01000054,Liverpool 038,E02001384,0.981375179908752
Liverpool,J01000054,Liverpool 039,E02001385,0.945015550773621
Liverpool,J01000054,Liverpool 040,E02001386,1.8425192606582599
Liverpool,J01000054,Liverpool 041,E02001387,1.63691889131927
Liverpool,J01000054,Liverpool 042,E02001388,1.24400759494781
Liverpool,J01000054,Liverpool 043,E02001389,1.10434759375
Liverpool,J01000054,Liverpool 044,E02001390,1.24814107474518
Liverpool,J01000054,Liverpool 045,E02001391,2.63310815461731
Liverpool,J01000054,Liverpool 046,E02001392,1.7460301104965201
Liverpool,J01000054,Liverpool 047,E02001393,3.44689257787323
Liverpool,J01000054,Liverpool 048,E02001394,2.25560414427185
Liverpool,J01000054,Liverpool 049,E02001395,1.28245434381104
Liverpool,J01000054,Liverpool 050,E02001396,1.49000236328125
Liverpool,J01000054,Liverpool 051,E02001397,1.37640567314911
Liverpool,J01000054,Liverpool 052,E02001398,2.28844491653442
Liverpool,J01000054,Liverpool 053,E02001399,1.4492129996261598
Liverpool,J01000054,Liverpool 054,E02001400,3.1452625478363
Liverpool,J01000054,Liverpool 055,E02001401,3.09080475535584
Liverpool,J01000054,Liverpool 056,E02001402,2.52504880241394
Liverpool,J01000054,Liverpool 057,E02001403,1.77028983372498
Liverpool,J01000054,Liverpool 059,E02001405,2.14253074932861
Liverpool,J01000054,Liverpool 060,E02006932,1.4704821665191699
Liverpool,J01000054,Liverpool 061,E02006933,1.6252084463729901
Liverpool,J01000054,Liverpool 062,E02006934,1.30555096375275
Manchester,J01000058,Bury 023,E02001041,1.20720216810608
Manchester,J01000058,Bury 024,E02001042,1.45135074421692
Manchester,J01000058,Bury 025,E02001043,3.55583297520447
Manchester,J01000058,Bury 026,E02001044,1.2863179259033202
Manchester,J01000058,Manchester 001,E02001045,2.4190539921875
Manchester,J01000058,Manchester 002,E02001046,2.47150126419067
Manchester,J01000058,Manchester 003,E02001047,2.33955028022766
Manchester,J01000058,Manchester 004,E02001048,4.75183701119995
Manchester,J01000058,Manchester 005,E02001049,2.16075344836426
Manchester,J01000058,Manchester 006,E02001050,1.67050599478149
Manchester,J01000058,Manchester 007,E02001051,1.35502438905334
Manchester,J01000058,Manchester 008,E02001052,2.01713455647278
Manchester,J01000058,Manchester 009,E02001053,2.73486896244812
Manchester,J01000058,Manchester 011,E02001055,3.41658966044617
Manchester,J01000058,Manchester 012,E02001056,1.8227909056091298
Manchester,J01000058,Manchester 013,E02001057,2.35333254330444
Manchester,J01000058,Manchester 015,E02001059,3.69126294477844
Manchester,J01000058,Manchester 017,E02001061,1.9259413758697501
Manchester,J01000058,Manchester 018,E02001062,2.59389037501526
Manchester,J01000058,Manchester 019,E02001063,1.71114183676147
Manchester,J01000058,Manchester 020,E02001064,2.5948006675109903
Manchester,J01000058,Manchester 021,E02001065,1.9205614036407501
Manchester,J01000058,Manchester 022,E02001066,1.12789751808167
Manchester,J01000058,Manchester 023,E02001067,1.7216836260528599
Manchester,J01000058,Manchester 024,E02001068,1.25651940682983
Manchester,J01000058,Manchester 025,E02001069,0.8788304212036131
Manchester,J01000058,Manchester 026,E02001070,1.54185080744934
Manchester,J01000058,Manchester 027,E02001071,1.44003590924072
Manchester,J01000058,Manchester 028,E02001072,1.0889312502594002
Manchester,J01000058,Manchester 029,E02001073,1.32963015475464
Manchester,J01000058,Manchester 030,E02001074,1.93371222840881
Manchester,J01000058,Manchester 031,E02001075,1.17197782589722
Manchester,J01000058,Manchester 032,E02001076,1.36110395361328
Manchester,J01000058,Manchester 033,E02001077,1.30316647566223
Manchester,J01000058,Manchester 034,E02001078,1.65438842892456
Manchester,J01000058,Manchester 035,E02001079,1.69876926867676
Manchester,J01000058,Manchester 036,E02001080,1.02931222459412
Manchester,J01000058,Manchester 037,E02001081,2.2181461505127
Manchester,J01000058,Manchester 038,E02001082,0.894651766052246
Manchester,J01000058,Manchester 039,E02001083,1.42096254727173
Manchester,J01000058,Manchester 040,E02001084,1.37237031723022
Manchester,J01000058,Manchester 041,E02001085,1.35460820753479
Manchester,J01000058,Manchester 042,E02001086,2.09059581414795
Manchester,J01000058,Manchester 043,E02001087,2.03377702998352
Manchester,J01000058,Manchester 045,E02001089,2.61824780108643
Manchester,J01000058,Stockport 001,E02001187,1.0787483258666999
Manchester,J01000058,Stockport 002,E02001188,1.6811077495269802
Manchester,J01000058,Stockport 003,E02001189,2.2569923709259
Manchester,J01000058,Tameside 014,E02001242,3.04233180221558
Manchester,J01000058,Tameside 019,E02001247,1.7147218822021502
Manchester,J01000058,Trafford 001,E02001259,1.78881460673523
Manchester,J01000058,Trafford 004,E02001262,1.6027060473632802
Manchester,J01000058,Manchester 054,E02006902,1.64373100656128
Manchester,J01000058,Manchester 055,E02006912,1.4625520464172401
Manchester,J01000058,Manchester 056,E02006913,1.70981662367249
Manchester,J01000058,Manchester 057,E02006914,0.635478065994263
Manchester,J01000058,Manchester 058,E02006915,1.8077630950317398
Manchester,J01000058,Manchester 059,E02006916,0.6517302542877199
Manchester,J01000058,Manchester 060,E02006917,0.966070098632813
Newcastle-upon-Tyne,J01000062,Newcastle upon Tyne 001,E02001708,21.7824446811523
Newcastle-upon-Tyne,J01000062,Newcastle upon Tyne 002,E02001709,8.07982196841431
Newcastle-upon-Tyne,J01000062,Newcastle upon Tyne 003,E02001710,1.9889586003875699
Newcastle-upon-Tyne,J01000062,Newcastle upon Tyne 004,E02001711,17.8628855363312
Newcastle-upon-Tyne,J01000062,Newcastle upon Tyne 005,E02001712,2.0630494701995903
Newcastle-upon-Tyne,J01000062,Newcastle upon Tyne 006,E02001713,2.3805586419219997
Newcastle-upon-Tyne,J01000062,Newcastle upon Tyne 007,E02001714,3.00362704006958
Newcastle-upon-Tyne,J01000062,Newcastle upon Tyne 008,E02001715,3.48078951611328
Newcastle-upon-Tyne,J01000062,Newcastle upon Tyne 011,E02001718,1.31547715447998
Newcastle-upon-Tyne,J01000062,Newcastle upon Tyne 012,E02001719,1.98547515078735
Newcastle-upon-Tyne,J01000062,Newcastle upon Tyne 013,E02001720,1.31633129226685
Newcastle-upon-Tyne,J01000062,Newcastle upon Tyne 015,E02001722,2.1259031205291703
Newcastle-upon-Tyne,J01000062,Newcastle upon Tyne 016,E02001723,1.3246133350830098
Newcastle-upon-Tyne,J01000062,Newcastle upon Tyne 017,E02001724,1.23204096090698
Newcastle-upon-Tyne,J01000062,Newcastle upon Tyne 018,E02001725,1.06988317076111
Newcastle-upon-Tyne,J01000062,Newcastle upon Tyne 019,E02001726,2.42877335351563
Newcastle-upon-Tyne,J01000062,Newcastle upon Tyne 020,E02001727,2.12515282852173
Newcastle-upon-Tyne,J01000062,Newcastle upon Tyne 021,E02001728,3.8661636676330597
Newcastle-upon-Tyne,J01000062,Newcastle upon Tyne 022,E02001729,1.6436073331604
Newcastle-upon-Tyne,J01000062,Newcastle upon Tyne 023,E02001730,1.8744598250885
Newcastle-upon-Tyne,J01000062,Newcastle upon Tyne 024,E02001731,5.02378814341736
Newcastle-upon-Tyne,J01000062,Newcastle upon Tyne 025,E02001732,2.05165390979004
Newcastle-upon-Tyne,J01000062,Newcastle upon Tyne 026,E02001733,3.26955407545471
Newcastle-upon-Tyne,J01000062,Newcastle upon Tyne 027,E02001734,2.03572521325684
Newcastle-upon-Tyne,J01000062,Newcastle upon Tyne 028,E02001735,1.07111046601868
Newcastle-upon-Tyne,J01000062,Newcastle upon Tyne 029,E02001736,2.7010693219909703
Newcastle-upon-Tyne,J01000062,Newcastle upon Tyne 030,E02001737,1.8324058348388699
Newcastle-upon-Tyne,J01000062,Newcastle upon Tyne 031,E02006893,2.90085125930786
Norwich,J01000066,Broadland 009,E02005528,3.22155735931396
Norwich,J01000066,Broadland 010,E02005529,3.22802780358887
Norwich,J01000066,Broadland 011,E02005530,2.00872333215332
Norwich,J01000066,Broadland 012,E02005531,3.15869929521179
Norwich,J01000066,Broadland 013,E02005532,5.40323883282471
Norwich,J01000066,Broadland 015,E02005534,2.86542952339172
Norwich,J01000066,Broadland 016,E02005535,4.21188670195007
Norwich,J01000066,Norwich 001,E02005584,5.6705028345794695
Norwich,J01000066,Norwich 002,E02005585,2.7494769222564703
Norwich,J01000066,Norwich 003,E02005586,1.34638201786804
Norwich,J01000066,Norwich 004,E02005587,2.3023763319244397
Norwich,J01000066,Norwich 005,E02005588,3.22779729414368
Norwich,J01000066,Norwich 006,E02005589,3.73067470787048
Norwich,J01000066,Norwich 007,E02005590,2.3506813945922898
Norwich,J01000066,Norwich 009,E02005592,1.15189100093079
Norwich,J01000066,Norwich 010,E02005593,2.85868298609924
Norwich,J01000066,Norwich 011,E02005594,1.9704320609130899
Norwich,J01000066,Norwich 012,E02005595,4.95532692378235
Norwich,J01000066,Norwich 013,E02005596,3.19107123388672
Norwich,J01000066,South Norfolk 001,E02005597,12.3855864524384
Norwich,J01000066,Norwich 014,E02006907,2.14442712583923
Norwich,J01000066,Norwich 015,E02006908,1.3573658809204099
Nottingham,J01000067,Nottingham 001,E02002868,1.58314147868347
Nottingham,J01000067,Nottingham 002,E02002869,2.92324051922607
Nottingham,J01000067,Nottingham 004,E02002871,1.7300094774932901
Nottingham,J01000067,Nottingham 005,E02002872,2.4425719541931197
Nottingham,J01000067,Nottingham 006,E02002873,1.60032679397583
Nottingham,J01000067,Nottingham 007,E02002874,1.8574588788147
Nottingham,J01000067,Nottingham 008,E02002875,1.5193904208679199
Nottingham,J01000067,Nottingham 009,E02002876,2.27000084797668
Nottingham,J01000067,Nottingham 010,E02002877,1.50412657974243
Nottingham,J01000067,Nottingham 011,E02002878,1.6346542739563
Nottingham,J01000067,Nottingham 012,E02002879,1.46646623200989
Nottingham,J01000067,Nottingham 013,E02002880,1.18817760806274
Nottingham,J01000067,Nottingham 014,E02002881,1.97379218765259
Nottingham,J01000067,Nottingham 015,E02002882,1.99960873503113
Nottingham,J01000067,Nottingham 016,E02002883,1.4297070694580098
Nottingham,J01000067,Nottingham 017,E02002884,0.6305368971252441
Nottingham,J01000067,Nottingham 018,E02002885,0.738385167678833
Nottingham,J01000067,Nottingham 019,E02002886,2.34201771354675
Nottingham,J01000067,Nottingham 020,E02002887,2.13286221600342
Nottingham,J01000067,Nottingham 021,E02002888,1.11535279827881
Nottingham,J01000067,Nottingham 022,E02002889,1.37467632432556
Nottingham,J01000067,Nottingham 023,E02002890,1.19402111239624
Nottingham,J01000067,Nottingham 024,E02002891,2.45846890084839
Nottingham,J01000067,Nottingham 025,E02002892,1.72075712063599
Nottingham,J01000067,Nottingham 026,E02002893,1.25111735166931
Nottingham,J01000067,Nottingham 027,E02002894,2.9428241106262196
Nottingham,J01000067,Nottingham 028,E02002895,1.1569241783447302
Nottingham,J01000067,Nottingham 029,E02002896,2.92566973719788
Nottingham,J01000067,Nottingham 030,E02002897,2.59482468519592
Nottingham,J01000067,Nottingham 031,E02002898,5.21032033547974
Nottingham,J01000067,Nottingham 032,E02002899,2.87699908358765
Nottingham,J01000067,Nottingham 038,E02006834,1.3339232355957
Nottingham,J01000067,Gedling 016,E02006835,11.0408444868011
Nottingham,J01000067,Nottingham 039,E02006904,2.1137041238861096
Nottingham,J01000067,Nottingham 040,E02006905,2.41958919297791
Oxford,J01000070,Oxford 001,E02005940,3.87444626506805
Oxford,J01000070,Oxford 002,E02005941,1.88484043935394
Oxford,J01000070,Oxford 003,E02005942,2.07655116172791
Oxford,J01000070,Oxford 004,E02005943,3.6618105037231397
Oxford,J01000070,Oxford 005,E02005944,1.60411910070801
Oxford,J01000070,Oxford 006,E02005945,2.86703192877197
Oxford,J01000070,Oxford 007,E02005946,1.61917193121338
Oxford,J01000070,Oxford 008,E02005947,3.52874942363739
Oxford,J01000070,Oxford 009,E02005948,6.20805383577728
Oxford,J01000070,Oxford 010,E02005949,1.6164364065322898
Oxford,J01000070,Oxford 011,E02005950,1.64821705665588
Oxford,J01000070,Oxford 012,E02005951,2.34816861889648
Oxford,J01000070,Oxford 013,E02005952,4.60436100480652
Oxford,J01000070,Oxford 014,E02005953,1.12405446217346
Oxford,J01000070,Oxford 015,E02005954,2.3054459340667703
Oxford,J01000070,Oxford 016,E02005955,2.43134904203033
Oxford,J01000070,Oxford 017,E02005956,1.2262501183471701
Oxford,J01000070,Oxford 018,E02005957,1.005742436409
Oxford,J01000070,Vale of White Horse 001,E02005978,31.3464172677002
Oxford,J01000070,Vale of White Horse 002,E02005979,18.6199543358307
Plymouth,J01000072,Plymouth 001,E02003122,3.61196693037987
Plymouth,J01000072,Plymouth 002,E02003123,2.7485936052866
Plymouth,J01000072,Plymouth 003,E02003124,2.76908620092297
Plymouth,J01000072,Plymouth 004,E02003125,3.2545745665130603
Plymouth,J01000072,Plymouth 005,E02003126,5.08366657215023
Plymouth,J01000072,Plymouth 006,E02003127,1.90860555758572
Plymouth,J01000072,Plymouth 007,E02003128,2.07348940291977
Plymouth,J01000072,Plymouth 008,E02003129,2.20079921682167
Plymouth,J01000072,Plymouth 009,E02003130,1.8705586765089
Plymouth,J01000072,Plymouth 010,E02003131,2.71774180403805
Plymouth,J01000072,Plymouth 011,E02003132,1.86915148863316
Plymouth,J01000072,Plymouth 012,E02003133,1.77518483557129
Plymouth,J01000072,Plymouth 013,E02003134,1.92972327625752
Plymouth,J01000072,Plymouth 014,E02003135,2.62621369447613
Plymouth,J01000072,Plymouth 015,E02003136,4.2172208600320795
Plymouth,J01000072,Plymouth 016,E02003137,1.94506499611664
Plymouth,J01000072,Plymouth 017,E02003138,1.38578467762184
Plymouth,J01000072,Plymouth 018,E02003139,1.29479225413227
Plymouth,J01000072,Plymouth 019,E02003140,3.6712807849998503
Plymouth,J01000072,Plymouth 020,E02003141,0.822248128745079
Plymouth,J01000072,Plymouth 021,E02003142,2.3586302920188897
Plymouth,J01000072,Plymouth 022,E02003143,1.9056700185050999
Plymouth,J01000072,Plymouth 023,E02003144,0.904425919940948
Plymouth,J01000072,Plymouth 024,E02003145,1.21799575343037
Plymouth,J01000072,Plymouth 025,E02003146,0.8248840102787021
Plymouth,J01000072,Plymouth 026,E02003147,2.07897185233498
Plymouth,J01000072,Plymouth 027,E02003148,1.53064206306458
Plymouth,J01000072,Plymouth 028,E02003149,2.03728925631046
Plymouth,J01000072,Plymouth 029,E02003150,2.23808631433201
Plymouth,J01000072,Plymouth 030,E02003151,4.70016735851097
Plymouth,J01000072,Plymouth 031,E02003152,7.861457597189901
Plymouth,J01000072,Plymouth 032,E02003153,2.40577702455235
Plymouth,J01000072,South Hams 001,E02004189,86.5333272278719
Portsmouth,J01000074,Portsmouth 001,E02003524,1.88237961727905
Portsmouth,J01000074,Portsmouth 002,E02003525,1.9979265321579
Portsmouth,J01000074,Portsmouth 003,E02003526,2.25176266459656
Portsmouth,J01000074,Portsmouth 004,E02003527,3.85360321021652
Portsmouth,J01000074,Portsmouth 006,E02003529,1.49596028274536
Portsmouth,J01000074,Portsmouth 007,E02003530,1.69832843275452
Portsmouth,J01000074,Portsmouth 008,E02003531,3.84506017988586
Portsmouth,J01000074,Portsmouth 009,E02003532,0.78810406861496
Portsmouth,J01000074,Portsmouth 010,E02003533,1.33948550527954
Portsmouth,J01000074,Portsmouth 011,E02003534,0.8387966086120611
Portsmouth,J01000074,Portsmouth 012,E02003535,0.638866119190216
Portsmouth,J01000074,Portsmouth 013,E02003536,1.15523764762497
Portsmouth,J01000074,Portsmouth 014,E02003537,1.51134765893936
Portsmouth,J01000074,Portsmouth 015,E02003538,0.9621981133956911
Portsmouth,J01000074,Portsmouth 016,E02003539,2.5521295533103903
Portsmouth,J01000074,Portsmouth 017,E02003540,2.54893164378738
Portsmouth,J01000074,Portsmouth 018,E02003541,0.68348727117157
Portsmouth,J01000074,Portsmouth 019,E02003542,0.5678377935409551
Portsmouth,J01000074,Portsmouth 020,E02003543,0.582191518768311
Portsmouth,J01000074,Portsmouth 021,E02003544,0.486151219638824
Portsmouth,J01000074,Portsmouth 022,E02003545,0.572217589008331
Portsmouth,J01000074,Portsmouth 023,E02003546,1.8538390462265
Portsmouth,J01000074,Portsmouth 024,E02003547,1.79618097116089
Portsmouth,J01000074,Portsmouth 025,E02003548,0.539951244800568
Portsmouth,J01000074,Fareham 010,E02004736,2.97506129640198
Portsmouth,J01000074,Fareham 012,E02004738,1.8827454169769302
Portsmouth,J01000074,Portsmouth 026,E02006821,3.89704632634354
Preston,J01000075,Preston 003,E02005255,2.28118004876709
Preston,J01000075,Preston 004,E02005256,4.33808603694153
Preston,J01000075,Preston 005,E02005257,1.51799048406982
Preston,J01000075,Preston 006,E02005258,2.7628787829437296
Preston,J01000075,Preston 007,E02005259,2.74803842532349
Preston,J01000075,Preston 008,E02005260,1.83095581781006
Preston,J01000075,Preston 009,E02005261,6.27940308198547
Preston,J01000075,Preston 010,E02005262,9.45589343367004
Preston,J01000075,Preston 011,E02005263,1.27111222605896
Preston,J01000075,Preston 012,E02005264,1.9746710789947501
Preston,J01000075,Preston 013,E02005265,2.56386758918762
Preston,J01000075,Preston 014,E02005266,1.19866426568604
Preston,J01000075,Preston 015,E02005267,0.8327000424499511
Preston,J01000075,Preston 016,E02005268,3.55090891769409
Preston,J01000075,Preston 017,E02005269,2.17501939102173
Salford,J01000080,Salford 010,E02001166,1.2799055188903798
Salford,J01000080,Salford 011,E02001167,2.0360539336547903
Salford,J01000080,Salford 016,E02001172,1.74662877600098
Salford,J01000080,Salford 017,E02001173,2.8677140448303198
Salford,J01000080,Salford 018,E02001174,1.01207613224792
Salford,J01000080,Salford 021,E02001177,3.54051498904419
Salford,J01000080,Salford 022,E02001178,3.26681734819031
Salford,J01000080,Salford 023,E02001179,0.911081055892944
Salford,J01000080,Salford 024,E02001180,0.913927533081055
Salford,J01000080,Salford 028,E02001184,3.08072360974121
Sheffield,J01000082,Rotherham 025,E02001602,5.12327114857483
Sheffield,J01000082,Sheffield 005,E02001615,11.0827869264221
Sheffield,J01000082,Sheffield 006,E02001616,1.6473563248596201
Sheffield,J01000082,Sheffield 007,E02001617,1.6291792425231901
Sheffield,J01000082,Sheffield 009,E02001619,2.3250025275115997
Sheffield,J01000082,Sheffield 010,E02001620,1.4095554823761
Sheffield,J01000082,Sheffield 011,E02001621,1.49305217553711
Sheffield,J01000082,Sheffield 012,E02001622,2.11813330807495
Sheffield,J01000082,Sheffield 013,E02001623,1.5339023777313199
Sheffield,J01000082,Sheffield 014,E02001624,3.5785848950500503
Sheffield,J01000082,Sheffield 015,E02001625,1.49704895480347
Sheffield,J01000082,Sheffield 016,E02001626,0.9021965511627199
Sheffield,J01000082,Sheffield 017,E02001627,3.24375553208923
Sheffield,J01000082,Sheffield 018,E02001628,7.16082084519959
Sheffield,J01000082,Sheffield 019,E02001629,1.7207932160491899
Sheffield,J01000082,Sheffield 020,E02001630,1.98190215409851
Sheffield,J01000082,Sheffield 021,E02001631,1.36915205293274
Sheffield,J01000082,Sheffield 022,E02001632,5.52520675436401
Sheffield,J01000082,Sheffield 023,E02001633,18.2183596833038
Sheffield,J01000082,Sheffield 024,E02001634,1.42160370320129
Sheffield,J01000082,Sheffield 025,E02001635,3.40405324737549
Sheffield,J01000082,Sheffield 026,E02001636,1.7710014577178999
Sheffield,J01000082,Sheffield 027,E02001637,4.27974332362366
Sheffield,J01000082,Sheffield 028,E02001638,0.459702662338257
Sheffield,J01000082,Sheffield 029,E02001639,0.819850645141602
Sheffield,J01000082,Sheffield 030,E02001640,1.43165010871887
Sheffield,J01000082,Sheffield 032,E02001642,3.43755838728333
Sheffield,J01000082,Sheffield 033,E02001643,3.31826903549194
Sheffield,J01000082,Sheffield 036,E02001646,1.31250767617798
Sheffield,J01000082,Sheffield 037,E02001647,2.07854755432129
Sheffield,J01000082,Sheffield 038,E02001648,2.12060460603333
Sheffield,J01000082,Sheffield 039,E02001649,3.12969078456116
Sheffield,J01000082,Sheffield 040,E02001650,0.835418037765503
Sheffield,J01000082,Sheffield 041,E02001651,31.5852859698029
Sheffield,J01000082,Sheffield 042,E02001652,1.53847354808044
Sheffield,J01000082,Sheffield 043,E02001653,2.03113335470581
Sheffield,J01000082,Sheffield 044,E02001654,2.5379819330749496
Sheffield,J01000082,Sheffield 045,E02001655,1.9910888817596402
Sheffield,J01000082,Sheffield 046,E02001656,1.4022751061706502
Sheffield,J01000082,Sheffield 047,E02001657,1.7653637965698201
Sheffield,J01000082,Sheffield 048,E02001658,1.01781693804932
Sheffield,J01000082,Sheffield 049,E02001659,2.30701256080627
Sheffield,J01000082,Sheffield 050,E02001660,1.4565726031036401
Sheffield,J01000082,Sheffield 051,E02001661,1.55401816098022
Sheffield,J01000082,Sheffield 052,E02001662,1.61740503723145
Sheffield,J01000082,Sheffield 053,E02001663,1.39540395513916
Sheffield,J01000082,Sheffield 054,E02001664,1.25331505511475
Sheffield,J01000082,Sheffield 055,E02001665,6.53072608401489
Sheffield,J01000082,Sheffield 056,E02001666,2.15180169009399
Sheffield,J01000082,Sheffield 059,E02001669,1.39679337718201
Sheffield,J01000082,Sheffield 060,E02001670,1.42601939103699
Sheffield,J01000082,Sheffield 061,E02001671,1.97960504208374
Sheffield,J01000082,Sheffield 062,E02001672,1.77070749452209
Sheffield,J01000082,Sheffield 063,E02001673,2.2844320120696997
Sheffield,J01000082,Sheffield 064,E02001674,4.85438908287048
Sheffield,J01000082,Sheffield 065,E02001675,2.85953608468628
Sheffield,J01000082,Sheffield 066,E02001676,3.31285997167969
Sheffield,J01000082,Sheffield 068,E02001678,14.2359596185455
Sheffield,J01000082,Sheffield 069,E02001679,1.2499324578704798
Sheffield,J01000082,Sheffield 070,E02001680,1.3441490908966098
Sheffield,J01000082,Sheffield 071,E02001681,2.78065395291138
Sheffield,J01000082,Sheffield 072,E02006803,5.82079620359802
Sheffield,J01000082,Sheffield 073,E02006843,1.14291263104248
Sheffield,J01000082,Sheffield 074,E02006844,0.840823464889526
Sheffield,J01000082,Sheffield 075,E02006868,3.2787201251678497
Sheffield,J01000082,Sheffield 076,E02006869,3.63418540911865
Southampton,J01000087,Southampton 001,E02003549,2.6956217402267497
Southampton,J01000087,Southampton 002,E02003550,1.72988581018066
Southampton,J01000087,Southampton 003,E02003551,1.88920104639816
Southampton,J01000087,Southampton 004,E02003552,1.0885998858985901
Southampton,J01000087,Southampton 005,E02003553,1.09368102358627
Southampton,J01000087,Southampton 006,E02003554,1.84232100821686
Southampton,J01000087,Southampton 007,E02003555,1.55929375415039
Southampton,J01000087,Southampton 008,E02003556,1.56173176433182
Southampton,J01000087,Southampton 009,E02003557,1.64096112210083
Southampton,J01000087,Southampton 010,E02003558,1.1837065510635398
Southampton,J01000087,Southampton 011,E02003559,2.46619126016617
Southampton,J01000087,Southampton 012,E02003560,2.4768749328994804
Southampton,J01000087,Southampton 013,E02003561,0.9925403239593511
Southampton,J01000087,Southampton 014,E02003562,1.4321198002739
Southampton,J01000087,Southampton 015,E02003563,1.05832623141098
Southampton,J01000087,Southampton 016,E02003564,1.36288508451462
Southampton,J01000087,Southampton 017,E02003565,0.623791616500854
Southampton,J01000087,Southampton 018,E02003566,1.25690292708588
Southampton,J01000087,Southampton 019,E02003567,2.69111911257935
Southampton,J01000087,Southampton 020,E02003568,0.950107847736359
Southampton,J01000087,Southampton 021,E02003569,2.02716675947189
Southampton,J01000087,Southampton 022,E02003570,1.5564794246711702
Southampton,J01000087,Southampton 023,E02003571,1.58215617681885
Southampton,J01000087,Southampton 024,E02003572,1.3382941461982698
Southampton,J01000087,Southampton 025,E02003573,1.47466780063248
Southampton,J01000087,Southampton 026,E02003574,1.5711224035034201
Southampton,J01000087,Southampton 027,E02003575,1.05203174468994
Southampton,J01000087,Southampton 028,E02003576,1.30970680228806
Southampton,J01000087,Southampton 029,E02003577,2.11580457175446
Southampton,J01000087,Southampton 030,E02003578,1.3800282677497901
Southampton,J01000087,Southampton 031,E02003579,1.74079274047852
Southampton,J01000087,Southampton 032,E02003580,1.15760784432602
Southampton,J01000087,Eastleigh 009,E02004720,12.1407983927841
Southampton,J01000087,Test Valley 015,E02004828,22.2917022683373
Southend-on-Sea,J01000088,Southend-on-Sea 001,E02003279,2.24388254096985
Southend-on-Sea,J01000088,Southend-on-Sea 002,E02003280,2.9385878776321404
Southend-on-Sea,J01000088,Southend-on-Sea 003,E02003281,2.63507165166473
Southend-on-Sea,J01000088,Southend-on-Sea 004,E02003282,2.49452692380524
Southend-on-Sea,J01000088,Southend-on-Sea 005,E02003283,2.2581645683288603
Southend-on-Sea,J01000088,Southend-on-Sea 006,E02003284,3.51403041149139
Southend-on-Sea,J01000088,Southend-on-Sea 007,E02003285,0.917030066398621
Southend-on-Sea,J01000088,Southend-on-Sea 008,E02003286,3.0602876055603
Southend-on-Sea,J01000088,Southend-on-Sea 009,E02003287,4.665767151763919
Southend-on-Sea,J01000088,Southend-on-Sea 010,E02003288,1.6038102782135
Southend-on-Sea,J01000088,Southend-on-Sea 011,E02003289,1.52274927615356
Southend-on-Sea,J01000088,Southend-on-Sea 012,E02003290,1.6174077882690399
Southend-on-Sea,J01000088,Southend-on-Sea 013,E02003291,3.81645223876953
Southend-on-Sea,J01000088,Southend-on-Sea 014,E02003292,1.24365983737183
Southend-on-Sea,J01000088,Southend-on-Sea 015,E02003293,1.63500088292694
Southend-on-Sea,J01000088,Southend-on-Sea 016,E02003294,2.7629408740387
Southend-on-Sea,J01000088,Southend-on-Sea 017,E02003295,2.85310713394165
Stoke on Trent,J01000095,Stoke-on-Trent 001,E02002951,4.09688355767822
Stoke on Trent,J01000095,Stoke-on-Trent 002,E02002952,4.18542778974915
Stoke on Trent,J01000095,Stoke-on-Trent 003,E02002953,1.7167688657379199
Stoke on Trent,J01000095,Stoke-on-Trent 004,E02002954,5.61348697942352
Stoke on Trent,J01000095,Stoke-on-Trent 005,E02002955,2.47335049536896
Stoke on Trent,J01000095,Stoke-on-Trent 006,E02002956,2.2553001273117097
Stoke on Trent,J01000095,Stoke-on-Trent 007,E02002957,3.66154735692596
Stoke on Trent,J01000095,Stoke-on-Trent 008,E02002958,1.91454395922852
Stoke on Trent,J01000095,Stoke-on-Trent 009,E02002959,2.98611811068726
Stoke on Trent,J01000095,Stoke-on-Trent 010,E02002960,1.4232555066528298
Stoke on Trent,J01000095,Stoke-on-Trent 011,E02002961,2.62546554327393
Stoke on Trent,J01000095,Stoke-on-Trent 012,E02002962,2.9612028690338104
Stoke on Trent,J01000095,Stoke-on-Trent 013,E02002963,1.15905111264038
Stoke on Trent,J01000095,Stoke-on-Trent 014,E02002964,3.67833584716797
Stoke on Trent,J01000095,Stoke-on-Trent 015,E02002965,3.9362547609710696
Stoke on Trent,J01000095,Stoke-on-Trent 016,E02002966,3.87639229705811
Stoke on Trent,J01000095,Stoke-on-Trent 017,E02002967,3.74666578730774
Stoke on Trent,J01000095,Stoke-on-Trent 018,E02002968,2.81639577259064
Stoke on Trent,J01000095,Stoke-on-Trent 019,E02002969,1.95844794225311
Stoke on Trent,J01000095,Stoke-on-Trent 020,E02002970,3.14364375578308
Stoke on Trent,J01000095,Stoke-on-Trent 021,E02002971,1.60517089848328
Stoke on Trent,J01000095,Stoke-on-Trent 022,E02002972,2.02663234606934
Stoke on Trent,J01000095,Stoke-on-Trent 023,E02002973,3.51348013639832
Stoke on Trent,J01000095,Stoke-on-Trent 024,E02002974,1.9719388779754599
Stoke on Trent,J01000095,Stoke-on-Trent 025,E02002975,1.76262731285095
Stoke on Trent,J01000095,Stoke-on-Trent 026,E02002976,2.5021177815780598
Stoke on Trent,J01000095,Stoke-on-Trent 027,E02002977,1.85162989635468
Stoke on Trent,J01000095,Stoke-on-Trent 028,E02002978,1.38035621877289
Stoke on Trent,J01000095,Stoke-on-Trent 029,E02002979,0.9229534657897951
Stoke on Trent,J01000095,Stoke-on-Trent 030,E02002980,3.56134977371979
Stoke on Trent,J01000095,Stoke-on-Trent 031,E02002981,3.65471663040161
Stoke on Trent,J01000095,Stoke-on-Trent 032,E02002982,3.46411334314728
Stoke on Trent,J01000095,Stoke-on-Trent 033,E02002983,1.95234032428741
Stoke on Trent,J01000095,Stoke-on-Trent 034,E02002984,3.0395559087982202
Stoke on Trent,J01000095,Stafford 001,E02006188,14.9154353295517
Stoke on Trent,J01000095,Staffordshire Moorlands 008,E02006211,25.1951883514557
Stoke on Trent,J01000095,Staffordshire Moorlands 009,E02006212,28.8187866117477
Stoke on Trent,J01000095,Staffordshire Moorlands 012,E02006215,44.2902407547913
Sunderland,J01000096,Sunderland 001,E02001791,1.91884274682617
Sunderland,J01000096,Sunderland 002,E02001792,1.64316949136353
Sunderland,J01000096,Sunderland 003,E02001793,1.91834420339966
Sunderland,J01000096,Sunderland 004,E02001794,2.56484926121521
Sunderland,J01000096,Sunderland 005,E02001795,2.42178836630249
Sunderland,J01000096,Sunderland 006,E02001796,1.80627279196167
Sunderland,J01000096,Sunderland 008,E02001798,3.0068292020568803
Sunderland,J01000096,Sunderland 011,E02001801,0.875352228546143
Sunderland,J01000096,Sunderland 012,E02001802,1.68413462521362
Sunderland,J01000096,Sunderland 013,E02001803,2.51508114227295
Sunderland,J01000096,Sunderland 014,E02001804,2.2647826628112804
Sunderland,J01000096,Sunderland 015,E02001805,1.2635083378295902
Sunderland,J01000096,Sunderland 016,E02001806,2.97180453167725
Sunderland,J01000096,Sunderland 018,E02001808,0.910046892181396
Sunderland,J01000096,Sunderland 021,E02001811,2.3414403889617903
Sunderland,J01000096,Sunderland 022,E02001812,2.7064519183807403
Sunderland,J01000096,Sunderland 023,E02001813,2.2377832305908196
Sunderland,J01000096,Sunderland 024,E02001814,2.2653084308319102
Sunderland,J01000096,Sunderland 026,E02001816,2.52376547442627
Sunderland,J01000096,Sunderland 027,E02001817,1.50693620802307
Sunderland,J01000096,Sunderland 028,E02001818,4.2547098646698
Sunderland,J01000096,Sunderland 029,E02001819,3.72031101264954
Sunderland,J01000096,Sunderland 031,E02001821,7.81743442483521
York,J01000112,York 004,E02002775,4.3311176781311
York,J01000112,York 005,E02002776,6.2271105071106
York,J01000112,York 006,E02002777,13.6260755621948
York,J01000112,York 007,E02002778,4.10576282084656
York,J01000112,York 008,E02002779,18.2136234634705
York,J01000112,York 009,E02002780,1.10955693743896
York,J01000112,York 010,E02002781,1.68711503125
York,J01000112,York 012,E02002783,2.68344598240662
York,J01000112,York 013,E02002784,2.53449092591858
York,J01000112,York 014,E02002785,6.57159501077271
York,J01000112,York 015,E02002786,1.4553957490234402
York,J01000112,York 016,E02002787,1.73212338613892
York,J01000112,York 017,E02002788,2.15113299150085
York,J01000112,York 018,E02002789,1.75178284907532
York,J01000112,York 019,E02002790,2.70003947569275
York,J01000112,York 021,E02002792,3.75121267677307
York,J01000112,York 022,E02002793,3.39292440435791
