CityName,CityCode,RelativeHumidity,Time
Birmingham,J01000007,82.53469447557104,2019-01
Birmingham,J01000007,81.63380552922365,2019-02
Birmingham,J01000007,75.92579027136183,2019-03
Birmingham,J01000007,72.3117040791747,2019-04
Birmingham,J01000007,71.49339716501376,2019-05
Birmingham,J01000007,76.85498920217584,2019-06
Birmingham,J01000007,72.76129780707635,2019-07
Birmingham,J01000007,74.81769680983263,2019-08
Birmingham,J01000007,77.47455307393034,2019-09
Birmingham,J01000007,86.75989373887863,2019-10
Birmingham,J01000007,90.23029760883986,2019-11
Birmingham,J01000007,88.61063115473146,2019-12
Birmingham,J01000007,86.4424435967563,2020-01
Birmingham,J01000007,79.88224508032873,2020-02
Birmingham,J01000007,73.45271373299906,2020-03
Birmingham,J01000007,66.72024338224485,2020-04
Birmingham,J01000007,61.64177369753557,2020-05
Birmingham,J01000007,71.90272296077158,2020-06
Birmingham,J01000007,72.5449264380104,2020-07
Birmingham,J01000007,76.44273263891526,2020-08
Birmingham,J01000007,76.97926690347178,2020-09
Birmingham,J01000007,85.82975484095215,2020-10
Birmingham,J01000007,87.08022358246451,2020-11
Birmingham,J01000007,89.5911325157195,2020-12
Birmingham,J01000007,89.60773545223304,2021-01
Birmingham,J01000007,81.18808813078223,2021-02
Birmingham,J01000007,76.41096675066999,2021-03
Birmingham,J01000007,63.73341483091962,2021-04
Birmingham,J01000007,74.88883423834332,2021-05
Birmingham,J01000007,72.106803605742,2021-06
Birmingham,J01000007,74.5023361458967,2021-07
Birmingham,J01000007,76.49936743608691,2021-08
Birmingham,J01000007,77.36600080877531,2021-09
Birmingham,J01000007,82.80276594665024,2021-10
Birmingham,J01000007,84.3179457975581,2021-11
Birmingham,J01000007,87.53768248135242,2021-12
Bradford,J01000013,87.56678945483854,2019-01
Bradford,J01000013,83.21325372906284,2019-02
Bradford,J01000013,83.06204277207978,2019-03
Bradford,J01000013,76.48573164129162,2019-04
Bradford,J01000013,77.43706758160822,2019-05
Bradford,J01000013,80.8119427637403,2019-06
Bradford,J01000013,78.33846293962226,2019-07
Bradford,J01000013,80.49503350827594,2019-08
Bradford,J01000013,84.25535835926208,2019-09
Bradford,J01000013,88.86870850786512,2019-10
Bradford,J01000013,92.23654445436577,2019-11
Bradford,J01000013,91.06084321736944,2019-12
Bradford,J01000013,88.79273132782156,2020-01
Bradford,J01000013,84.77911983916073,2020-02
Bradford,J01000013,78.59650512043999,2020-03
Bradford,J01000013,70.53440006150488,2020-04
Bradford,J01000013,69.01722500363633,2020-05
Bradford,J01000013,79.90524602763296,2020-06
Bradford,J01000013,81.0484680032469,2020-07
Bradford,J01000013,83.28394398342304,2020-08
Bradford,J01000013,81.91597534919315,2020-09
Bradford,J01000013,88.34838148867561,2020-10
Bradford,J01000013,89.63791011787045,2020-11
Bradford,J01000013,91.9674354518589,2020-12
Bradford,J01000013,91.73425412240483,2021-01
Bradford,J01000013,84.21410395509848,2021-02
Bradford,J01000013,82.07991117553149,2021-03
Bradford,J01000013,68.11259861226381,2021-04
Bradford,J01000013,80.25122226986204,2021-05
Bradford,J01000013,74.86032017234315,2021-06
Bradford,J01000013,78.88608499249061,2021-07
Bradford,J01000013,81.08041600121466,2021-08
Bradford,J01000013,82.37755602933099,2021-09
Bradford,J01000013,85.16825494755341,2021-10
Bradford,J01000013,86.04871554888089,2021-11
Bradford,J01000013,90.74071558351419,2021-12
Brighton & Hove,J01000014,83.0312576693335,2019-01
Brighton & Hove,J01000014,86.56465576900591,2019-02
Brighton & Hove,J01000014,80.79413902533155,2019-03
Brighton & Hove,J01000014,74.61700735373317,2019-04
Brighton & Hove,J01000014,76.3964905302432,2019-05
Brighton & Hove,J01000014,81.34924688216249,2019-06
Brighton & Hove,J01000014,75.17507391774818,2019-07
Brighton & Hove,J01000014,80.06595965331177,2019-08
Brighton & Hove,J01000014,78.4192568200405,2019-09
Brighton & Hove,J01000014,86.32597900968689,2019-10
Brighton & Hove,J01000014,88.46312039419702,2019-11
Brighton & Hove,J01000014,87.64836077385431,2019-12
Brighton & Hove,J01000014,88.89804070205335,2020-01
Brighton & Hove,J01000014,83.76298139697468,2020-02
Brighton & Hove,J01000014,77.49832344251429,2020-03
Brighton & Hove,J01000014,71.91798409067766,2020-04
Brighton & Hove,J01000014,68.61711068210958,2020-05
Brighton & Hove,J01000014,75.30844799082729,2020-06
Brighton & Hove,J01000014,75.7676412277271,2020-07
Brighton & Hove,J01000014,77.10906904864848,2020-08
Brighton & Hove,J01000014,77.94383295444752,2020-09
Brighton & Hove,J01000014,86.3162765322545,2020-10
Brighton & Hove,J01000014,87.96911351439671,2020-11
Brighton & Hove,J01000014,90.12270730479173,2020-12
Brighton & Hove,J01000014,91.04415614196503,2021-01
Brighton & Hove,J01000014,82.54085907124026,2021-02
Brighton & Hove,J01000014,80.35346835383424,2021-03
Brighton & Hove,J01000014,70.22681334942712,2021-04
Brighton & Hove,J01000014,79.30266079389301,2021-05
Brighton & Hove,J01000014,83.43169490364657,2021-06
Brighton & Hove,J01000014,83.07284713460136,2021-07
Brighton & Hove,J01000014,82.58071107392563,2021-08
Brighton & Hove,J01000014,82.84433097360326,2021-09
Brighton & Hove,J01000014,85.10421602655155,2021-10
Brighton & Hove,J01000014,85.38149507523651,2021-11
Brighton & Hove,J01000014,88.4240539547648,2021-12
Bristol,J01000015,83.71193316091755,2019-01
Bristol,J01000015,84.07137940588935,2019-02
Bristol,J01000015,80.22033474561603,2019-03
Bristol,J01000015,72.61290007533934,2019-04
Bristol,J01000015,72.29003669102819,2019-05
Bristol,J01000015,78.62097170987603,2019-06
Bristol,J01000015,72.05503038885502,2019-07
Bristol,J01000015,77.61923329428056,2019-08
Bristol,J01000015,78.91827923729737,2019-09
Bristol,J01000015,87.11113650349336,2019-10
Bristol,J01000015,89.45392259645749,2019-11
Bristol,J01000015,88.83100034901368,2019-12
Bristol,J01000015,88.538665820428,2020-01
Bristol,J01000015,81.76566328185322,2020-02
Bristol,J01000015,76.03178696631892,2020-03
Bristol,J01000015,68.0478028490915,2020-04
Bristol,J01000015,64.80230339551446,2020-05
Bristol,J01000015,73.3195557604177,2020-06
Bristol,J01000015,75.28102106023508,2020-07
Bristol,J01000015,78.87440142508594,2020-08
Bristol,J01000015,78.71856443938925,2020-09
Bristol,J01000015,85.85184337899037,2020-10
Bristol,J01000015,88.49267335030918,2020-11
Bristol,J01000015,89.92233214944315,2020-12
Bristol,J01000015,90.42068774597107,2021-01
Bristol,J01000015,81.90184709770244,2021-02
Bristol,J01000015,78.23277942296139,2021-03
Bristol,J01000015,67.01045336918531,2021-04
Bristol,J01000015,77.88008675016748,2021-05
Bristol,J01000015,76.45528649410912,2021-06
Bristol,J01000015,77.66399463455089,2021-07
Bristol,J01000015,80.79377537661428,2021-08
Bristol,J01000015,81.7874527405446,2021-09
Bristol,J01000015,84.58021355057973,2021-10
Bristol,J01000015,86.03923328272192,2021-11
Bristol,J01000015,87.9871424758613,2021-12
Cambridge,J01000019,84.37658850381904,2019-01
Cambridge,J01000019,83.75718952521835,2019-02
Cambridge,J01000019,77.32269388693017,2019-03
Cambridge,J01000019,74.4374433649866,2019-04
Cambridge,J01000019,74.67507317026055,2019-05
Cambridge,J01000019,77.84216987083707,2019-06
Cambridge,J01000019,71.97321746871529,2019-07
Cambridge,J01000019,72.17709584366688,2019-08
Cambridge,J01000019,76.530739440795,2019-09
Cambridge,J01000019,87.06392949046922,2019-10
Cambridge,J01000019,91.36365313631526,2019-11
Cambridge,J01000019,90.19680275352349,2019-12
Cambridge,J01000019,88.84828592616483,2020-01
Cambridge,J01000019,81.41941670867368,2020-02
Cambridge,J01000019,75.68489057549131,2020-03
Cambridge,J01000019,68.77721290957915,2020-04
Cambridge,J01000019,63.67483192200663,2020-05
Cambridge,J01000019,73.20000838864526,2020-06
Cambridge,J01000019,71.9518645657673,2020-07
Cambridge,J01000019,74.72524085672707,2020-08
Cambridge,J01000019,76.8436774848836,2020-09
Cambridge,J01000019,87.31014564095554,2020-10
Cambridge,J01000019,89.16262476777113,2020-11
Cambridge,J01000019,92.1332440085604,2020-12
Cambridge,J01000019,91.1458789578779,2021-01
Cambridge,J01000019,82.23311204858499,2021-02
Cambridge,J01000019,78.68158995170222,2021-03
Cambridge,J01000019,66.8422225147626,2021-04
Cambridge,J01000019,77.32805860270328,2021-05
Cambridge,J01000019,76.38320599652407,2021-06
Cambridge,J01000019,78.3474261962118,2021-07
Cambridge,J01000019,77.84551557632525,2021-08
Cambridge,J01000019,79.24678205822579,2021-09
Cambridge,J01000019,84.15716894772805,2021-10
Cambridge,J01000019,87.07502524977846,2021-11
Cambridge,J01000019,90.0623673869635,2021-12
Carlisle,J01000021,86.18776387580623,2019-01
Carlisle,J01000021,82.28419074860918,2019-02
Carlisle,J01000021,82.94761501179309,2019-03
Carlisle,J01000021,73.92613108209207,2019-04
Carlisle,J01000021,74.75496801492719,2019-05
Carlisle,J01000021,77.46115821034373,2019-06
Carlisle,J01000021,80.00940240496544,2019-07
Carlisle,J01000021,83.32300628712692,2019-08
Carlisle,J01000021,84.15503968875502,2019-09
Carlisle,J01000021,84.96700090304272,2019-10
Carlisle,J01000021,89.33547885097151,2019-11
Carlisle,J01000021,88.83824001174541,2019-12
Carlisle,J01000021,87.12468677288216,2020-01
Carlisle,J01000021,83.71103694135758,2020-02
Carlisle,J01000021,78.75023253533247,2020-03
Carlisle,J01000021,72.52518303644744,2020-04
Carlisle,J01000021,71.24369237026329,2020-05
Carlisle,J01000021,78.9836849697662,2020-06
Carlisle,J01000021,81.42994190888815,2020-07
Carlisle,J01000021,83.25215951665798,2020-08
Carlisle,J01000021,83.06643331646832,2020-09
Carlisle,J01000021,85.8553921219691,2020-10
Carlisle,J01000021,87.96782496789156,2020-11
Carlisle,J01000021,90.09293670630836,2020-12
Carlisle,J01000021,90.90707692320613,2021-01
Carlisle,J01000021,81.3665393092006,2021-02
Carlisle,J01000021,82.85645983950616,2021-03
Carlisle,J01000021,69.44261495546847,2021-04
Carlisle,J01000021,78.40034969780145,2021-05
Carlisle,J01000021,74.19781623086817,2021-06
Carlisle,J01000021,78.72953591924106,2021-07
Carlisle,J01000021,81.65691355227248,2021-08
Carlisle,J01000021,83.77272819528345,2021-09
Carlisle,J01000021,86.1949229926189,2021-10
Carlisle,J01000021,86.4086995943986,2021-11
Carlisle,J01000021,88.18052490350561,2021-12
Coventry,J01000028,84.88810203955464,2019-01
Coventry,J01000028,83.69319916964471,2019-02
Coventry,J01000028,78.57605647915318,2019-03
Coventry,J01000028,74.90840568617595,2019-04
Coventry,J01000028,74.30628555905743,2019-05
Coventry,J01000028,79.8571856190797,2019-06
Coventry,J01000028,74.44776770795626,2019-07
Coventry,J01000028,75.5113385758143,2019-08
Coventry,J01000028,78.16226501873372,2019-09
Coventry,J01000028,87.88746725441753,2019-10
Coventry,J01000028,91.82820119534209,2019-11
Coventry,J01000028,90.0204907038375,2019-12
Coventry,J01000028,88.1839439169923,2020-01
Coventry,J01000028,81.22420864478866,2020-02
Coventry,J01000028,75.601674176039,2020-03
Coventry,J01000028,68.66684485212863,2020-04
Coventry,J01000028,63.27094685293221,2020-05
Coventry,J01000028,73.64613250901293,2020-06
Coventry,J01000028,74.24190006646845,2020-07
Coventry,J01000028,77.55136680978879,2020-08
Coventry,J01000028,78.64321353908072,2020-09
Coventry,J01000028,87.22261351695037,2020-10
Coventry,J01000028,88.61391558775217,2020-11
Coventry,J01000028,90.98770998829846,2020-12
Coventry,J01000028,91.30530588972323,2021-01
Coventry,J01000028,82.38174233685572,2021-02
Coventry,J01000028,78.72475480917484,2021-03
Coventry,J01000028,66.05383798209266,2021-04
Coventry,J01000028,77.61394716254514,2021-05
Coventry,J01000028,75.12151528892218,2021-06
Coventry,J01000028,77.21801234929856,2021-07
Coventry,J01000028,78.37990068221542,2021-08
Coventry,J01000028,78.94446064698022,2021-09
Coventry,J01000028,83.53991195941914,2021-10
Coventry,J01000028,85.87214246528707,2021-11
Coventry,J01000028,88.76950536072813,2021-12
Derby,J01000031,84.55069781429275,2019-01
Derby,J01000031,82.5280655799047,2019-02
Derby,J01000031,78.56970491802552,2019-03
Derby,J01000031,74.59192545811182,2019-04
Derby,J01000031,74.34906927227962,2019-05
Derby,J01000031,79.67056210348603,2019-06
Derby,J01000031,75.14417919500038,2019-07
Derby,J01000031,76.39761514556992,2019-08
Derby,J01000031,79.80609641847751,2019-09
Derby,J01000031,87.76444428332292,2019-10
Derby,J01000031,91.93423291935194,2019-11
Derby,J01000031,90.30504740437283,2019-12
Derby,J01000031,87.8975670614153,2020-01
Derby,J01000031,81.63894540578421,2020-02
Derby,J01000031,75.5916059782917,2020-03
Derby,J01000031,68.76960916319561,2020-04
Derby,J01000031,64.87467521887682,2020-05
Derby,J01000031,76.02275229828429,2020-06
Derby,J01000031,75.88068113156731,2020-07
Derby,J01000031,78.75982285184693,2020-08
Derby,J01000031,78.28482859541096,2020-09
Derby,J01000031,87.33179955664212,2020-10
Derby,J01000031,88.76417965611333,2020-11
Derby,J01000031,91.20693173910453,2020-12
Derby,J01000031,90.9869132662095,2021-01
Derby,J01000031,82.36596837899465,2021-02
Derby,J01000031,78.550428270894,2021-03
Derby,J01000031,66.13158229988271,2021-04
Derby,J01000031,78.17979950041705,2021-05
Derby,J01000031,74.4581211631672,2021-06
Derby,J01000031,77.51281048268896,2021-07
Derby,J01000031,78.85158945087325,2021-08
Derby,J01000031,79.98109766483131,2021-09
Derby,J01000031,84.270489442856,2021-10
Derby,J01000031,85.50923914851376,2021-11
Derby,J01000031,90.22418322494714,2021-12
Doncaster,J01000032,83.46736304729599,2019-01
Doncaster,J01000032,82.51071076110267,2019-02
Doncaster,J01000032,76.68485788271495,2019-03
Doncaster,J01000032,74.84747553775168,2019-04
Doncaster,J01000032,74.49835478465697,2019-05
Doncaster,J01000032,77.93321207043532,2019-06
Doncaster,J01000032,73.87137909549223,2019-07
Doncaster,J01000032,74.5933192015355,2019-08
Doncaster,J01000032,78.90557608012266,2019-09
Doncaster,J01000032,86.43147726772784,2019-10
Doncaster,J01000032,90.09464271113944,2019-11
Doncaster,J01000032,88.65996045570598,2019-12
Doncaster,J01000032,85.72846944196407,2020-01
Doncaster,J01000032,80.81312272503813,2020-02
Doncaster,J01000032,74.49101931982312,2020-03
Doncaster,J01000032,68.53696652779625,2020-04
Doncaster,J01000032,65.09897558541427,2020-05
Doncaster,J01000032,75.86896029655907,2020-06
Doncaster,J01000032,74.32663088822021,2020-07
Doncaster,J01000032,78.06418736246563,2020-08
Doncaster,J01000032,77.79133434310752,2020-09
Doncaster,J01000032,86.01760338411881,2020-10
Doncaster,J01000032,87.0582278953072,2020-11
Doncaster,J01000032,89.90119780586743,2020-12
Doncaster,J01000032,88.9344423244018,2021-01
Doncaster,J01000032,81.62754402879723,2021-02
Doncaster,J01000032,77.29464445284079,2021-03
Doncaster,J01000032,65.9578266832582,2021-04
Doncaster,J01000032,77.85255328699125,2021-05
Doncaster,J01000032,72.81589234505238,2021-06
Doncaster,J01000032,76.73171507990752,2021-07
Doncaster,J01000032,76.81723453515326,2021-08
Doncaster,J01000032,78.87787375911475,2021-09
Doncaster,J01000032,82.64163353051774,2021-10
Doncaster,J01000032,84.28810766948553,2021-11
Doncaster,J01000032,88.56947311963556,2021-12
Exeter,J01000035,85.49444076711474,2019-01
Exeter,J01000035,85.33327549238442,2019-02
Exeter,J01000035,82.42897478647801,2019-03
Exeter,J01000035,77.5524465449642,2019-04
Exeter,J01000035,76.2917996928339,2019-05
Exeter,J01000035,79.37212171431685,2019-06
Exeter,J01000035,75.34275136607275,2019-07
Exeter,J01000035,80.74907470106417,2019-08
Exeter,J01000035,81.54361697332831,2019-09
Exeter,J01000035,87.50849659800461,2019-10
Exeter,J01000035,87.87098563200388,2019-11
Exeter,J01000035,87.58691236378169,2019-12
Exeter,J01000035,88.59297475228212,2020-01
Exeter,J01000035,82.5599831276255,2020-02
Exeter,J01000035,77.82473012894344,2020-03
Exeter,J01000035,73.66443329471647,2020-04
Exeter,J01000035,68.41574475830298,2020-05
Exeter,J01000035,77.46359103769544,2020-06
Exeter,J01000035,77.73287424712203,2020-07
Exeter,J01000035,82.15453504865344,2020-08
Exeter,J01000035,80.72687523570235,2020-09
Exeter,J01000035,86.32676739264261,2020-10
Exeter,J01000035,88.66758971510592,2020-11
Exeter,J01000035,89.15510088732776,2020-12
Exeter,J01000035,89.53558785035601,2021-01
Exeter,J01000035,83.58732024238644,2021-02
Exeter,J01000035,79.70710103228085,2021-03
Exeter,J01000035,68.0923016078702,2021-04
Exeter,J01000035,80.33640512672378,2021-05
Exeter,J01000035,79.85851489701362,2021-06
Exeter,J01000035,80.88939189370275,2021-07
Exeter,J01000035,82.8584746484274,2021-08
Exeter,J01000035,84.8897524386012,2021-09
Exeter,J01000035,86.7820752980393,2021-10
Exeter,J01000035,87.14256525187258,2021-11
Exeter,J01000035,87.83948196548909,2021-12
Leeds,J01000051,85.38811871583134,2019-01
Leeds,J01000051,82.19488849999526,2019-02
Leeds,J01000051,79.78009422532081,2019-03
Leeds,J01000051,74.60204109993118,2019-04
Leeds,J01000051,75.43499730818952,2019-05
Leeds,J01000051,78.63730613812743,2019-06
Leeds,J01000051,75.82924444749142,2019-07
Leeds,J01000051,77.8063849401927,2019-08
Leeds,J01000051,81.537247535247,2019-09
Leeds,J01000051,87.56155031181007,2019-10
Leeds,J01000051,90.790111539696,2019-11
Leeds,J01000051,89.84493411359826,2019-12
Leeds,J01000051,86.95959270558498,2020-01
Leeds,J01000051,82.09803568409482,2020-02
Leeds,J01000051,76.25685441433085,2020-03
Leeds,J01000051,68.5934472025641,2020-04
Leeds,J01000051,67.02325582860297,2020-05
Leeds,J01000051,77.63292950656381,2020-06
Leeds,J01000051,77.72063821327096,2020-07
Leeds,J01000051,80.88205858762397,2020-08
Leeds,J01000051,80.12187460420336,2020-09
Leeds,J01000051,87.01061668572329,2020-10
Leeds,J01000051,88.05317433881429,2020-11
Leeds,J01000051,91.07372017575597,2020-12
Leeds,J01000051,90.40673165242036,2021-01
Leeds,J01000051,82.38872365152794,2021-02
Leeds,J01000051,79.62775984846834,2021-03
Leeds,J01000051,66.15885081578564,2021-04
Leeds,J01000051,78.78607532396528,2021-05
Leeds,J01000051,73.11522604343565,2021-06
Leeds,J01000051,77.29481713726923,2021-07
Leeds,J01000051,79.02461546266744,2021-08
Leeds,J01000051,80.51189420917959,2021-09
Leeds,J01000051,84.03873672426684,2021-10
Leeds,J01000051,84.7602558695973,2021-11
Leeds,J01000051,89.79141991128041,2021-12
Leicester,J01000052,84.28603455299631,2019-01
Leicester,J01000052,82.5573745971265,2019-02
Leicester,J01000052,77.58753476733342,2019-03
Leicester,J01000052,73.98098503709858,2019-04
Leicester,J01000052,73.79497056130872,2019-05
Leicester,J01000052,78.65103943497162,2019-06
Leicester,J01000052,73.39831631079393,2019-07
Leicester,J01000052,74.3121011673544,2019-08
Leicester,J01000052,78.00897610657671,2019-09
Leicester,J01000052,87.39302126854285,2019-10
Leicester,J01000052,91.65524804591985,2019-11
Leicester,J01000052,90.0774310571395,2019-12
Leicester,J01000052,87.76374746373124,2020-01
Leicester,J01000052,80.77010217779046,2020-02
Leicester,J01000052,75.09763585271189,2020-03
Leicester,J01000052,67.95790114799539,2020-04
Leicester,J01000052,63.23893827554764,2020-05
Leicester,J01000052,73.91897140044833,2020-06
Leicester,J01000052,73.364916514418,2020-07
Leicester,J01000052,76.70947906224667,2020-08
Leicester,J01000052,77.47789972071139,2020-09
Leicester,J01000052,86.9596024864499,2020-10
Leicester,J01000052,88.53240646567816,2020-11
Leicester,J01000052,91.17613990260979,2020-12
Leicester,J01000052,90.67838231337753,2021-01
Leicester,J01000052,81.73735401347119,2021-02
Leicester,J01000052,78.06261051337354,2021-03
Leicester,J01000052,65.40665957090377,2021-04
Leicester,J01000052,77.21085386844237,2021-05
Leicester,J01000052,74.27274238738227,2021-06
Leicester,J01000052,76.64533991176992,2021-07
Leicester,J01000052,77.38057181621227,2021-08
Leicester,J01000052,78.7571272197222,2021-09
Leicester,J01000052,83.46230837490911,2021-10
Leicester,J01000052,85.65546298882653,2021-11
Leicester,J01000052,89.54831881091825,2021-12
Lincoln,J01000053,84.7345769534062,2019-01
Lincoln,J01000053,83.79954117407071,2019-02
Lincoln,J01000053,77.26693069510317,2019-03
Lincoln,J01000053,76.9345733926581,2019-04
Lincoln,J01000053,75.96597248590936,2019-05
Lincoln,J01000053,80.03707507017954,2019-06
Lincoln,J01000053,75.11665237724262,2019-07
Lincoln,J01000053,74.36677326629469,2019-08
Lincoln,J01000053,79.0028620351442,2019-09
Lincoln,J01000053,87.7119601985329,2019-10
Lincoln,J01000053,91.88889603820635,2019-11
Lincoln,J01000053,89.72802552194338,2019-12
Lincoln,J01000053,86.90411879068128,2020-01
Lincoln,J01000053,80.82084066188479,2020-02
Lincoln,J01000053,75.48475529214416,2020-03
Lincoln,J01000053,68.88499404961598,2020-04
Lincoln,J01000053,64.44669413679765,2020-05
Lincoln,J01000053,76.52811528460198,2020-06
Lincoln,J01000053,74.23606217151404,2020-07
Lincoln,J01000053,77.68420159999954,2020-08
Lincoln,J01000053,77.00903816516582,2020-09
Lincoln,J01000053,86.74711244684657,2020-10
Lincoln,J01000053,88.15671605149038,2020-11
Lincoln,J01000053,90.91733712980337,2020-12
Lincoln,J01000053,89.85716431928446,2021-01
Lincoln,J01000053,81.94196392413205,2021-02
Lincoln,J01000053,77.33917614219388,2021-03
Lincoln,J01000053,66.4685363013448,2021-04
Lincoln,J01000053,77.96021794601972,2021-05
Lincoln,J01000053,74.73178507442044,2021-06
Lincoln,J01000053,78.18016544891042,2021-07
Lincoln,J01000053,76.8238675597905,2021-08
Lincoln,J01000053,78.32803534577045,2021-09
Lincoln,J01000053,82.16838711440677,2021-10
Lincoln,J01000053,85.23886642864304,2021-11
Lincoln,J01000053,89.51133919019094,2021-12
Liverpool,J01000054,83.74426095733186,2019-01
Liverpool,J01000054,78.86166568376491,2019-02
Liverpool,J01000054,78.6126187382305,2019-03
Liverpool,J01000054,69.62282868696748,2019-04
Liverpool,J01000054,73.1390808235671,2019-05
Liverpool,J01000054,75.92375023251512,2019-06
Liverpool,J01000054,75.87303975911226,2019-07
Liverpool,J01000054,76.40618182638347,2019-08
Liverpool,J01000054,80.2443588275302,2019-09
Liverpool,J01000054,84.26222654247084,2019-10
Liverpool,J01000054,87.8897528544945,2019-11
Liverpool,J01000054,87.8825375034789,2019-12
Liverpool,J01000054,84.83831837838267,2020-01
Liverpool,J01000054,77.90934264953641,2020-02
Liverpool,J01000054,73.29063167439088,2020-03
Liverpool,J01000054,67.82766929795837,2020-04
Liverpool,J01000054,64.93100882894383,2020-05
Liverpool,J01000054,75.07848188426586,2020-06
Liverpool,J01000054,76.96036814875862,2020-07
Liverpool,J01000054,78.93308521414137,2020-08
Liverpool,J01000054,79.28641829140979,2020-09
Liverpool,J01000054,84.4416663722861,2020-10
Liverpool,J01000054,85.15790415652299,2020-11
Liverpool,J01000054,89.4341172781685,2020-12
Liverpool,J01000054,87.71751907901395,2021-01
Liverpool,J01000054,78.83253141731153,2021-02
Liverpool,J01000054,78.94535971117692,2021-03
Liverpool,J01000054,66.83877269653594,2021-04
Liverpool,J01000054,77.13308323486123,2021-05
Liverpool,J01000054,72.98319983442452,2021-06
Liverpool,J01000054,77.45291295483955,2021-07
Liverpool,J01000054,78.19312946793272,2021-08
Liverpool,J01000054,80.61167406565993,2021-09
Liverpool,J01000054,83.00021212391474,2021-10
Liverpool,J01000054,83.02507477808771,2021-11
Liverpool,J01000054,88.38804784781249,2021-12
Manchester,J01000058,85.45891660500521,2019-01
Manchester,J01000058,80.33655302771061,2019-02
Manchester,J01000058,79.33112076061956,2019-03
Manchester,J01000058,71.41228814675665,2019-04
Manchester,J01000058,73.92598553821723,2019-05
Manchester,J01000058,77.64517892901182,2019-06
Manchester,J01000058,76.15365355686647,2019-07
Manchester,J01000058,77.59031554086515,2019-08
Manchester,J01000058,81.66983533736114,2019-09
Manchester,J01000058,86.61367582942604,2019-10
Manchester,J01000058,89.74879588840027,2019-11
Manchester,J01000058,89.17050364502802,2019-12
Manchester,J01000058,86.59089298813775,2020-01
Manchester,J01000058,80.3994994363194,2020-02
Manchester,J01000058,74.04769096570924,2020-03
Manchester,J01000058,67.24698061798502,2020-04
Manchester,J01000058,65.37121402294935,2020-05
Manchester,J01000058,75.4252622841952,2020-06
Manchester,J01000058,77.63634599373106,2020-07
Manchester,J01000058,79.8428908761256,2020-08
Manchester,J01000058,79.78241716258903,2020-09
Manchester,J01000058,86.68661937243954,2020-10
Manchester,J01000058,87.5520877735141,2020-11
Manchester,J01000058,90.64258198564684,2020-12
Manchester,J01000058,89.52388082437274,2021-01
Manchester,J01000058,80.38909237535947,2021-02
Manchester,J01000058,78.87600285130573,2021-03
Manchester,J01000058,65.86736456519175,2021-04
Manchester,J01000058,77.92716744305118,2021-05
Manchester,J01000058,72.27987124308157,2021-06
Manchester,J01000058,77.45189722452572,2021-07
Manchester,J01000058,78.76312001755619,2021-08
Manchester,J01000058,80.70043701068117,2021-09
Manchester,J01000058,84.10998055026164,2021-10
Manchester,J01000058,85.3442129714928,2021-11
Manchester,J01000058,89.41683789176832,2021-12
Newcastle-upon-Tyne,J01000062,82.58108857633565,2019-01
Newcastle-upon-Tyne,J01000062,81.27451154422562,2019-02
Newcastle-upon-Tyne,J01000062,79.30023810763898,2019-03
Newcastle-upon-Tyne,J01000062,77.95269639980408,2019-04
Newcastle-upon-Tyne,J01000062,77.87438564508399,2019-05
Newcastle-upon-Tyne,J01000062,79.49556855967495,2019-06
Newcastle-upon-Tyne,J01000062,79.35524107973166,2019-07
Newcastle-upon-Tyne,J01000062,80.97238004244304,2019-08
Newcastle-upon-Tyne,J01000062,82.24797314880715,2019-09
Newcastle-upon-Tyne,J01000062,85.48880412564418,2019-10
Newcastle-upon-Tyne,J01000062,90.73946941533168,2019-11
Newcastle-upon-Tyne,J01000062,87.98872938356772,2019-12
Newcastle-upon-Tyne,J01000062,84.71627211662843,2020-01
Newcastle-upon-Tyne,J01000062,81.78267943614954,2020-02
Newcastle-upon-Tyne,J01000062,77.00593660922843,2020-03
Newcastle-upon-Tyne,J01000062,72.3348709898229,2020-04
Newcastle-upon-Tyne,J01000062,71.54469192287758,2020-05
Newcastle-upon-Tyne,J01000062,81.53477431404609,2020-06
Newcastle-upon-Tyne,J01000062,78.38287239978744,2020-07
Newcastle-upon-Tyne,J01000062,83.4059879442224,2020-08
Newcastle-upon-Tyne,J01000062,81.34859807512792,2020-09
Newcastle-upon-Tyne,J01000062,86.89685466969182,2020-10
Newcastle-upon-Tyne,J01000062,87.8340980526002,2020-11
Newcastle-upon-Tyne,J01000062,90.43512949352774,2020-12
Newcastle-upon-Tyne,J01000062,88.26931240755798,2021-01
Newcastle-upon-Tyne,J01000062,81.30005176980578,2021-02
Newcastle-upon-Tyne,J01000062,79.96531383605652,2021-03
Newcastle-upon-Tyne,J01000062,69.1280131105198,2021-04
Newcastle-upon-Tyne,J01000062,81.1319835425605,2021-05
Newcastle-upon-Tyne,J01000062,75.34949531488982,2021-06
Newcastle-upon-Tyne,J01000062,80.59515656028341,2021-07
Newcastle-upon-Tyne,J01000062,81.31027193765213,2021-08
Newcastle-upon-Tyne,J01000062,82.80477258506595,2021-09
Newcastle-upon-Tyne,J01000062,84.98944724753795,2021-10
Newcastle-upon-Tyne,J01000062,85.7447899778957,2021-11
Newcastle-upon-Tyne,J01000062,89.46393494806217,2021-12
Norwich,J01000066,85.49085159024307,2019-01
Norwich,J01000066,82.72775979069965,2019-02
Norwich,J01000066,76.46682084502369,2019-03
Norwich,J01000066,77.66244757715545,2019-04
Norwich,J01000066,77.67364698924803,2019-05
Norwich,J01000066,79.14619411842328,2019-06
Norwich,J01000066,74.05172262442213,2019-07
Norwich,J01000066,70.74192585642379,2019-08
Norwich,J01000066,76.34507605741757,2019-09
Norwich,J01000066,86.55586812752935,2019-10
Norwich,J01000066,89.8778063164244,2019-11
Norwich,J01000066,89.52852042803494,2019-12
Norwich,J01000066,88.44669410490708,2020-01
Norwich,J01000066,80.13597496711611,2020-02
Norwich,J01000066,76.09829142515308,2020-03
Norwich,J01000066,72.07244863088303,2020-04
Norwich,J01000066,66.9892747499926,2020-05
Norwich,J01000066,75.94282826392025,2020-06
Norwich,J01000066,72.98203837533318,2020-07
Norwich,J01000066,75.58337356014036,2020-08
Norwich,J01000066,78.83913714914507,2020-09
Norwich,J01000066,87.50767358612288,2020-10
Norwich,J01000066,88.65735166297173,2020-11
Norwich,J01000066,92.27528349355917,2020-12
Norwich,J01000066,90.12185099390729,2021-01
Norwich,J01000066,81.9025462627339,2021-02
Norwich,J01000066,79.81628067819487,2021-03
Norwich,J01000066,70.80554097086461,2021-04
Norwich,J01000066,79.46752162348093,2021-05
Norwich,J01000066,78.28752737146125,2021-06
Norwich,J01000066,80.95800425191807,2021-07
Norwich,J01000066,79.10645644673421,2021-08
Norwich,J01000066,79.9582448436628,2021-09
Norwich,J01000066,84.2660868585416,2021-10
Norwich,J01000066,87.87524432015084,2021-11
Norwich,J01000066,90.48721004678718,2021-12
Nottingham,J01000067,83.25092326415154,2019-01
Nottingham,J01000067,81.90341916274357,2019-02
Nottingham,J01000067,77.41556368292551,2019-03
Nottingham,J01000067,74.11966096398957,2019-04
Nottingham,J01000067,73.14710814189719,2019-05
Nottingham,J01000067,78.65611447189708,2019-06
Nottingham,J01000067,73.70853217963531,2019-07
Nottingham,J01000067,75.37188754543352,2019-08
Nottingham,J01000067,79.27196376712472,2019-09
Nottingham,J01000067,87.49717874346338,2019-10
Nottingham,J01000067,91.93270320639893,2019-11
Nottingham,J01000067,90.14715085095517,2019-12
Nottingham,J01000067,87.10768342343943,2020-01
Nottingham,J01000067,80.97306166747232,2020-02
Nottingham,J01000067,74.84489698837058,2020-03
Nottingham,J01000067,67.88760341152327,2020-04
Nottingham,J01000067,64.21434958426265,2020-05
Nottingham,J01000067,75.59947467214147,2020-06
Nottingham,J01000067,74.74600432714698,2020-07
Nottingham,J01000067,77.90065956739095,2020-08
Nottingham,J01000067,77.24005919222462,2020-09
Nottingham,J01000067,87.06049314418124,2020-10
Nottingham,J01000067,88.51231532953358,2020-11
Nottingham,J01000067,91.22969948114286,2020-12
Nottingham,J01000067,90.7872730886889,2021-01
Nottingham,J01000067,82.07366795757913,2021-02
Nottingham,J01000067,77.58080420519921,2021-03
Nottingham,J01000067,65.05879889376524,2021-04
Nottingham,J01000067,77.37892325962241,2021-05
Nottingham,J01000067,73.12901856644906,2021-06
Nottingham,J01000067,76.43086377084258,2021-07
Nottingham,J01000067,78.15414343143372,2021-08
Nottingham,J01000067,79.62899904859874,2021-09
Nottingham,J01000067,84.05644087099368,2021-10
Nottingham,J01000067,84.64392183429953,2021-11
Nottingham,J01000067,90.57839811904734,2021-12
Oxford,J01000070,84.19346453560313,2019-01
Oxford,J01000070,84.28206830527995,2019-02
Oxford,J01000070,78.4302473710265,2019-03
Oxford,J01000070,73.53401650647957,2019-04
Oxford,J01000070,72.20035358456262,2019-05
Oxford,J01000070,78.26592899796552,2019-06
Oxford,J01000070,71.62348257925214,2019-07
Oxford,J01000070,75.03904621852442,2019-08
Oxford,J01000070,77.30487349596646,2019-09
Oxford,J01000070,87.30989612942786,2019-10
Oxford,J01000070,91.38332159764663,2019-11
Oxford,J01000070,89.7673345991176,2019-12
Oxford,J01000070,88.68304047456633,2020-01
Oxford,J01000070,81.7492335357291,2020-02
Oxford,J01000070,75.52845158228413,2020-03
Oxford,J01000070,67.4708513804125,2020-04
Oxford,J01000070,62.14557741969454,2020-05
Oxford,J01000070,72.34755437060706,2020-06
Oxford,J01000070,73.13329371259678,2020-07
Oxford,J01000070,76.54668034498192,2020-08
Oxford,J01000070,77.68031723252224,2020-09
Oxford,J01000070,86.84424687700128,2020-10
Oxford,J01000070,89.03475821495284,2020-11
Oxford,J01000070,90.97470935876038,2020-12
Oxford,J01000070,90.64236041768284,2021-01
Oxford,J01000070,81.28439770603599,2021-02
Oxford,J01000070,77.86945345280265,2021-03
Oxford,J01000070,65.93794537169751,2021-04
Oxford,J01000070,76.29753843571427,2021-05
Oxford,J01000070,75.94877644946935,2021-06
Oxford,J01000070,76.95481864123157,2021-07
Oxford,J01000070,78.50059991026457,2021-08
Oxford,J01000070,79.49766667143692,2021-09
Oxford,J01000070,84.34421034155581,2021-10
Oxford,J01000070,86.54970765838947,2021-11
Oxford,J01000070,88.67140453267744,2021-12
Plymouth,J01000072,1e+20,2019-01
Plymouth,J01000072,1e+20,2019-02
Plymouth,J01000072,1e+20,2019-03
Plymouth,J01000072,1e+20,2019-04
Plymouth,J01000072,1e+20,2019-05
Plymouth,J01000072,1e+20,2019-06
Plymouth,J01000072,1e+20,2019-07
Plymouth,J01000072,1e+20,2019-08
Plymouth,J01000072,1e+20,2019-09
Plymouth,J01000072,1e+20,2019-10
Plymouth,J01000072,1e+20,2019-11
Plymouth,J01000072,1e+20,2019-12
Plymouth,J01000072,1e+20,2020-01
Plymouth,J01000072,1e+20,2020-02
Plymouth,J01000072,1e+20,2020-03
Plymouth,J01000072,1e+20,2020-04
Plymouth,J01000072,1e+20,2020-05
Plymouth,J01000072,1e+20,2020-06
Plymouth,J01000072,1e+20,2020-07
Plymouth,J01000072,1e+20,2020-08
Plymouth,J01000072,1e+20,2020-09
Plymouth,J01000072,1e+20,2020-10
Plymouth,J01000072,1e+20,2020-11
Plymouth,J01000072,1e+20,2020-12
Plymouth,J01000072,1e+20,2021-01
Plymouth,J01000072,1e+20,2021-02
Plymouth,J01000072,1e+20,2021-03
Plymouth,J01000072,1e+20,2021-04
Plymouth,J01000072,1e+20,2021-05
Plymouth,J01000072,1e+20,2021-06
Plymouth,J01000072,1e+20,2021-07
Plymouth,J01000072,1e+20,2021-08
Plymouth,J01000072,1e+20,2021-09
Plymouth,J01000072,1e+20,2021-10
Plymouth,J01000072,1e+20,2021-11
Plymouth,J01000072,1e+20,2021-12
Portsmouth,J01000074,1e+20,2019-01
Portsmouth,J01000074,1e+20,2019-02
Portsmouth,J01000074,1e+20,2019-03
Portsmouth,J01000074,1e+20,2019-04
Portsmouth,J01000074,1e+20,2019-05
Portsmouth,J01000074,1e+20,2019-06
Portsmouth,J01000074,1e+20,2019-07
Portsmouth,J01000074,1e+20,2019-08
Portsmouth,J01000074,1e+20,2019-09
Portsmouth,J01000074,1e+20,2019-10
Portsmouth,J01000074,1e+20,2019-11
Portsmouth,J01000074,1e+20,2019-12
Portsmouth,J01000074,1e+20,2020-01
Portsmouth,J01000074,1e+20,2020-02
Portsmouth,J01000074,1e+20,2020-03
Portsmouth,J01000074,1e+20,2020-04
Portsmouth,J01000074,1e+20,2020-05
Portsmouth,J01000074,1e+20,2020-06
Portsmouth,J01000074,1e+20,2020-07
Portsmouth,J01000074,1e+20,2020-08
Portsmouth,J01000074,1e+20,2020-09
Portsmouth,J01000074,1e+20,2020-10
Portsmouth,J01000074,1e+20,2020-11
Portsmouth,J01000074,1e+20,2020-12
Portsmouth,J01000074,1e+20,2021-01
Portsmouth,J01000074,1e+20,2021-02
Portsmouth,J01000074,1e+20,2021-03
Portsmouth,J01000074,1e+20,2021-04
Portsmouth,J01000074,1e+20,2021-05
Portsmouth,J01000074,1e+20,2021-06
Portsmouth,J01000074,1e+20,2021-07
Portsmouth,J01000074,1e+20,2021-08
Portsmouth,J01000074,1e+20,2021-09
Portsmouth,J01000074,1e+20,2021-10
Portsmouth,J01000074,1e+20,2021-11
Portsmouth,J01000074,1e+20,2021-12
Preston,J01000075,85.76559480719469,2019-01
Preston,J01000075,81.96905906121886,2019-02
Preston,J01000075,81.70344778518486,2019-03
Preston,J01000075,72.39531153869166,2019-04
Preston,J01000075,75.33363475276012,2019-05
Preston,J01000075,78.60548366612838,2019-06
Preston,J01000075,78.18689205916864,2019-07
Preston,J01000075,79.24104465659192,2019-08
Preston,J01000075,82.2412093134031,2019-09
Preston,J01000075,85.89809526292167,2019-10
Preston,J01000075,89.77901998811588,2019-11
Preston,J01000075,89.55955839305491,2019-12
Preston,J01000075,87.30630104729175,2020-01
Preston,J01000075,81.69712169752746,2020-02
Preston,J01000075,76.51735283363607,2020-03
Preston,J01000075,70.00912544854133,2020-04
Preston,J01000075,67.54508209316762,2020-05
Preston,J01000075,78.03353120825629,2020-06
Preston,J01000075,79.56261720743233,2020-07
Preston,J01000075,81.46650212611262,2020-08
Preston,J01000075,81.07435940004865,2020-09
Preston,J01000075,86.07755930508847,2020-10
Preston,J01000075,87.64172226640015,2020-11
Preston,J01000075,90.95891182203673,2020-12
Preston,J01000075,89.81658546410253,2021-01
Preston,J01000075,82.00609798470643,2021-02
Preston,J01000075,81.80838888799508,2021-03
Preston,J01000075,68.62003122145663,2021-04
Preston,J01000075,79.18472898840544,2021-05
Preston,J01000075,75.25024503820237,2021-06
Preston,J01000075,79.17632472595977,2021-07
Preston,J01000075,80.39474004479641,2021-08
Preston,J01000075,82.09551061017692,2021-09
Preston,J01000075,84.93489876555311,2021-10
Preston,J01000075,85.22126696106392,2021-11
Preston,J01000075,89.99279217801094,2021-12
Salford,J01000080,85.52990504277857,2019-01
Salford,J01000080,80.127454241606,2019-02
Salford,J01000080,79.41411707320377,2019-03
Salford,J01000080,70.87977978868109,2019-04
Salford,J01000080,74.09359117938047,2019-05
Salford,J01000080,77.8048417309547,2019-06
Salford,J01000080,76.64652727648401,2019-07
Salford,J01000080,77.84333168638163,2019-08
Salford,J01000080,81.90156790276262,2019-09
Salford,J01000080,86.3466049066998,2019-10
Salford,J01000080,89.36156471673988,2019-11
Salford,J01000080,88.85438965986698,2019-12
Salford,J01000080,86.36373783603177,2020-01
Salford,J01000080,79.94030202315383,2020-02
Salford,J01000080,73.59432535190122,2020-03
Salford,J01000080,67.23854097940972,2020-04
Salford,J01000080,65.55766090172196,2020-05
Salford,J01000080,75.4655239363856,2020-06
Salford,J01000080,78.09245261252859,2020-07
Salford,J01000080,79.92405261436821,2020-08
Salford,J01000080,79.95814390689347,2020-09
Salford,J01000080,86.50325239639052,2020-10
Salford,J01000080,87.30085236952766,2020-11
Salford,J01000080,90.57613104023105,2020-12
Salford,J01000080,89.46391409178699,2021-01
Salford,J01000080,80.05234572853473,2021-02
Salford,J01000080,79.01168835372904,2021-03
Salford,J01000080,66.28797280460206,2021-04
Salford,J01000080,78.29441890224786,2021-05
Salford,J01000080,72.54199044620003,2021-06
Salford,J01000080,77.99993165167335,2021-07
Salford,J01000080,78.92595045865562,2021-08
Salford,J01000080,80.85385617325346,2021-09
Salford,J01000080,84.09916076404394,2021-10
Salford,J01000080,85.37366479357152,2021-11
Salford,J01000080,89.28029105588023,2021-12
Sheffield,J01000082,84.16156311929409,2019-01
Sheffield,J01000082,81.05804240225649,2019-02
Sheffield,J01000082,77.57611585387521,2019-03
Sheffield,J01000082,73.05090649757791,2019-04
Sheffield,J01000082,73.68492074056464,2019-05
Sheffield,J01000082,77.2254322658813,2019-06
Sheffield,J01000082,73.8844665946388,2019-07
Sheffield,J01000082,75.1358375528545,2019-08
Sheffield,J01000082,79.41895098801125,2019-09
Sheffield,J01000082,86.6236524416513,2019-10
Sheffield,J01000082,90.27016543293482,2019-11
Sheffield,J01000082,89.41998043544115,2019-12
Sheffield,J01000082,86.40250485538557,2020-01
Sheffield,J01000082,80.30933040474706,2020-02
Sheffield,J01000082,74.37114122299877,2020-03
Sheffield,J01000082,67.36205470061813,2020-04
Sheffield,J01000082,64.51541811335926,2020-05
Sheffield,J01000082,74.89235699498569,2020-06
Sheffield,J01000082,74.64455894356944,2020-07
Sheffield,J01000082,78.0553708368228,2020-08
Sheffield,J01000082,77.94781770913659,2020-09
Sheffield,J01000082,86.38505266411241,2020-10
Sheffield,J01000082,87.42784675291779,2020-11
Sheffield,J01000082,90.43234225526786,2020-12
Sheffield,J01000082,89.32158426601514,2021-01
Sheffield,J01000082,80.726576264093,2021-02
Sheffield,J01000082,77.64657299717935,2021-03
Sheffield,J01000082,64.90615857354169,2021-04
Sheffield,J01000082,77.23481548236094,2021-05
Sheffield,J01000082,71.90742628579767,2021-06
Sheffield,J01000082,75.92157827986274,2021-07
Sheffield,J01000082,77.01276388125328,2021-08
Sheffield,J01000082,79.12666507870163,2021-09
Sheffield,J01000082,83.28019402972656,2021-10
Sheffield,J01000082,84.59009685721453,2021-11
Sheffield,J01000082,89.37805232772722,2021-12
Southampton,J01000087,82.9022302237285,2019-01
Southampton,J01000087,85.78386443398384,2019-02
Southampton,J01000087,79.65514362785893,2019-03
Southampton,J01000087,71.99349629764075,2019-04
Southampton,J01000087,72.04168344200059,2019-05
Southampton,J01000087,77.96230735978294,2019-06
Southampton,J01000087,70.96460836998571,2019-07
Southampton,J01000087,77.02365743824468,2019-08
Southampton,J01000087,77.68284651986782,2019-09
Southampton,J01000087,86.40419009571116,2019-10
Southampton,J01000087,88.71680960521289,2019-11
Southampton,J01000087,88.10627484157628,2019-12
Southampton,J01000087,88.750587804614,2020-01
Southampton,J01000087,82.56947661414775,2020-02
Southampton,J01000087,75.66650031058231,2020-03
Southampton,J01000087,68.14934585417481,2020-04
Southampton,J01000087,63.35118843053877,2020-05
Southampton,J01000087,72.6124925142454,2020-06
Southampton,J01000087,72.91932775361772,2020-07
Southampton,J01000087,76.09622620037817,2020-08
Southampton,J01000087,76.35268157805609,2020-09
Southampton,J01000087,85.597994215945,2020-10
Southampton,J01000087,87.77380050013572,2020-11
Southampton,J01000087,89.56055084772971,2020-12
Southampton,J01000087,89.89822994684377,2021-01
Southampton,J01000087,81.75236753225508,2021-02
Southampton,J01000087,78.11155126137022,2021-03
Southampton,J01000087,66.33576073357662,2021-04
Southampton,J01000087,76.7319490574227,2021-05
Southampton,J01000087,77.46424572480082,2021-06
Southampton,J01000087,77.9977154474133,2021-07
Southampton,J01000087,79.5034844226189,2021-08
Southampton,J01000087,80.24112524213267,2021-09
Southampton,J01000087,84.20817439460808,2021-10
Southampton,J01000087,85.14204344295904,2021-11
Southampton,J01000087,88.07707569223913,2021-12
Southend-on-Sea,J01000088,83.51461402949639,2019-01
Southend-on-Sea,J01000088,85.12198577614068,2019-02
Southend-on-Sea,J01000088,78.6070377171964,2019-03
Southend-on-Sea,J01000088,75.92605478899326,2019-04
Southend-on-Sea,J01000088,74.60434614415212,2019-05
Southend-on-Sea,J01000088,77.27570792450753,2019-06
Southend-on-Sea,J01000088,70.90439401363841,2019-07
Southend-on-Sea,J01000088,73.27684873872018,2019-08
Southend-on-Sea,J01000088,75.9105202756551,2019-09
Southend-on-Sea,J01000088,85.14687222255883,2019-10
Southend-on-Sea,J01000088,88.62465648014795,2019-11
Southend-on-Sea,J01000088,88.11933238274763,2019-12
Southend-on-Sea,J01000088,88.02743665226943,2020-01
Southend-on-Sea,J01000088,79.65438601545112,2020-02
Southend-on-Sea,J01000088,76.21634733257079,2020-03
Southend-on-Sea,J01000088,72.49192991096453,2020-04
Southend-on-Sea,J01000088,66.23144462580849,2020-05
Southend-on-Sea,J01000088,73.1865330507906,2020-06
Southend-on-Sea,J01000088,70.57187149259502,2020-07
Southend-on-Sea,J01000088,74.48342757636532,2020-08
Southend-on-Sea,J01000088,77.09497699656535,2020-09
Southend-on-Sea,J01000088,86.08717442473608,2020-10
Southend-on-Sea,J01000088,87.81005369201343,2020-11
Southend-on-Sea,J01000088,91.0231460953566,2020-12
Southend-on-Sea,J01000088,90.40539706003865,2021-01
Southend-on-Sea,J01000088,82.16106647157164,2021-02
Southend-on-Sea,J01000088,79.74865692476727,2021-03
Southend-on-Sea,J01000088,69.65113333076393,2021-04
Southend-on-Sea,J01000088,77.18623421311642,2021-05
Southend-on-Sea,J01000088,79.50789454360313,2021-06
Southend-on-Sea,J01000088,79.77630462464539,2021-07
Southend-on-Sea,J01000088,78.86169914929565,2021-08
Southend-on-Sea,J01000088,80.93828858837189,2021-09
Southend-on-Sea,J01000088,83.88102831699175,2021-10
Southend-on-Sea,J01000088,85.98811493069525,2021-11
Southend-on-Sea,J01000088,88.987362673839,2021-12
Stoke on Trent,J01000095,88.56041508572316,2019-01
Stoke on Trent,J01000095,83.72957578909707,2019-02
Stoke on Trent,J01000095,82.76153642346021,2019-03
Stoke on Trent,J01000095,75.08596692709979,2019-04
Stoke on Trent,J01000095,76.12026227365835,2019-05
Stoke on Trent,J01000095,81.28023193146115,2019-06
Stoke on Trent,J01000095,78.80179943597048,2019-07
Stoke on Trent,J01000095,80.62140006277211,2019-08
Stoke on Trent,J01000095,84.20703641164111,2019-09
Stoke on Trent,J01000095,90.29527456195999,2019-10
Stoke on Trent,J01000095,93.16794889838494,2019-11
Stoke on Trent,J01000095,92.35866061829813,2019-12
Stoke on Trent,J01000095,90.56285653788103,2020-01
Stoke on Trent,J01000095,84.78802088668915,2020-02
Stoke on Trent,J01000095,77.71840467330185,2020-03
Stoke on Trent,J01000095,70.49537135353428,2020-04
Stoke on Trent,J01000095,67.13372015748006,2020-05
Stoke on Trent,J01000095,77.69263130532678,2020-06
Stoke on Trent,J01000095,80.04289140704279,2020-07
Stoke on Trent,J01000095,82.65667015353735,2020-08
Stoke on Trent,J01000095,82.33698620504693,2020-09
Stoke on Trent,J01000095,90.37419345792262,2020-10
Stoke on Trent,J01000095,91.11994309701262,2020-11
Stoke on Trent,J01000095,92.65373003615112,2020-12
Stoke on Trent,J01000095,92.23600090370816,2021-01
Stoke on Trent,J01000095,84.0817601458824,2021-02
Stoke on Trent,J01000095,81.55944665447082,2021-03
Stoke on Trent,J01000095,68.27317020710801,2021-04
Stoke on Trent,J01000095,79.78122731604893,2021-05
Stoke on Trent,J01000095,75.60033023801253,2021-06
Stoke on Trent,J01000095,79.34868426210323,2021-07
Stoke on Trent,J01000095,82.16074624307386,2021-08
Stoke on Trent,J01000095,83.66554916288328,2021-09
Stoke on Trent,J01000095,87.76713794171253,2021-10
Stoke on Trent,J01000095,88.6307057651343,2021-11
Stoke on Trent,J01000095,92.04125002228726,2021-12
Sunderland,J01000096,81.99245427178923,2019-01
Sunderland,J01000096,81.00731257939977,2019-02
Sunderland,J01000096,78.69740461471427,2019-03
Sunderland,J01000096,78.75670770743743,2019-04
Sunderland,J01000096,78.9216879246674,2019-05
Sunderland,J01000096,80.53536723165831,2019-06
Sunderland,J01000096,79.81765462074381,2019-07
Sunderland,J01000096,81.051866791448,2019-08
Sunderland,J01000096,81.47190514837507,2019-09
Sunderland,J01000096,84.89744696069738,2019-10
Sunderland,J01000096,89.57313670259316,2019-11
Sunderland,J01000096,87.54128463833753,2019-12
Sunderland,J01000096,84.19746990571181,2020-01
Sunderland,J01000096,81.19499803999662,2020-02
Sunderland,J01000096,76.83876344431505,2020-03
Sunderland,J01000096,73.12827198380491,2020-04
Sunderland,J01000096,72.5415184867874,2020-05
Sunderland,J01000096,82.28319729167265,2020-06
Sunderland,J01000096,79.1398319492085,2020-07
Sunderland,J01000096,84.07591473052541,2020-08
Sunderland,J01000096,80.92866975023162,2020-09
Sunderland,J01000096,85.95143028014093,2020-10
Sunderland,J01000096,87.02200883187845,2020-11
Sunderland,J01000096,89.77505817897715,2020-12
Sunderland,J01000096,87.40913052683875,2021-01
Sunderland,J01000096,81.07662258975799,2021-02
Sunderland,J01000096,79.84495781493888,2021-03
Sunderland,J01000096,69.91154258089556,2021-04
Sunderland,J01000096,82.44515532574391,2021-05
Sunderland,J01000096,76.28844927669873,2021-06
Sunderland,J01000096,81.45228922556637,2021-07
Sunderland,J01000096,81.9030733504631,2021-08
Sunderland,J01000096,82.0882664469146,2021-09
Sunderland,J01000096,84.15690007093306,2021-10
Sunderland,J01000096,84.89143318377131,2021-11
Sunderland,J01000096,88.65631756990621,2021-12
York,J01000112,83.48170434337672,2019-01
York,J01000112,83.55387074914913,2019-02
York,J01000112,76.7596949048702,2019-03
York,J01000112,75.93343530883828,2019-04
York,J01000112,75.47883914007245,2019-05
York,J01000112,78.8817531804923,2019-06
York,J01000112,74.80198642332019,2019-07
York,J01000112,75.7083013177604,2019-08
York,J01000112,79.21746464178176,2019-09
York,J01000112,87.07970569921403,2019-10
York,J01000112,90.03708786060555,2019-11
York,J01000112,89.44522160121284,2019-12
York,J01000112,85.55223187308127,2020-01
York,J01000112,80.63678867809148,2020-02
York,J01000112,75.2003349354989,2020-03
York,J01000112,69.363964122037,2020-04
York,J01000112,67.09996774958258,2020-05
York,J01000112,77.85479127270648,2020-06
York,J01000112,75.62416833005717,2020-07
York,J01000112,79.58494143475878,2020-08
York,J01000112,79.43441160352985,2020-09
York,J01000112,86.20475665925827,2020-10
York,J01000112,87.01302586536255,2020-11
York,J01000112,91.08141198257594,2020-12
York,J01000112,89.95357174778789,2021-01
York,J01000112,82.31197386821968,2021-02
York,J01000112,77.97508167476884,2021-03
York,J01000112,66.4526142386572,2021-04
York,J01000112,79.42862145089808,2021-05
York,J01000112,73.72398345204208,2021-06
York,J01000112,77.98223680043938,2021-07
York,J01000112,78.13586355205109,2021-08
York,J01000112,79.51799990435974,2021-09
York,J01000112,83.28973647082638,2021-10
York,J01000112,84.00081858480432,2021-11
York,J01000112,89.80900398862889,2021-12
