CityName,CityCode,SnowLyingDays,Time
Birmingham,J01000007,1.3228545015599533,2019-01
Birmingham,J01000007,1.4917040277954672,2019-02
Birmingham,J01000007,0.12601808708048307,2019-03
Birmingham,J01000007,0.04502402720170809,2019-04
Birmingham,J01000007,0.0,2019-05
Birmingham,J01000007,0.0,2019-06
Birmingham,J01000007,0.0,2019-07
Birmingham,J01000007,0.0,2019-08
Birmingham,J01000007,0.0,2019-09
Birmingham,J01000007,0.0,2019-10
Birmingham,J01000007,0.0510436367529872,2019-11
Birmingham,J01000007,0.00011021774978028534,2019-12
Birmingham,J01000007,0.12313143939033741,2020-01
Birmingham,J01000007,0.7291052694927472,2020-02
Birmingham,J01000007,0.0,2020-03
Birmingham,J01000007,0.0021015832031590384,2020-04
Birmingham,J01000007,0.0,2020-05
Birmingham,J01000007,0.0,2020-06
Birmingham,J01000007,0.0,2020-07
Birmingham,J01000007,0.0,2020-08
Birmingham,J01000007,0.0,2020-09
Birmingham,J01000007,0.0,2020-10
Birmingham,J01000007,0.0,2020-11
Birmingham,J01000007,1.272953524125437,2020-12
Birmingham,J01000007,4.097491161753124,2021-01
Birmingham,J01000007,2.109928559568179,2021-02
Birmingham,J01000007,0.019225840256646577,2021-03
Birmingham,J01000007,0.022675900731147093,2021-04
Birmingham,J01000007,0.0,2021-05
Birmingham,J01000007,0.0,2021-06
Birmingham,J01000007,0.0,2021-07
Birmingham,J01000007,0.0,2021-08
Birmingham,J01000007,0.0,2021-09
Birmingham,J01000007,0.0,2021-10
Birmingham,J01000007,1.1457941963860454,2021-11
Birmingham,J01000007,0.3347833695583236,2021-12
Bradford,J01000013,1.5198823564855035,2019-01
Bradford,J01000013,1.9671511164855775,2019-02
Bradford,J01000013,0.6124658659015307,2019-03
Bradford,J01000013,0.07012242385611303,2019-04
Bradford,J01000013,0.0,2019-05
Bradford,J01000013,0.0,2019-06
Bradford,J01000013,0.0,2019-07
Bradford,J01000013,0.0,2019-08
Bradford,J01000013,0.0,2019-09
Bradford,J01000013,0.0,2019-10
Bradford,J01000013,0.12749534766684667,2019-11
Bradford,J01000013,1.1127834802797094,2019-12
Bradford,J01000013,0.47226988841019807,2020-01
Bradford,J01000013,1.7802390573984401,2020-02
Bradford,J01000013,0.916505090891543,2020-03
Bradford,J01000013,0.013087657359889326,2020-04
Bradford,J01000013,0.0,2020-05
Bradford,J01000013,0.0,2020-06
Bradford,J01000013,0.0,2020-07
Bradford,J01000013,0.0,2020-08
Bradford,J01000013,0.0,2020-09
Bradford,J01000013,0.0,2020-10
Bradford,J01000013,0.05102145043369735,2020-11
Bradford,J01000013,2.477451490937866,2020-12
Bradford,J01000013,8.823217539810512,2021-01
Bradford,J01000013,7.184244769838753,2021-02
Bradford,J01000013,0.12629354054821237,2021-03
Bradford,J01000013,0.29430573450823394,2021-04
Bradford,J01000013,0.0,2021-05
Bradford,J01000013,0.0,2021-06
Bradford,J01000013,0.0,2021-07
Bradford,J01000013,0.0,2021-08
Bradford,J01000013,0.0,2021-09
Bradford,J01000013,0.0,2021-10
Bradford,J01000013,1.639147779105958,2021-11
Bradford,J01000013,1.0312737652798656,2021-12
Brighton & Hove,J01000014,1.0304854405692985,2019-01
Brighton & Hove,J01000014,0.38188180426999596,2019-02
Brighton & Hove,J01000014,0.14804071175696487,2019-03
Brighton & Hove,J01000014,0.08566334503850677,2019-04
Brighton & Hove,J01000014,0.0,2019-05
Brighton & Hove,J01000014,0.0,2019-06
Brighton & Hove,J01000014,0.0,2019-07
Brighton & Hove,J01000014,0.0,2019-08
Brighton & Hove,J01000014,0.0,2019-09
Brighton & Hove,J01000014,0.0,2019-10
Brighton & Hove,J01000014,0.0,2019-11
Brighton & Hove,J01000014,0.1251593415813796,2019-12
Brighton & Hove,J01000014,0.0003196094708010066,2020-01
Brighton & Hove,J01000014,0.569570826197098,2020-02
Brighton & Hove,J01000014,0.0,2020-03
Brighton & Hove,J01000014,0.016199893514558333,2020-04
Brighton & Hove,J01000014,0.0,2020-05
Brighton & Hove,J01000014,0.0,2020-06
Brighton & Hove,J01000014,0.0,2020-07
Brighton & Hove,J01000014,0.0,2020-08
Brighton & Hove,J01000014,0.0,2020-09
Brighton & Hove,J01000014,0.0,2020-10
Brighton & Hove,J01000014,0.09084214374566013,2020-11
Brighton & Hove,J01000014,0.40305091463674814,2020-12
Brighton & Hove,J01000014,2.607294835222062,2021-01
Brighton & Hove,J01000014,0.8756475152261727,2021-02
Brighton & Hove,J01000014,0.026728324359466923,2021-03
Brighton & Hove,J01000014,0.19740998140520058,2021-04
Brighton & Hove,J01000014,0.0,2021-05
Brighton & Hove,J01000014,0.0,2021-06
Brighton & Hove,J01000014,0.0,2021-07
Brighton & Hove,J01000014,0.0,2021-08
Brighton & Hove,J01000014,0.0,2021-09
Brighton & Hove,J01000014,0.0,2021-10
Brighton & Hove,J01000014,1.1690655902564042,2021-11
Brighton & Hove,J01000014,0.14442556640485332,2021-12
Bristol,J01000015,0.02954245784268073,2019-01
Bristol,J01000015,2.3101909413441453,2019-02
Bristol,J01000015,0.014837489256903973,2019-03
Bristol,J01000015,0.018473610697308244,2019-04
Bristol,J01000015,0.0,2019-05
Bristol,J01000015,0.0,2019-06
Bristol,J01000015,0.0,2019-07
Bristol,J01000015,0.0,2019-08
Bristol,J01000015,0.0,2019-09
Bristol,J01000015,0.0,2019-10
Bristol,J01000015,0.3108576618811965,2019-11
Bristol,J01000015,0.0008763523131467227,2019-12
Bristol,J01000015,0.0,2020-01
Bristol,J01000015,0.003999851002558531,2020-02
Bristol,J01000015,0.0,2020-03
Bristol,J01000015,0.0016145423168327706,2020-04
Bristol,J01000015,0.0,2020-05
Bristol,J01000015,0.0,2020-06
Bristol,J01000015,0.0,2020-07
Bristol,J01000015,0.0,2020-08
Bristol,J01000015,0.0,2020-09
Bristol,J01000015,0.0,2020-10
Bristol,J01000015,0.0035004444591730287,2020-11
Bristol,J01000015,0.07017473256782898,2020-12
Bristol,J01000015,1.7912562490801032,2021-01
Bristol,J01000015,0.42160970608434317,2021-02
Bristol,J01000015,0.003095009884756285,2021-03
Bristol,J01000015,0.006761057803283388,2021-04
Bristol,J01000015,0.0,2021-05
Bristol,J01000015,0.0,2021-06
Bristol,J01000015,0.0,2021-07
Bristol,J01000015,0.0,2021-08
Bristol,J01000015,0.0,2021-09
Bristol,J01000015,0.0,2021-10
Bristol,J01000015,0.24589674862755892,2021-11
Bristol,J01000015,0.002047899035502388,2021-12
Cambridge,J01000019,0.07558347503115717,2019-01
Cambridge,J01000019,0.07680511505171822,2019-02
Cambridge,J01000019,0.011879427144226198,2019-03
Cambridge,J01000019,0.020985230688397333,2019-04
Cambridge,J01000019,0.0,2019-05
Cambridge,J01000019,0.0,2019-06
Cambridge,J01000019,0.0,2019-07
Cambridge,J01000019,0.0,2019-08
Cambridge,J01000019,0.0,2019-09
Cambridge,J01000019,0.0,2019-10
Cambridge,J01000019,0.005603608866175551,2019-11
Cambridge,J01000019,0.010412558600314523,2019-12
Cambridge,J01000019,0.010298433470049972,2020-01
Cambridge,J01000019,0.025655733306132758,2020-02
Cambridge,J01000019,0.010159216217823413,2020-03
Cambridge,J01000019,0.0016473829195237078,2020-04
Cambridge,J01000019,0.0,2020-05
Cambridge,J01000019,0.0,2020-06
Cambridge,J01000019,0.0,2020-07
Cambridge,J01000019,0.0,2020-08
Cambridge,J01000019,0.0,2020-09
Cambridge,J01000019,0.0,2020-10
Cambridge,J01000019,0.012278759131074544,2020-11
Cambridge,J01000019,0.9997613563022657,2020-12
Cambridge,J01000019,1.1213877224243034,2021-01
Cambridge,J01000019,6.011562446131815,2021-02
Cambridge,J01000019,0.002430617100561821,2021-03
Cambridge,J01000019,0.04096915502342775,2021-04
Cambridge,J01000019,0.0,2021-05
Cambridge,J01000019,0.0,2021-06
Cambridge,J01000019,0.0,2021-07
Cambridge,J01000019,0.0,2021-08
Cambridge,J01000019,0.0,2021-09
Cambridge,J01000019,0.0,2021-10
Cambridge,J01000019,0.7228077659582977,2021-11
Cambridge,J01000019,0.0,2021-12
Carlisle,J01000021,0.30038472360934304,2019-01
Carlisle,J01000021,0.8363790421220129,2019-02
Carlisle,J01000021,1.6257033274166754,2019-03
Carlisle,J01000021,0.5066424516743075,2019-04
Carlisle,J01000021,0.0,2019-05
Carlisle,J01000021,0.0,2019-06
Carlisle,J01000021,0.0,2019-07
Carlisle,J01000021,0.0,2019-08
Carlisle,J01000021,0.0,2019-09
Carlisle,J01000021,0.0,2019-10
Carlisle,J01000021,0.010975818065947213,2019-11
Carlisle,J01000021,0.0007152397049102326,2019-12
Carlisle,J01000021,0.6404608277426438,2020-01
Carlisle,J01000021,0.7012104325796291,2020-02
Carlisle,J01000021,0.0009522026078311929,2020-03
Carlisle,J01000021,0.015585724289999586,2020-04
Carlisle,J01000021,0.0,2020-05
Carlisle,J01000021,0.0,2020-06
Carlisle,J01000021,0.0,2020-07
Carlisle,J01000021,0.0,2020-08
Carlisle,J01000021,0.0,2020-09
Carlisle,J01000021,0.0,2020-10
Carlisle,J01000021,0.0,2020-11
Carlisle,J01000021,0.09117814906172052,2020-12
Carlisle,J01000021,2.602997667580833,2021-01
Carlisle,J01000021,6.9546631513022135,2021-02
Carlisle,J01000021,0.023881425197379704,2021-03
Carlisle,J01000021,0.0,2021-04
Carlisle,J01000021,0.0,2021-05
Carlisle,J01000021,0.0,2021-06
Carlisle,J01000021,0.0,2021-07
Carlisle,J01000021,0.0,2021-08
Carlisle,J01000021,0.0,2021-09
Carlisle,J01000021,0.0,2021-10
Carlisle,J01000021,1.2731094951093282,2021-11
Carlisle,J01000021,0.0,2021-12
Coventry,J01000028,1.3434200160797096,2019-01
Coventry,J01000028,1.578048918709953,2019-02
Coventry,J01000028,0.05674648045162581,2019-03
Coventry,J01000028,0.013976628037497711,2019-04
Coventry,J01000028,0.0,2019-05
Coventry,J01000028,0.0,2019-06
Coventry,J01000028,0.0,2019-07
Coventry,J01000028,0.0,2019-08
Coventry,J01000028,0.0,2019-09
Coventry,J01000028,0.0,2019-10
Coventry,J01000028,0.0008526207308647911,2019-11
Coventry,J01000028,0.0010015252264786213,2019-12
Coventry,J01000028,0.05643101063560772,2020-01
Coventry,J01000028,0.34113033663961884,2020-02
Coventry,J01000028,0.0,2020-03
Coventry,J01000028,4.3279752628811504e-05,2020-04
Coventry,J01000028,0.0,2020-05
Coventry,J01000028,0.0,2020-06
Coventry,J01000028,0.0,2020-07
Coventry,J01000028,0.0,2020-08
Coventry,J01000028,0.0,2020-09
Coventry,J01000028,0.0,2020-10
Coventry,J01000028,0.0,2020-11
Coventry,J01000028,0.5749364831858162,2020-12
Coventry,J01000028,2.6097937626000625,2021-01
Coventry,J01000028,2.078312441420517,2021-02
Coventry,J01000028,0.006540015659169361,2021-03
Coventry,J01000028,0.0007889281587034209,2021-04
Coventry,J01000028,0.0,2021-05
Coventry,J01000028,0.0,2021-06
Coventry,J01000028,0.0,2021-07
Coventry,J01000028,0.0,2021-08
Coventry,J01000028,0.0,2021-09
Coventry,J01000028,0.0,2021-10
Coventry,J01000028,1.0729833064841343,2021-11
Coventry,J01000028,0.19049931098662284,2021-12
Derby,J01000031,0.2341228153493285,2019-01
Derby,J01000031,0.12910369340985928,2019-02
Derby,J01000031,0.02032831544916919,2019-03
Derby,J01000031,0.01114828607096612,2019-04
Derby,J01000031,0.0,2019-05
Derby,J01000031,0.0,2019-06
Derby,J01000031,0.0,2019-07
Derby,J01000031,0.0,2019-08
Derby,J01000031,0.0,2019-09
Derby,J01000031,0.0,2019-10
Derby,J01000031,0.0037002045747113136,2019-11
Derby,J01000031,0.007960290717889361,2019-12
Derby,J01000031,0.03088296353778406,2020-01
Derby,J01000031,0.15728203098011245,2020-02
Derby,J01000031,2.9602151562378488e-05,2020-03
Derby,J01000031,0.004670715838544464,2020-04
Derby,J01000031,0.0,2020-05
Derby,J01000031,0.0,2020-06
Derby,J01000031,0.0,2020-07
Derby,J01000031,0.0,2020-08
Derby,J01000031,0.0,2020-09
Derby,J01000031,0.0,2020-10
Derby,J01000031,0.015135875543906266,2020-11
Derby,J01000031,1.0357212458150815,2020-12
Derby,J01000031,1.3283228347887144,2021-01
Derby,J01000031,1.387718601266138,2021-02
Derby,J01000031,0.0060797905334918564,2021-03
Derby,J01000031,0.02020729520858653,2021-04
Derby,J01000031,0.0,2021-05
Derby,J01000031,0.0,2021-06
Derby,J01000031,0.0,2021-07
Derby,J01000031,0.0,2021-08
Derby,J01000031,0.0,2021-09
Derby,J01000031,0.0,2021-10
Derby,J01000031,1.133759894412508,2021-11
Derby,J01000031,0.9341568958737709,2021-12
Doncaster,J01000032,0.17131478625404392,2019-01
Doncaster,J01000032,0.686449588818312,2019-02
Doncaster,J01000032,0.001555762216188828,2019-03
Doncaster,J01000032,0.0,2019-04
Doncaster,J01000032,0.0,2019-05
Doncaster,J01000032,0.0,2019-06
Doncaster,J01000032,0.0,2019-07
Doncaster,J01000032,0.0,2019-08
Doncaster,J01000032,0.0,2019-09
Doncaster,J01000032,0.0,2019-10
Doncaster,J01000032,0.0,2019-11
Doncaster,J01000032,0.0,2019-12
Doncaster,J01000032,0.05986129986809252,2020-01
Doncaster,J01000032,0.23338780238872964,2020-02
Doncaster,J01000032,0.0,2020-03
Doncaster,J01000032,0.0001261340356869662,2020-04
Doncaster,J01000032,0.0,2020-05
Doncaster,J01000032,0.0,2020-06
Doncaster,J01000032,0.0,2020-07
Doncaster,J01000032,0.0,2020-08
Doncaster,J01000032,0.0,2020-09
Doncaster,J01000032,0.0,2020-10
Doncaster,J01000032,0.0,2020-11
Doncaster,J01000032,0.007580511211352161,2020-12
Doncaster,J01000032,1.004450734446156,2021-01
Doncaster,J01000032,5.153523105713588,2021-02
Doncaster,J01000032,0.0021202200226538358,2021-03
Doncaster,J01000032,0.0,2021-04
Doncaster,J01000032,0.0,2021-05
Doncaster,J01000032,0.0,2021-06
Doncaster,J01000032,0.0,2021-07
Doncaster,J01000032,0.0,2021-08
Doncaster,J01000032,0.0,2021-09
Doncaster,J01000032,0.0,2021-10
Doncaster,J01000032,1.3831406943977607,2021-11
Doncaster,J01000032,0.39037958892453,2021-12
Exeter,J01000035,0.2657042339735611,2019-01
Exeter,J01000035,0.982415730740211,2019-02
Exeter,J01000035,0.05130176680548664,2019-03
Exeter,J01000035,0.05931823716647151,2019-04
Exeter,J01000035,0.0,2019-05
Exeter,J01000035,0.0,2019-06
Exeter,J01000035,0.0,2019-07
Exeter,J01000035,0.0,2019-08
Exeter,J01000035,0.0,2019-09
Exeter,J01000035,0.0,2019-10
Exeter,J01000035,0.04427401160204258,2019-11
Exeter,J01000035,0.014200392155552686,2019-12
Exeter,J01000035,0.0821904446052507,2020-01
Exeter,J01000035,0.1756903583598061,2020-02
Exeter,J01000035,0.0,2020-03
Exeter,J01000035,0.0034478957789503446,2020-04
Exeter,J01000035,0.0,2020-05
Exeter,J01000035,0.0,2020-06
Exeter,J01000035,0.0,2020-07
Exeter,J01000035,0.0,2020-08
Exeter,J01000035,0.0,2020-09
Exeter,J01000035,0.0,2020-10
Exeter,J01000035,0.0012695467451083083,2020-11
Exeter,J01000035,0.017841809297988342,2020-12
Exeter,J01000035,0.10616557226056442,2021-01
Exeter,J01000035,0.0552937399644248,2021-02
Exeter,J01000035,0.0045318831149555715,2021-03
Exeter,J01000035,0.0,2021-04
Exeter,J01000035,0.0,2021-05
Exeter,J01000035,0.0,2021-06
Exeter,J01000035,0.0,2021-07
Exeter,J01000035,0.0,2021-08
Exeter,J01000035,0.0,2021-09
Exeter,J01000035,0.0,2021-10
Exeter,J01000035,0.014657295509710034,2021-11
Exeter,J01000035,0.0006928286057108738,2021-12
Leeds,J01000051,1.1501525708880371,2019-01
Leeds,J01000051,1.7569545658263357,2019-02
Leeds,J01000051,0.41029230614483947,2019-03
Leeds,J01000051,0.026948337234875847,2019-04
Leeds,J01000051,0.0,2019-05
Leeds,J01000051,0.0,2019-06
Leeds,J01000051,0.0,2019-07
Leeds,J01000051,0.0,2019-08
Leeds,J01000051,0.0,2019-09
Leeds,J01000051,0.0,2019-10
Leeds,J01000051,0.05259398451717122,2019-11
Leeds,J01000051,0.5824494884873602,2019-12
Leeds,J01000051,0.26913676921537105,2020-01
Leeds,J01000051,1.0968470452826267,2020-02
Leeds,J01000051,0.444121517827936,2020-03
Leeds,J01000051,0.010703263860803296,2020-04
Leeds,J01000051,0.0,2020-05
Leeds,J01000051,0.0,2020-06
Leeds,J01000051,0.0,2020-07
Leeds,J01000051,0.0,2020-08
Leeds,J01000051,0.0,2020-09
Leeds,J01000051,0.0,2020-10
Leeds,J01000051,0.045010219217090364,2020-11
Leeds,J01000051,1.6677515950150468,2020-12
Leeds,J01000051,6.896163721045269,2021-01
Leeds,J01000051,6.902919154573056,2021-02
Leeds,J01000051,0.11697013600110097,2021-03
Leeds,J01000051,0.08898795768453648,2021-04
Leeds,J01000051,0.0,2021-05
Leeds,J01000051,0.0,2021-06
Leeds,J01000051,0.0,2021-07
Leeds,J01000051,0.0,2021-08
Leeds,J01000051,0.0,2021-09
Leeds,J01000051,0.0,2021-10
Leeds,J01000051,1.72942233523153,2021-11
Leeds,J01000051,0.9016639311320488,2021-12
Leicester,J01000052,1.3081720505676278,2019-01
Leicester,J01000052,1.419402212175844,2019-02
Leicester,J01000052,0.08640334849051726,2019-03
Leicester,J01000052,0.09532895820033006,2019-04
Leicester,J01000052,0.0,2019-05
Leicester,J01000052,0.0,2019-06
Leicester,J01000052,0.0,2019-07
Leicester,J01000052,0.0,2019-08
Leicester,J01000052,0.0,2019-09
Leicester,J01000052,0.0,2019-10
Leicester,J01000052,0.0,2019-11
Leicester,J01000052,0.015846493509489114,2019-12
Leicester,J01000052,0.18170600392777628,2020-01
Leicester,J01000052,0.4558049631811218,2020-02
Leicester,J01000052,0.009756264128933023,2020-03
Leicester,J01000052,0.000194946394245585,2020-04
Leicester,J01000052,0.0,2020-05
Leicester,J01000052,0.0,2020-06
Leicester,J01000052,0.0,2020-07
Leicester,J01000052,0.0,2020-08
Leicester,J01000052,0.0,2020-09
Leicester,J01000052,0.0,2020-10
Leicester,J01000052,0.006606205424382633,2020-11
Leicester,J01000052,1.0856992329640007,2020-12
Leicester,J01000052,3.021720138925416,2021-01
Leicester,J01000052,2.958093493214337,2021-02
Leicester,J01000052,0.003840370212299688,2021-03
Leicester,J01000052,0.03131164052103781,2021-04
Leicester,J01000052,0.0,2021-05
Leicester,J01000052,0.0,2021-06
Leicester,J01000052,0.0,2021-07
Leicester,J01000052,0.0,2021-08
Leicester,J01000052,0.0,2021-09
Leicester,J01000052,0.0,2021-10
Leicester,J01000052,1.2182915308478666,2021-11
Leicester,J01000052,0.28812689229055843,2021-12
Lincoln,J01000053,0.1459038822945507,2019-01
Lincoln,J01000053,0.603430411280806,2019-02
Lincoln,J01000053,0.010967741084305926,2019-03
Lincoln,J01000053,0.00012355261541807932,2019-04
Lincoln,J01000053,0.0,2019-05
Lincoln,J01000053,0.0,2019-06
Lincoln,J01000053,0.0,2019-07
Lincoln,J01000053,0.0,2019-08
Lincoln,J01000053,0.0,2019-09
Lincoln,J01000053,0.0,2019-10
Lincoln,J01000053,0.021006796099130174,2019-11
Lincoln,J01000053,0.00035724619487586455,2019-12
Lincoln,J01000053,0.03513424539821117,2020-01
Lincoln,J01000053,0.09452841744190253,2020-02
Lincoln,J01000053,0.0,2020-03
Lincoln,J01000053,0.009963433248539993,2020-04
Lincoln,J01000053,0.0,2020-05
Lincoln,J01000053,0.0,2020-06
Lincoln,J01000053,0.0,2020-07
Lincoln,J01000053,0.0,2020-08
Lincoln,J01000053,0.0,2020-09
Lincoln,J01000053,0.0,2020-10
Lincoln,J01000053,0.018954097596718702,2020-11
Lincoln,J01000053,0.1743114155971755,2020-12
Lincoln,J01000053,1.2473725831711873,2021-01
Lincoln,J01000053,4.099987248590088,2021-02
Lincoln,J01000053,0.006787971522016166,2021-03
Lincoln,J01000053,0.05994917236139594,2021-04
Lincoln,J01000053,0.0,2021-05
Lincoln,J01000053,0.0,2021-06
Lincoln,J01000053,0.0,2021-07
Lincoln,J01000053,0.0,2021-08
Lincoln,J01000053,0.0,2021-09
Lincoln,J01000053,0.0,2021-10
Lincoln,J01000053,1.212752127178942,2021-11
Lincoln,J01000053,0.05032654023654063,2021-12
Liverpool,J01000054,1.1077336186509128,2019-01
Liverpool,J01000054,0.009989622931650776,2019-02
Liverpool,J01000054,0.0,2019-03
Liverpool,J01000054,0.0,2019-04
Liverpool,J01000054,0.0,2019-05
Liverpool,J01000054,0.0,2019-06
Liverpool,J01000054,0.0,2019-07
Liverpool,J01000054,0.0,2019-08
Liverpool,J01000054,0.0,2019-09
Liverpool,J01000054,0.0,2019-10
Liverpool,J01000054,0.025164663850865406,2019-11
Liverpool,J01000054,0.043489375283669064,2019-12
Liverpool,J01000054,0.0,2020-01
Liverpool,J01000054,0.029952180406704207,2020-02
Liverpool,J01000054,0.0,2020-03
Liverpool,J01000054,0.00023342586907343534,2020-04
Liverpool,J01000054,0.0,2020-05
Liverpool,J01000054,0.0,2020-06
Liverpool,J01000054,0.0,2020-07
Liverpool,J01000054,0.0,2020-08
Liverpool,J01000054,0.0,2020-09
Liverpool,J01000054,0.0,2020-10
Liverpool,J01000054,0.0,2020-11
Liverpool,J01000054,0.0,2020-12
Liverpool,J01000054,1.1777092869239256,2021-01
Liverpool,J01000054,2.5333991524547015,2021-02
Liverpool,J01000054,0.024434640125800072,2021-03
Liverpool,J01000054,0.0,2021-04
Liverpool,J01000054,0.0,2021-05
Liverpool,J01000054,0.0,2021-06
Liverpool,J01000054,0.0,2021-07
Liverpool,J01000054,0.0,2021-08
Liverpool,J01000054,0.0,2021-09
Liverpool,J01000054,0.0,2021-10
Liverpool,J01000054,0.9598906241025429,2021-11
Liverpool,J01000054,0.2038459326782788,2021-12
Manchester,J01000058,3.201837133888173,2019-01
Manchester,J01000058,1.7242884145122026,2019-02
Manchester,J01000058,0.878088825842844,2019-03
Manchester,J01000058,0.08050834896081649,2019-04
Manchester,J01000058,0.0,2019-05
Manchester,J01000058,0.0,2019-06
Manchester,J01000058,0.0,2019-07
Manchester,J01000058,0.0,2019-08
Manchester,J01000058,0.0,2019-09
Manchester,J01000058,0.0,2019-10
Manchester,J01000058,0.0,2019-11
Manchester,J01000058,0.21192518046407427,2019-12
Manchester,J01000058,0.28550174587632904,2020-01
Manchester,J01000058,0.9331160578070763,2020-02
Manchester,J01000058,0.0057412971527084095,2020-03
Manchester,J01000058,0.0,2020-04
Manchester,J01000058,0.0,2020-05
Manchester,J01000058,0.0,2020-06
Manchester,J01000058,0.0,2020-07
Manchester,J01000058,0.0,2020-08
Manchester,J01000058,0.0,2020-09
Manchester,J01000058,0.0,2020-10
Manchester,J01000058,0.00047198170537826253,2020-11
Manchester,J01000058,0.7174657990128253,2020-12
Manchester,J01000058,6.4766245654490335,2021-01
Manchester,J01000058,7.245171499504589,2021-02
Manchester,J01000058,1.1791957250048663e-05,2021-03
Manchester,J01000058,0.10021320341591226,2021-04
Manchester,J01000058,0.0,2021-05
Manchester,J01000058,0.0,2021-06
Manchester,J01000058,0.0,2021-07
Manchester,J01000058,0.0,2021-08
Manchester,J01000058,0.0,2021-09
Manchester,J01000058,0.0,2021-10
Manchester,J01000058,2.0904108212294887,2021-11
Manchester,J01000058,0.5076164884800907,2021-12
Newcastle-upon-Tyne,J01000062,0.0008338584750485474,2019-01
Newcastle-upon-Tyne,J01000062,1.3317403503959988,2019-02
Newcastle-upon-Tyne,J01000062,0.970191773330679,2019-03
Newcastle-upon-Tyne,J01000062,0.0,2019-04
Newcastle-upon-Tyne,J01000062,0.0,2019-05
Newcastle-upon-Tyne,J01000062,0.0,2019-06
Newcastle-upon-Tyne,J01000062,0.0,2019-07
Newcastle-upon-Tyne,J01000062,0.0,2019-08
Newcastle-upon-Tyne,J01000062,0.0,2019-09
Newcastle-upon-Tyne,J01000062,0.0,2019-10
Newcastle-upon-Tyne,J01000062,0.0,2019-11
Newcastle-upon-Tyne,J01000062,0.17884820214060657,2019-12
Newcastle-upon-Tyne,J01000062,0.021921014326567047,2020-01
Newcastle-upon-Tyne,J01000062,1.0691545187820186,2020-02
Newcastle-upon-Tyne,J01000062,0.004116471243024056,2020-03
Newcastle-upon-Tyne,J01000062,0.0066278761657517435,2020-04
Newcastle-upon-Tyne,J01000062,0.0,2020-05
Newcastle-upon-Tyne,J01000062,0.0,2020-06
Newcastle-upon-Tyne,J01000062,0.0,2020-07
Newcastle-upon-Tyne,J01000062,0.0,2020-08
Newcastle-upon-Tyne,J01000062,0.0,2020-09
Newcastle-upon-Tyne,J01000062,0.0,2020-10
Newcastle-upon-Tyne,J01000062,0.00039085470720267993,2020-11
Newcastle-upon-Tyne,J01000062,0.0039865487538197275,2020-12
Newcastle-upon-Tyne,J01000062,6.748497869276574,2021-01
Newcastle-upon-Tyne,J01000062,8.208903779364492,2021-02
Newcastle-upon-Tyne,J01000062,0.3725124387064863,2021-03
Newcastle-upon-Tyne,J01000062,0.0,2021-04
Newcastle-upon-Tyne,J01000062,0.0,2021-05
Newcastle-upon-Tyne,J01000062,0.0,2021-06
Newcastle-upon-Tyne,J01000062,0.0,2021-07
Newcastle-upon-Tyne,J01000062,0.0,2021-08
Newcastle-upon-Tyne,J01000062,0.0,2021-09
Newcastle-upon-Tyne,J01000062,0.0,2021-10
Newcastle-upon-Tyne,J01000062,1.6786332981660572,2021-11
Newcastle-upon-Tyne,J01000062,1.2199340352264099,2021-12
Norwich,J01000066,0.21440488586926745,2019-01
Norwich,J01000066,0.09668841242845201,2019-02
Norwich,J01000066,0.0046617011487166795,2019-03
Norwich,J01000066,0.00687140153934742,2019-04
Norwich,J01000066,0.0,2019-05
Norwich,J01000066,0.0,2019-06
Norwich,J01000066,0.0,2019-07
Norwich,J01000066,0.0,2019-08
Norwich,J01000066,0.0,2019-09
Norwich,J01000066,0.0,2019-10
Norwich,J01000066,0.006346211655977983,2019-11
Norwich,J01000066,0.12601095208825006,2019-12
Norwich,J01000066,0.008654689584904464,2020-01
Norwich,J01000066,0.044281035001091935,2020-02
Norwich,J01000066,0.013534595132853952,2020-03
Norwich,J01000066,0.008255097952785376,2020-04
Norwich,J01000066,0.0,2020-05
Norwich,J01000066,0.0,2020-06
Norwich,J01000066,0.0,2020-07
Norwich,J01000066,0.0,2020-08
Norwich,J01000066,0.0,2020-09
Norwich,J01000066,0.0,2020-10
Norwich,J01000066,0.03918960111346419,2020-11
Norwich,J01000066,0.06795981421904114,2020-12
Norwich,J01000066,1.0563469105423648,2021-01
Norwich,J01000066,6.071658032816054,2021-02
Norwich,J01000066,5.886796555661893e-05,2021-03
Norwich,J01000066,0.5391417675395737,2021-04
Norwich,J01000066,0.0,2021-05
Norwich,J01000066,0.0,2021-06
Norwich,J01000066,0.0,2021-07
Norwich,J01000066,0.0,2021-08
Norwich,J01000066,0.0,2021-09
Norwich,J01000066,0.0,2021-10
Norwich,J01000066,0.9148235888990015,2021-11
Norwich,J01000066,0.44908685952976385,2021-12
Nottingham,J01000067,2.3141419384405277,2019-01
Nottingham,J01000067,0.8315691987049827,2019-02
Nottingham,J01000067,0.0025987700753759943,2019-03
Nottingham,J01000067,0.0,2019-04
Nottingham,J01000067,0.0,2019-05
Nottingham,J01000067,0.0,2019-06
Nottingham,J01000067,0.0,2019-07
Nottingham,J01000067,0.0,2019-08
Nottingham,J01000067,0.0,2019-09
Nottingham,J01000067,0.0,2019-10
Nottingham,J01000067,0.0,2019-11
Nottingham,J01000067,0.00022772707776710498,2019-12
Nottingham,J01000067,0.19698571119731473,2020-01
Nottingham,J01000067,1.247582404953252,2020-02
Nottingham,J01000067,0.0,2020-03
Nottingham,J01000067,0.0002285500612269085,2020-04
Nottingham,J01000067,0.0,2020-05
Nottingham,J01000067,0.0,2020-06
Nottingham,J01000067,0.0,2020-07
Nottingham,J01000067,0.0,2020-08
Nottingham,J01000067,0.0,2020-09
Nottingham,J01000067,0.0,2020-10
Nottingham,J01000067,0.0003010459672467452,2020-11
Nottingham,J01000067,0.8442573182643764,2020-12
Nottingham,J01000067,2.8630514637912627,2021-01
Nottingham,J01000067,3.793412371917588,2021-02
Nottingham,J01000067,0.0010050939466007547,2021-03
Nottingham,J01000067,0.09025613700142324,2021-04
Nottingham,J01000067,0.0,2021-05
Nottingham,J01000067,0.0,2021-06
Nottingham,J01000067,0.0,2021-07
Nottingham,J01000067,0.0,2021-08
Nottingham,J01000067,0.0,2021-09
Nottingham,J01000067,0.0,2021-10
Nottingham,J01000067,1.4498730173139063,2021-11
Nottingham,J01000067,0.8219560050629874,2021-12
Oxford,J01000070,1.183460630565269,2019-01
Oxford,J01000070,3.071678335232228,2019-02
Oxford,J01000070,0.029776912419924268,2019-03
Oxford,J01000070,0.0073094809822342776,2019-04
Oxford,J01000070,0.0,2019-05
Oxford,J01000070,0.0,2019-06
Oxford,J01000070,0.0,2019-07
Oxford,J01000070,0.0,2019-08
Oxford,J01000070,0.0,2019-09
Oxford,J01000070,0.0,2019-10
Oxford,J01000070,0.016764434780245547,2019-11
Oxford,J01000070,0.014700183904851217,2019-12
Oxford,J01000070,0.01761407358697269,2020-01
Oxford,J01000070,0.12833887807787106,2020-02
Oxford,J01000070,0.033603859416577585,2020-03
Oxford,J01000070,0.0033271866212054857,2020-04
Oxford,J01000070,0.0,2020-05
Oxford,J01000070,0.0,2020-06
Oxford,J01000070,0.0,2020-07
Oxford,J01000070,0.0,2020-08
Oxford,J01000070,0.0,2020-09
Oxford,J01000070,0.0,2020-10
Oxford,J01000070,0.014175197169859115,2020-11
Oxford,J01000070,0.14234147768913824,2020-12
Oxford,J01000070,3.326602920865713,2021-01
Oxford,J01000070,0.1487297087589691,2021-02
Oxford,J01000070,0.006692991288832556,2021-03
Oxford,J01000070,0.08226308227676757,2021-04
Oxford,J01000070,0.0,2021-05
Oxford,J01000070,0.0,2021-06
Oxford,J01000070,0.0,2021-07
Oxford,J01000070,0.0,2021-08
Oxford,J01000070,0.0,2021-09
Oxford,J01000070,0.0,2021-10
Oxford,J01000070,0.9853334063902897,2021-11
Oxford,J01000070,0.0009891087154515288,2021-12
Plymouth,J01000072,1e+20,2019-01
Plymouth,J01000072,1e+20,2019-02
Plymouth,J01000072,1e+20,2019-03
Plymouth,J01000072,1e+20,2019-04
Plymouth,J01000072,1e+20,2019-05
Plymouth,J01000072,1e+20,2019-06
Plymouth,J01000072,1e+20,2019-07
Plymouth,J01000072,1e+20,2019-08
Plymouth,J01000072,1e+20,2019-09
Plymouth,J01000072,1e+20,2019-10
Plymouth,J01000072,1e+20,2019-11
Plymouth,J01000072,1e+20,2019-12
Plymouth,J01000072,1e+20,2020-01
Plymouth,J01000072,1e+20,2020-02
Plymouth,J01000072,1e+20,2020-03
Plymouth,J01000072,1e+20,2020-04
Plymouth,J01000072,1e+20,2020-05
Plymouth,J01000072,1e+20,2020-06
Plymouth,J01000072,1e+20,2020-07
Plymouth,J01000072,1e+20,2020-08
Plymouth,J01000072,1e+20,2020-09
Plymouth,J01000072,1e+20,2020-10
Plymouth,J01000072,1e+20,2020-11
Plymouth,J01000072,1e+20,2020-12
Plymouth,J01000072,1e+20,2021-01
Plymouth,J01000072,1e+20,2021-02
Plymouth,J01000072,1e+20,2021-03
Plymouth,J01000072,1e+20,2021-04
Plymouth,J01000072,1e+20,2021-05
Plymouth,J01000072,1e+20,2021-06
Plymouth,J01000072,1e+20,2021-07
Plymouth,J01000072,1e+20,2021-08
Plymouth,J01000072,1e+20,2021-09
Plymouth,J01000072,1e+20,2021-10
Plymouth,J01000072,1e+20,2021-11
Plymouth,J01000072,1e+20,2021-12
Portsmouth,J01000074,1e+20,2019-01
Portsmouth,J01000074,1e+20,2019-02
Portsmouth,J01000074,1e+20,2019-03
Portsmouth,J01000074,1e+20,2019-04
Portsmouth,J01000074,1e+20,2019-05
Portsmouth,J01000074,1e+20,2019-06
Portsmouth,J01000074,1e+20,2019-07
Portsmouth,J01000074,1e+20,2019-08
Portsmouth,J01000074,1e+20,2019-09
Portsmouth,J01000074,1e+20,2019-10
Portsmouth,J01000074,1e+20,2019-11
Portsmouth,J01000074,1e+20,2019-12
Portsmouth,J01000074,1e+20,2020-01
Portsmouth,J01000074,1e+20,2020-02
Portsmouth,J01000074,1e+20,2020-03
Portsmouth,J01000074,1e+20,2020-04
Portsmouth,J01000074,1e+20,2020-05
Portsmouth,J01000074,1e+20,2020-06
Portsmouth,J01000074,1e+20,2020-07
Portsmouth,J01000074,1e+20,2020-08
Portsmouth,J01000074,1e+20,2020-09
Portsmouth,J01000074,1e+20,2020-10
Portsmouth,J01000074,1e+20,2020-11
Portsmouth,J01000074,1e+20,2020-12
Portsmouth,J01000074,1e+20,2021-01
Portsmouth,J01000074,1e+20,2021-02
Portsmouth,J01000074,1e+20,2021-03
Portsmouth,J01000074,1e+20,2021-04
Portsmouth,J01000074,1e+20,2021-05
Portsmouth,J01000074,1e+20,2021-06
Portsmouth,J01000074,1e+20,2021-07
Portsmouth,J01000074,1e+20,2021-08
Portsmouth,J01000074,1e+20,2021-09
Portsmouth,J01000074,1e+20,2021-10
Portsmouth,J01000074,1e+20,2021-11
Portsmouth,J01000074,1e+20,2021-12
Preston,J01000075,0.7289133873710981,2019-01
Preston,J01000075,0.7359403880867526,2019-02
Preston,J01000075,0.01225924957962148,2019-03
Preston,J01000075,0.005037064694288246,2019-04
Preston,J01000075,0.0,2019-05
Preston,J01000075,0.0,2019-06
Preston,J01000075,0.0,2019-07
Preston,J01000075,0.0,2019-08
Preston,J01000075,0.0,2019-09
Preston,J01000075,0.0,2019-10
Preston,J01000075,0.04565733431402776,2019-11
Preston,J01000075,0.6642679197468789,2019-12
Preston,J01000075,0.0037989825473492707,2020-01
Preston,J01000075,0.027171127397480312,2020-02
Preston,J01000075,0.023046546479764934,2020-03
Preston,J01000075,0.004625643718877184,2020-04
Preston,J01000075,0.0,2020-05
Preston,J01000075,0.0,2020-06
Preston,J01000075,0.0,2020-07
Preston,J01000075,0.0,2020-08
Preston,J01000075,0.0,2020-09
Preston,J01000075,0.0,2020-10
Preston,J01000075,0.0007653142525972155,2020-11
Preston,J01000075,0.07637671595064773,2020-12
Preston,J01000075,1.440462313173626,2021-01
Preston,J01000075,4.03714448659835,2021-02
Preston,J01000075,0.0039890881765194605,2021-03
Preston,J01000075,0.0,2021-04
Preston,J01000075,0.0,2021-05
Preston,J01000075,0.0,2021-06
Preston,J01000075,0.0,2021-07
Preston,J01000075,0.0,2021-08
Preston,J01000075,0.0,2021-09
Preston,J01000075,0.0,2021-10
Preston,J01000075,0.5048894864774238,2021-11
Preston,J01000075,0.12997958036174842,2021-12
Salford,J01000080,1.8573281420872056,2019-01
Salford,J01000080,0.6142285140264493,2019-02
Salford,J01000080,0.425004237675916,2019-03
Salford,J01000080,0.0,2019-04
Salford,J01000080,0.0,2019-05
Salford,J01000080,0.0,2019-06
Salford,J01000080,0.0,2019-07
Salford,J01000080,0.0,2019-08
Salford,J01000080,0.0,2019-09
Salford,J01000080,0.0,2019-10
Salford,J01000080,0.0,2019-11
Salford,J01000080,0.11537497676020525,2019-12
Salford,J01000080,0.02189865222634106,2020-01
Salford,J01000080,0.5319902792059297,2020-02
Salford,J01000080,0.0,2020-03
Salford,J01000080,0.0,2020-04
Salford,J01000080,0.0,2020-05
Salford,J01000080,0.0,2020-06
Salford,J01000080,0.0,2020-07
Salford,J01000080,0.0,2020-08
Salford,J01000080,0.0,2020-09
Salford,J01000080,0.0,2020-10
Salford,J01000080,0.0,2020-11
Salford,J01000080,0.0073316799058804685,2020-12
Salford,J01000080,2.5640784267660193,2021-01
Salford,J01000080,5.2695301963539265,2021-02
Salford,J01000080,3.390320099351445e-05,2021-03
Salford,J01000080,0.003107457247401199,2021-04
Salford,J01000080,0.0,2021-05
Salford,J01000080,0.0,2021-06
Salford,J01000080,0.0,2021-07
Salford,J01000080,0.0,2021-08
Salford,J01000080,0.0,2021-09
Salford,J01000080,0.0,2021-10
Salford,J01000080,1.442421787407389,2021-11
Salford,J01000080,0.525924518960074,2021-12
Sheffield,J01000082,2.7890786833048486,2019-01
Sheffield,J01000082,1.7191633626205192,2019-02
Sheffield,J01000082,0.3755086691913197,2019-03
Sheffield,J01000082,0.0,2019-04
Sheffield,J01000082,0.0,2019-05
Sheffield,J01000082,0.0,2019-06
Sheffield,J01000082,0.0,2019-07
Sheffield,J01000082,0.0,2019-08
Sheffield,J01000082,0.0,2019-09
Sheffield,J01000082,0.0,2019-10
Sheffield,J01000082,0.029180514230018748,2019-11
Sheffield,J01000082,0.0005429932880669504,2019-12
Sheffield,J01000082,0.601215291493622,2020-01
Sheffield,J01000082,2.106768922901578,2020-02
Sheffield,J01000082,0.007535540937415434,2020-03
Sheffield,J01000082,0.001519043778428829,2020-04
Sheffield,J01000082,0.0,2020-05
Sheffield,J01000082,0.0,2020-06
Sheffield,J01000082,0.0,2020-07
Sheffield,J01000082,0.0,2020-08
Sheffield,J01000082,0.0,2020-09
Sheffield,J01000082,0.0,2020-10
Sheffield,J01000082,0.00023460000797568262,2020-11
Sheffield,J01000082,1.3927005361812985,2020-12
Sheffield,J01000082,4.673251784799498,2021-01
Sheffield,J01000082,6.297003940084461,2021-02
Sheffield,J01000082,0.019223727114056822,2021-03
Sheffield,J01000082,0.024220670894701896,2021-04
Sheffield,J01000082,0.0,2021-05
Sheffield,J01000082,0.0,2021-06
Sheffield,J01000082,0.0,2021-07
Sheffield,J01000082,0.0,2021-08
Sheffield,J01000082,0.0,2021-09
Sheffield,J01000082,0.0,2021-10
Sheffield,J01000082,1.508905762570755,2021-11
Sheffield,J01000082,0.5100075455180665,2021-12
Southampton,J01000087,0.04910970109741392,2019-01
Southampton,J01000087,0.8634490742511447,2019-02
Southampton,J01000087,0.00024900444701875593,2019-03
Southampton,J01000087,0.0,2019-04
Southampton,J01000087,0.0,2019-05
Southampton,J01000087,0.0,2019-06
Southampton,J01000087,0.0,2019-07
Southampton,J01000087,0.0,2019-08
Southampton,J01000087,0.0,2019-09
Southampton,J01000087,0.0,2019-10
Southampton,J01000087,0.01922361878577678,2019-11
Southampton,J01000087,0.00011316784921853806,2019-12
Southampton,J01000087,0.0012615381749788485,2020-01
Southampton,J01000087,0.00539088903534374,2020-02
Southampton,J01000087,0.010513578195750009,2020-03
Southampton,J01000087,0.0008286566363143124,2020-04
Southampton,J01000087,0.0,2020-05
Southampton,J01000087,0.0,2020-06
Southampton,J01000087,0.0,2020-07
Southampton,J01000087,0.0,2020-08
Southampton,J01000087,0.0,2020-09
Southampton,J01000087,0.0,2020-10
Southampton,J01000087,0.0010719259898733066,2020-11
Southampton,J01000087,0.0004303636493029713,2020-12
Southampton,J01000087,0.09291747474678477,2021-01
Southampton,J01000087,0.0,2021-02
Southampton,J01000087,0.0,2021-03
Southampton,J01000087,0.0014742070591961915,2021-04
Southampton,J01000087,0.0,2021-05
Southampton,J01000087,0.0,2021-06
Southampton,J01000087,0.0,2021-07
Southampton,J01000087,0.0,2021-08
Southampton,J01000087,0.0,2021-09
Southampton,J01000087,0.0,2021-10
Southampton,J01000087,0.31721668804075753,2021-11
Southampton,J01000087,0.00033821743959329994,2021-12
Southend-on-Sea,J01000088,0.8098200358802424,2019-01
Southend-on-Sea,J01000088,0.03747079570237719,2019-02
Southend-on-Sea,J01000088,0.00882585643605091,2019-03
Southend-on-Sea,J01000088,0.0,2019-04
Southend-on-Sea,J01000088,0.0,2019-05
Southend-on-Sea,J01000088,0.0,2019-06
Southend-on-Sea,J01000088,0.0,2019-07
Southend-on-Sea,J01000088,0.0,2019-08
Southend-on-Sea,J01000088,0.0,2019-09
Southend-on-Sea,J01000088,0.0,2019-10
Southend-on-Sea,J01000088,0.0,2019-11
Southend-on-Sea,J01000088,0.01712471929191623,2019-12
Southend-on-Sea,J01000088,0.0,2020-01
Southend-on-Sea,J01000088,0.06212114114978424,2020-02
Southend-on-Sea,J01000088,0.0012549628657907502,2020-03
Southend-on-Sea,J01000088,0.008239035205585901,2020-04
Southend-on-Sea,J01000088,0.0,2020-05
Southend-on-Sea,J01000088,0.0,2020-06
Southend-on-Sea,J01000088,0.0,2020-07
Southend-on-Sea,J01000088,0.0,2020-08
Southend-on-Sea,J01000088,0.0,2020-09
Southend-on-Sea,J01000088,0.0,2020-10
Southend-on-Sea,J01000088,0.03177735192273228,2020-11
Southend-on-Sea,J01000088,0.0012963398777050014,2020-12
Southend-on-Sea,J01000088,0.26463038702183017,2021-01
Southend-on-Sea,J01000088,2.644870015573745,2021-02
Southend-on-Sea,J01000088,0.001664250033656173,2021-03
Southend-on-Sea,J01000088,0.17154089555469573,2021-04
Southend-on-Sea,J01000088,0.0,2021-05
Southend-on-Sea,J01000088,0.0,2021-06
Southend-on-Sea,J01000088,0.0,2021-07
Southend-on-Sea,J01000088,0.0,2021-08
Southend-on-Sea,J01000088,0.0,2021-09
Southend-on-Sea,J01000088,0.0,2021-10
Southend-on-Sea,J01000088,0.5421059665942156,2021-11
Southend-on-Sea,J01000088,0.0581234850809498,2021-12
Stoke on Trent,J01000095,2.010715662966172,2019-01
Stoke on Trent,J01000095,1.5070839542015542,2019-02
Stoke on Trent,J01000095,0.482960983405957,2019-03
Stoke on Trent,J01000095,0.0,2019-04
Stoke on Trent,J01000095,0.0,2019-05
Stoke on Trent,J01000095,0.0,2019-06
Stoke on Trent,J01000095,0.0,2019-07
Stoke on Trent,J01000095,0.0,2019-08
Stoke on Trent,J01000095,0.0,2019-09
Stoke on Trent,J01000095,0.0,2019-10
Stoke on Trent,J01000095,0.0010329701639173535,2019-11
Stoke on Trent,J01000095,0.0,2019-12
Stoke on Trent,J01000095,0.0012486695213471985,2020-01
Stoke on Trent,J01000095,2.0863847458056815,2020-02
Stoke on Trent,J01000095,0.0,2020-03
Stoke on Trent,J01000095,0.00021462462228504477,2020-04
Stoke on Trent,J01000095,0.0,2020-05
Stoke on Trent,J01000095,0.0,2020-06
Stoke on Trent,J01000095,0.0,2020-07
Stoke on Trent,J01000095,0.0,2020-08
Stoke on Trent,J01000095,0.0,2020-09
Stoke on Trent,J01000095,0.0,2020-10
Stoke on Trent,J01000095,0.0,2020-11
Stoke on Trent,J01000095,1.8676039267001805,2020-12
Stoke on Trent,J01000095,7.306506242882937,2021-01
Stoke on Trent,J01000095,5.469368813272321,2021-02
Stoke on Trent,J01000095,0.002859613669299065,2021-03
Stoke on Trent,J01000095,0.2185677837427173,2021-04
Stoke on Trent,J01000095,0.0,2021-05
Stoke on Trent,J01000095,0.0,2021-06
Stoke on Trent,J01000095,0.0,2021-07
Stoke on Trent,J01000095,0.0,2021-08
Stoke on Trent,J01000095,0.0,2021-09
Stoke on Trent,J01000095,0.0,2021-10
Stoke on Trent,J01000095,2.0629564494396826,2021-11
Stoke on Trent,J01000095,0.6400478381044201,2021-12
Sunderland,J01000096,0.09170341072034721,2019-01
Sunderland,J01000096,0.9143899721032648,2019-02
Sunderland,J01000096,1.082129345733473,2019-03
Sunderland,J01000096,0.004086809363071063,2019-04
Sunderland,J01000096,0.0,2019-05
Sunderland,J01000096,0.0,2019-06
Sunderland,J01000096,0.0,2019-07
Sunderland,J01000096,0.0,2019-08
Sunderland,J01000096,0.0,2019-09
Sunderland,J01000096,0.0,2019-10
Sunderland,J01000096,0.0,2019-11
Sunderland,J01000096,0.5666269329422219,2019-12
Sunderland,J01000096,0.17851715237696936,2020-01
Sunderland,J01000096,1.8860917806629969,2020-02
Sunderland,J01000096,0.16569702612340792,2020-03
Sunderland,J01000096,0.008021094805076125,2020-04
Sunderland,J01000096,0.0,2020-05
Sunderland,J01000096,0.0,2020-06
Sunderland,J01000096,0.0,2020-07
Sunderland,J01000096,0.0,2020-08
Sunderland,J01000096,0.0,2020-09
Sunderland,J01000096,0.0,2020-10
Sunderland,J01000096,6.114160478566975e-05,2020-11
Sunderland,J01000096,0.2248040449601273,2020-12
Sunderland,J01000096,6.89229505807388,2021-01
Sunderland,J01000096,8.176705233671905,2021-02
Sunderland,J01000096,0.4152737676532855,2021-03
Sunderland,J01000096,0.0,2021-04
Sunderland,J01000096,0.0,2021-05
Sunderland,J01000096,0.0,2021-06
Sunderland,J01000096,0.0,2021-07
Sunderland,J01000096,0.0,2021-08
Sunderland,J01000096,0.0,2021-09
Sunderland,J01000096,0.0,2021-10
Sunderland,J01000096,1.6446369576001627,2021-11
Sunderland,J01000096,1.395143191656096,2021-12
York,J01000112,0.15133972249614655,2019-01
York,J01000112,1.0292692470913931,2019-02
York,J01000112,0.02990224930214347,2019-03
York,J01000112,0.0013617626212874471,2019-04
York,J01000112,0.0,2019-05
York,J01000112,0.0,2019-06
York,J01000112,0.0,2019-07
York,J01000112,0.0,2019-08
York,J01000112,0.0,2019-09
York,J01000112,0.0,2019-10
York,J01000112,0.0,2019-11
York,J01000112,0.07335016724119105,2019-12
York,J01000112,0.0,2020-01
York,J01000112,0.01987464611999278,2020-02
York,J01000112,0.0004918544049456764,2020-03
York,J01000112,0.00011593524979487433,2020-04
York,J01000112,0.0,2020-05
York,J01000112,0.0,2020-06
York,J01000112,0.0,2020-07
York,J01000112,0.0,2020-08
York,J01000112,0.0,2020-09
York,J01000112,0.0,2020-10
York,J01000112,0.015941958008924673,2020-11
York,J01000112,0.02313397799913305,2020-12
York,J01000112,3.165244946921471,2021-01
York,J01000112,6.337279839827106,2021-02
York,J01000112,0.08216191029062857,2021-03
York,J01000112,0.0,2021-04
York,J01000112,0.0,2021-05
York,J01000112,0.0,2021-06
York,J01000112,0.0,2021-07
York,J01000112,0.0,2021-08
York,J01000112,0.0,2021-09
York,J01000112,0.0,2021-10
York,J01000112,1.3428435379914108,2021-11
York,J01000112,0.695021765968912,2021-12
