CityName,CityCode,MSOAName,MSOACode,RoadLength,Area,RoadDensity
Birmingham,J01000007,Birmingham 008,E02001834,25.622,1.06765419767761,23.998407027044586
Birmingham,J01000007,Birmingham 011,E02001837,25.817,1.48302147390747,17.408379078947036
Birmingham,J01000007,Birmingham 013,E02001839,35.18,1.8455699677887,19.061861979771752
Birmingham,J01000007,Birmingham 014,E02001840,31.597,1.54822817884827,20.408490448420253
Birmingham,J01000007,Birmingham 016,E02001842,31.121,1.41958781500244,21.92256066944792
Birmingham,J01000007,Birmingham 017,E02001843,31.247,1.24141410366821,25.17048896711368
Birmingham,J01000007,Birmingham 019,E02001845,25.478,1.15380317276764,22.081755884658943
Birmingham,J01000007,Birmingham 020,E02001846,21.775,1.31222382465363,16.593967881773256
Birmingham,J01000007,Birmingham 022,E02001848,40.611,2.01531796607208,20.1511625875852
Birmingham,J01000007,Birmingham 023,E02001849,27.982,1.33588075590515,20.94648034737224
Birmingham,J01000007,Birmingham 024,E02001850,45.945,2.37209637407684,19.36894322764632
Birmingham,J01000007,Birmingham 025,E02001851,38.554,2.20990015996552,17.44603701942876
Birmingham,J01000007,Birmingham 026,E02001852,23.878,1.1914851500472998,20.040535124631717
Birmingham,J01000007,Birmingham 028,E02001854,74.676,3.35958017237854,22.22777733181177
Birmingham,J01000007,Birmingham 029,E02001855,65.494,3.07905431175995,21.270816740664905
Birmingham,J01000007,Birmingham 030,E02001856,39.66,1.9295168144531296,20.55436869112777
Birmingham,J01000007,Birmingham 031,E02001857,58.973,2.7261181563873302,21.63259133204681
Birmingham,J01000007,Birmingham 032,E02001858,25.955,1.63274595346069,15.896533042992404
Birmingham,J01000007,Birmingham 033,E02001859,69.112,3.39814079990387,20.338180219593934
Birmingham,J01000007,Birmingham 034,E02001860,20.129,0.988398834495544,20.36526076062542
Birmingham,J01000007,Birmingham 035,E02001861,24.742,1.17328236995697,21.0878477624337
Birmingham,J01000007,Birmingham 036,E02001862,41.036,2.22714708999634,18.425365879209817
Birmingham,J01000007,Birmingham 037,E02001863,51.493,2.26874416886902,22.696697453406355
Birmingham,J01000007,Birmingham 038,E02001864,19.024,0.940300193740845,20.23183673324137
Birmingham,J01000007,Birmingham 039,E02001865,24.578,1.21960692583466,20.15239457842501
Birmingham,J01000007,Birmingham 040,E02001866,21.015,0.8650865196609501,24.2923678989199
Birmingham,J01000007,Birmingham 041,E02001867,23.884,0.918561423339844,26.001527380889733
Birmingham,J01000007,Birmingham 042,E02001868,24.163,1.773001832901,13.628299504047495
Birmingham,J01000007,Birmingham 043,E02001869,62.259,2.74826999795532,22.653887735309837
Birmingham,J01000007,Birmingham 044,E02001870,31.003,1.7547576334228498,17.667967022616793
Birmingham,J01000007,Birmingham 045,E02001871,27.313,1.67161862014008,16.339253266819437
Birmingham,J01000007,Birmingham 046,E02001872,27.369,1.9489042802658096,14.043275638076572
Birmingham,J01000007,Birmingham 047,E02001873,39.469,1.83896785341644,21.4625828976153
Birmingham,J01000007,Birmingham 048,E02001874,23.732,1.89256558695984,12.539591844804896
Birmingham,J01000007,Birmingham 049,E02001875,39.96,1.43866004786682,27.775846044554363
Birmingham,J01000007,Birmingham 050,E02001876,87.687,3.20171073634338,27.387545978043555
Birmingham,J01000007,Birmingham 051,E02001877,27.748,1.2406066391983,22.366477111497005
Birmingham,J01000007,Birmingham 052,E02001878,43.829,2.19623729782104,19.956404548581435
Birmingham,J01000007,Birmingham 053,E02001879,29.419,1.62063542228699,18.15275637902868
Birmingham,J01000007,Birmingham 054,E02001880,25.593,1.33679849295807,19.14499465313412
Birmingham,J01000007,Birmingham 055,E02001881,22.804,1.48883677709961,15.316655492903845
Birmingham,J01000007,Birmingham 056,E02001882,27.432,1.5545803890686,17.64591924154878
Birmingham,J01000007,Birmingham 057,E02001883,35.63,2.35317727603912,15.141230693835611
Birmingham,J01000007,Birmingham 058,E02001884,23.791,1.29284024924469,18.40211891136535
Birmingham,J01000007,Birmingham 060,E02001886,29.694,2.00956442432404,14.77633642424189
Birmingham,J01000007,Birmingham 062,E02001888,24.499,1.24348762333679,19.701844666743916
Birmingham,J01000007,Birmingham 063,E02001889,20.132,0.937921129737854,21.4644913753322
Birmingham,J01000007,Birmingham 064,E02001890,44.576,2.49807014285278,17.84417468321946
Birmingham,J01000007,Birmingham 066,E02001892,32.105,2.06533424061584,15.544699433456808
Birmingham,J01000007,Birmingham 067,E02001893,25.83,1.6036730450591998,16.106774432344768
Birmingham,J01000007,Birmingham 069,E02001895,39.546,2.46605604080963,16.03613192302664
Birmingham,J01000007,Birmingham 070,E02001896,21.749,1.12290375383759,19.368534414166405
Birmingham,J01000007,Birmingham 071,E02001897,43.911,1.87950837944031,23.36302433143504
Birmingham,J01000007,Birmingham 072,E02001898,18.636,1.10002237689972,16.94147354758665
Birmingham,J01000007,Birmingham 073,E02001899,40.185,2.3062836021347,17.42413637368999
Birmingham,J01000007,Birmingham 074,E02001900,31.334,1.59042429814148,19.701660768523173
Birmingham,J01000007,Birmingham 075,E02001901,34.626,1.66877397154999,20.74936485726625
Birmingham,J01000007,Birmingham 076,E02001902,25.376,1.12468557904816,22.562750401295386
Birmingham,J01000007,Birmingham 077,E02001903,18.897,0.730162520858765,25.880539551351795
Birmingham,J01000007,Birmingham 078,E02001904,44.918,2.39283710635376,18.77185867802205
Birmingham,J01000007,Birmingham 079,E02001905,65.243,4.37902534991455,14.898977463392193
Birmingham,J01000007,Birmingham 080,E02001906,40.536,1.85150454677582,21.89354601941904
Birmingham,J01000007,Birmingham 081,E02001907,43.157,2.8767301186447103,15.00210246358883
Birmingham,J01000007,Birmingham 082,E02001908,12.781,0.5286219770507811,24.177958077539817
Birmingham,J01000007,Birmingham 083,E02001909,22.452,0.867233394302368,25.88922445503976
Birmingham,J01000007,Birmingham 084,E02001910,21.29,0.880423810966492,24.181535908971767
Birmingham,J01000007,Birmingham 085,E02001911,29.086,1.3862035901413,20.982487858825397
Birmingham,J01000007,Birmingham 087,E02001913,40.685,2.47397772000885,16.445176393849845
Birmingham,J01000007,Birmingham 088,E02001914,27.224,2.36335515695953,11.519216618725997
Birmingham,J01000007,Birmingham 089,E02001915,36.967,1.92453075653076,19.20831863796153
Birmingham,J01000007,Birmingham 090,E02001916,27.033,1.45827211103058,18.53769251672476
Birmingham,J01000007,Birmingham 092,E02001918,28.809,1.63812735794067,17.5865446971208
Birmingham,J01000007,Birmingham 093,E02001919,19.472,1.09610989025116,17.764642188876003
Birmingham,J01000007,Birmingham 094,E02001920,32.629,2.77735450263977,11.748230184150914
Birmingham,J01000007,Birmingham 095,E02001921,31.634,1.99955124155426,15.8205498026701
Birmingham,J01000007,Birmingham 096,E02001922,31.227,1.42482147732544,21.916429880476542
Birmingham,J01000007,Birmingham 097,E02001923,31.6,1.74462894823456,18.11273396098176
Birmingham,J01000007,Birmingham 098,E02001924,19.836,1.15629418610382,17.154803888479453
Birmingham,J01000007,Birmingham 099,E02001925,36.06,2.20766707830048,16.333984573326127
Birmingham,J01000007,Birmingham 100,E02001926,30.329,1.76323612712097,17.20075917995255
Birmingham,J01000007,Birmingham 101,E02001927,30.527,1.51612413506317,20.134894824247407
Birmingham,J01000007,Birmingham 102,E02001928,25.511,1.60379848279572,15.90661188027162
Birmingham,J01000007,Birmingham 103,E02001929,25.293,1.39618670027924,18.11577204892537
Birmingham,J01000007,Birmingham 104,E02001930,23.72,1.28565377576447,18.449757195241556
Birmingham,J01000007,Birmingham 105,E02001931,34.061,2.50326813557434,13.606612697998164
Birmingham,J01000007,Birmingham 106,E02001932,41.834,3.3370076301422102,12.536381284275697
Birmingham,J01000007,Birmingham 107,E02001933,23.724,1.66000482810974,14.291524698162895
Birmingham,J01000007,Birmingham 108,E02001934,25.235,1.20650804772186,20.9157328437626
Birmingham,J01000007,Birmingham 109,E02001935,42.8,1.96826518704987,21.74503734639065
Birmingham,J01000007,Birmingham 110,E02001936,23.333,1.23246854064178,18.93192339647864
Birmingham,J01000007,Birmingham 111,E02001937,26.518,1.83661074740601,14.43855211968756
Birmingham,J01000007,Birmingham 112,E02001938,30.311,1.84907767814636,16.392496842201776
Birmingham,J01000007,Birmingham 113,E02001939,31.392,1.7182088904953,18.270188318575617
Birmingham,J01000007,Birmingham 115,E02001941,17.072,1.40247964094543,12.172725722058637
Birmingham,J01000007,Birmingham 116,E02001942,19.507,1.16292166729736,16.77413066465125
Birmingham,J01000007,Birmingham 117,E02001943,25.26,1.67835426228333,15.050457801224182
Birmingham,J01000007,Birmingham 118,E02001944,27.976,1.86879282928467,14.970091687856357
Birmingham,J01000007,Birmingham 119,E02001945,26.69,1.60721267634583,16.6063896787341
Birmingham,J01000007,Birmingham 120,E02001946,31.151,1.7985735508270302,17.319836592546338
Birmingham,J01000007,Birmingham 121,E02001947,22.958,1.22756093317413,18.702126615122083
Birmingham,J01000007,Birmingham 122,E02001948,23.27,1.25156931157684,18.59265786141908
Birmingham,J01000007,Birmingham 123,E02001949,35.314,1.9065216418457,18.52273754721849
Birmingham,J01000007,Birmingham 124,E02001950,37.198,1.88134447467804,19.7720303222863
Birmingham,J01000007,Birmingham 125,E02001951,37.219,1.61583961035156,23.03384553860653
Birmingham,J01000007,Birmingham 126,E02001952,37.132,1.66725703669739,22.27131101126042
Birmingham,J01000007,Birmingham 127,E02001953,38.771,2.1792994107666,17.790579765431012
Birmingham,J01000007,Birmingham 128,E02001954,34.542,1.83863891524506,18.786723001234925
Birmingham,J01000007,Birmingham 129,E02001955,47.555,2.84913572087097,16.691026563473997
Birmingham,J01000007,Birmingham 130,E02001956,35.771,1.61343455205536,22.170716472156368
Birmingham,J01000007,Birmingham 131,E02001957,28.857,1.340695597229,21.523901517721644
Birmingham,J01000007,Sandwell 032,E02002074,29.386,1.36821796550751,21.47757209802454
Birmingham,J01000007,Sandwell 036,E02002078,23.779,1.16122416593933,20.47752767939069
Birmingham,J01000007,Sandwell 037,E02002079,33.76,1.92937420797729,17.497901578871616
Birmingham,J01000007,Solihull 001,E02002081,37.293,1.8558203603363,20.09515618917016
Birmingham,J01000007,Solihull 002,E02002082,17.193,0.6973328870391851,24.655369507954784
Birmingham,J01000007,Solihull 003,E02002083,32.608,1.34614539647675,24.22323776119914
Birmingham,J01000007,Solihull 004,E02002084,37.588,1.45976864077759,25.74928584571978
Birmingham,J01000007,Solihull 005,E02002085,22.316,1.46196631854248,15.264373547434475
Birmingham,J01000007,Solihull 006,E02002086,30.131,1.45968242408752,20.642161269315523
Birmingham,J01000007,Solihull 007,E02002087,22.443,1.2020004090499898,18.67137467759932
Birmingham,J01000007,Solihull 008,E02002088,35.268,1.67985214072418,20.994704917776904
Birmingham,J01000007,Solihull 009,E02002089,246.237,15.0054746484604,16.40981080363656
Birmingham,J01000007,Walsall 039,E02002148,58.204,7.600176213500981,7.658243488697829
Birmingham,J01000007,Bromsgrove 003,E02006698,9.903,5.05819987731934,1.9578111265243687
Birmingham,J01000007,Bromsgrove 004,E02006699,4.758,2.19359598743439,2.169041166766955
Birmingham,J01000007,Bromsgrove 005,E02006700,28.634,17.1184091750717,1.6727021598302263
Birmingham,J01000007,Birmingham 132,E02006807,22.068,1.44523992145538,15.269437048055778
Birmingham,J01000007,Birmingham 133,E02006809,30.777,3.72639768986511,8.25918287887144
Birmingham,J01000007,Birmingham 134,E02006895,28.391,0.862739068855286,32.907979973215106
Birmingham,J01000007,Birmingham 135,E02006896,35.735,1.2576885998001102,28.41323361417088
Birmingham,J01000007,Birmingham 136,E02006897,23.389,0.837045207397461,27.94233787291014
Birmingham,J01000007,Birmingham 137,E02006898,27.433,1.03627787529755,26.472629257015708
Birmingham,J01000007,Birmingham 138,E02006899,30.692,1.1190919793624898,27.42580642699649
Birmingham,J01000007,Birmingham 139,E02006900,49.471,2.0083518732223498,24.632635674855635
Birmingham,J01000007,Birmingham 140,E02006901,43.954,2.37910390184784,18.47502329169445
Bradford,J01000013,Bradford 017,E02002199,62.564,8.915768949798581,7.017229848852622
Bradford,J01000013,Bradford 019,E02002201,57.538,2.71978017160034,21.15538623334554
Bradford,J01000013,Bradford 024,E02002206,33.665,1.8557364120636,18.141046207399757
Bradford,J01000013,Bradford 026,E02002208,37.009,1.49684758525085,24.724628188378865
Bradford,J01000013,Bradford 027,E02002209,27.22,1.58477172216797,17.17597532770398
Bradford,J01000013,Bradford 028,E02002210,28.273,1.3949459365387,20.26816900886798
Bradford,J01000013,Bradford 029,E02002211,26.85,2.2191154395904498,12.099415614428477
Bradford,J01000013,Bradford 030,E02002212,28.431,2.5614580858612097,11.099537469277376
Bradford,J01000013,Bradford 032,E02002214,23.802,1.04415375495911,22.79549337150265
Bradford,J01000013,Bradford 033,E02002215,34.983,1.0941314237518298,31.97330708228961
Bradford,J01000013,Bradford 034,E02002216,35.855,1.75071631707764,20.4801883950282
Bradford,J01000013,Bradford 035,E02002217,34.921,1.98188456100464,17.62009790433916
Bradford,J01000013,Bradford 036,E02002218,41.065,3.23100020147705,12.70968661073656
Bradford,J01000013,Bradford 037,E02002219,22.119,0.780426870056152,28.34218150178316
Bradford,J01000013,Bradford 038,E02002220,31.387,1.33998493275452,23.42339770603225
Bradford,J01000013,Bradford 039,E02002221,95.207,3.03979274917603,31.320227349646427
Bradford,J01000013,Bradford 040,E02002222,30.391,1.7798977232208302,17.07457659140419
Bradford,J01000013,Bradford 041,E02002223,48.855,2.06790649989319,23.62534282982495
Bradford,J01000013,Bradford 042,E02002224,28.342,1.03466397380066,27.392468199980463
Bradford,J01000013,Bradford 044,E02002226,52.411,1.8209471729583704,28.78227374100665
Bradford,J01000013,Bradford 045,E02002227,63.134,2.16197879193115,29.201951580480888
Bradford,J01000013,Bradford 046,E02002228,57.214,2.52104753102112,22.694534433004584
Bradford,J01000013,Bradford 047,E02002229,36.718,3.91377042771912,9.381745985903072
Bradford,J01000013,Bradford 048,E02002230,44.658,1.43135265161133,31.199858364552394
Bradford,J01000013,Bradford 049,E02002231,51.251,2.74992306518555,18.63724867391585
Bradford,J01000013,Bradford 050,E02002232,23.646,1.05766883711243,22.356714285500345
Bradford,J01000013,Bradford 051,E02002233,24.657,0.863435340042114,28.55685753932351
Bradford,J01000013,Bradford 052,E02002234,31.64,1.63187592633057,19.38872894040761
Bradford,J01000013,Bradford 053,E02002235,42.965,1.63512510957336,26.27627681114292
Bradford,J01000013,Bradford 054,E02002236,26.84,1.16587078924561,23.02141905224946
Bradford,J01000013,Bradford 055,E02002237,33.145,1.44517417953491,22.9349516960418
Bradford,J01000013,Bradford 056,E02002238,34.789,1.0969631357116698,31.71391897087787
Bradford,J01000013,Bradford 057,E02002239,98.502,12.262229874939,8.032959829053114
Bradford,J01000013,Bradford 058,E02002240,67.923,7.24380109837341,9.37670693570701
Bradford,J01000013,Bradford 059,E02002241,55.739,2.75483766590881,20.2331341297426
Bradford,J01000013,Bradford 060,E02002242,69.207,3.8343602847137497,18.049164622298026
Bradford,J01000013,Bradford 061,E02002243,49.88,5.614035034637451,8.884875084008307
Bradford,J01000013,Kirklees 001,E02002271,52.929,6.71587813735962,7.881173380077039
Bradford,J01000013,Kirklees 003,E02002273,72.556,7.688165615982061,9.437361735440703
Brighton & Hove,J01000014,Brighton and Hove 001,E02003491,45.651,3.17935151351166,14.358588475037012
Brighton & Hove,J01000014,Brighton and Hove 002,E02003492,58.283,6.02890424607849,9.6672625109132
Brighton & Hove,J01000014,Brighton and Hove 003,E02003493,69.168,10.2642415475769,6.738734633181799
Brighton & Hove,J01000014,Brighton and Hove 004,E02003494,33.395,1.68690260542679,19.79663786905528
Brighton & Hove,J01000014,Brighton and Hove 006,E02003496,41.536,5.70667930352783,7.278488555388549
Brighton & Hove,J01000014,Brighton and Hove 007,E02003497,35.56,2.38553791836548,14.90649120528965
Brighton & Hove,J01000014,Brighton and Hove 008,E02003498,42.303,3.59015142448807,11.78306845540146
Brighton & Hove,J01000014,Brighton and Hove 009,E02003499,31.734,3.0656629353714,10.351431539930688
Brighton & Hove,J01000014,Brighton and Hove 010,E02003500,17.109,0.696452768856049,24.565915687437364
Brighton & Hove,J01000014,Brighton and Hove 011,E02003501,38.288,1.8441576072464,20.761782967763608
Brighton & Hove,J01000014,Brighton and Hove 013,E02003503,36.084,1.91204846113968,18.87190661396316
Brighton & Hove,J01000014,Brighton and Hove 014,E02003504,24.38,1.15283117949295,21.14793599763936
Brighton & Hove,J01000014,Brighton and Hove 015,E02003505,18.644,0.58317451209259,31.96984712706359
Brighton & Hove,J01000014,Brighton and Hove 016,E02003506,18.693,0.746685491634369,25.03463668362454
Brighton & Hove,J01000014,Brighton and Hove 018,E02003508,23.752,0.860290873733521,27.609266499504084
Brighton & Hove,J01000014,Brighton and Hove 019,E02003509,19.019,0.740548788131714,25.682305210412792
Brighton & Hove,J01000014,Brighton and Hove 020,E02003510,18.853,0.816640619365692,23.086042443790834
Brighton & Hove,J01000014,Brighton and Hove 021,E02003511,34.162,1.60433738513947,21.293526110176757
Brighton & Hove,J01000014,Brighton and Hove 022,E02003512,16.689,0.4704653606300349,35.473387408693654
Brighton & Hove,J01000014,Brighton and Hove 023,E02003513,18.63,0.80629604253006,23.1056572490934
Brighton & Hove,J01000014,Brighton and Hove 024,E02003514,14.178,0.454255543403625,31.211506839889584
Brighton & Hove,J01000014,Brighton and Hove 025,E02003515,39.672,3.6425495404892,10.89127259877212
Brighton & Hove,J01000014,Brighton and Hove 026,E02003516,15.711,0.4696482759475709,33.452693866066475
Brighton & Hove,J01000014,Brighton and Hove 027,E02003517,38.192,1.37682486426163,27.73918527428816
Brighton & Hove,J01000014,Brighton and Hove 028,E02003518,24.183,0.820994232570648,29.455748945129173
Brighton & Hove,J01000014,Brighton and Hove 029,E02003519,14.437,0.451661941963196,31.964172002732987
Brighton & Hove,J01000014,Brighton and Hove 030,E02003520,20.302,0.647459484169006,31.35640220956371
Brighton & Hove,J01000014,Brighton and Hove 031,E02003521,22.64,0.828159059192657,27.33774357557706
Brighton & Hove,J01000014,Brighton and Hove 032,E02003522,38.846,2.60316087157822,14.92262749648999
Bristol,J01000015,Bristol 001,E02003012,61.151,3.47459318524551,17.599470424241666
Bristol,J01000015,Bristol 002,E02003013,54.397,2.7617216029624903,19.69677173167944
Bristol,J01000015,Bristol 003,E02003014,161.433,10.878094014164,14.840191653961025
Bristol,J01000015,Bristol 004,E02003015,37.213,1.53933509910202,24.174723243631888
Bristol,J01000015,Bristol 005,E02003016,29.824,1.07412476879501,27.765861905835752
Bristol,J01000015,Bristol 006,E02003017,29.537,1.37902750291061,21.41871713048396
Bristol,J01000015,Bristol 007,E02003018,30.507,2.72348802367783,11.201444520693354
Bristol,J01000015,Bristol 008,E02003019,126.327,7.506387372158049,16.82926736082921
Bristol,J01000015,Bristol 009,E02003020,35.158,2.53296683583069,13.880165939270928
Bristol,J01000015,Bristol 010,E02003021,26.256,1.07162952080536,24.501004769136888
Bristol,J01000015,Bristol 011,E02003022,28.739,1.27842001237869,22.48009239665048
Bristol,J01000015,Bristol 012,E02003023,47.318,2.55720988892365,18.503760760880105
Bristol,J01000015,Bristol 013,E02003024,48.769,1.7310171702690098,28.17360846421935
Bristol,J01000015,Bristol 014,E02003025,59.96,3.20519545985413,18.7071274594682
Bristol,J01000015,Bristol 015,E02003026,57.572,4.538488324451451,12.685281063702748
Bristol,J01000015,Bristol 016,E02003027,31.271,1.53465068592834,20.376624000974896
Bristol,J01000015,Bristol 017,E02003028,28.245,1.26424832318115,22.34133870862399
Bristol,J01000015,Bristol 018,E02003029,24.778,1.0077388120575,24.587720254031662
Bristol,J01000015,Bristol 019,E02003030,32.968,1.73270259955215,19.02692360969575
Bristol,J01000015,Bristol 020,E02003031,26.44,1.22595640735626,21.56683536327128
Bristol,J01000015,Bristol 021,E02003032,40.208,1.70271546299362,23.614045255282125
Bristol,J01000015,Bristol 022,E02003033,20.562,0.7770513937873841,26.461570192648225
Bristol,J01000015,Bristol 023,E02003034,33.507,1.25808450477219,26.633346069282798
Bristol,J01000015,Bristol 025,E02003036,25.354,0.801458833194733,31.634812606575466
Bristol,J01000015,Bristol 026,E02003037,24.673,0.830812035701752,29.697451336462347
Bristol,J01000015,Bristol 027,E02003038,30.545,0.93529477407074,32.65815317994043
Bristol,J01000015,Bristol 028,E02003039,25.817,1.15477030902863,22.356826979485422
Bristol,J01000015,Bristol 029,E02003040,30.058,1.33214868921661,22.56354733019785
Bristol,J01000015,Bristol 030,E02003041,25.922,1.12520826313019,23.03751300927013
Bristol,J01000015,Bristol 032,E02003043,62.932,2.46967286108398,25.48191746026561
Bristol,J01000015,Bristol 033,E02003044,32.263,1.37196710213089,23.51586998688982
Bristol,J01000015,Bristol 034,E02003045,18.715,0.632237085865021,29.60123728647507
Bristol,J01000015,Bristol 035,E02003046,47.488,1.79357972352219,26.4766597086324
Bristol,J01000015,Bristol 036,E02003047,41.988,1.90183522476196,22.077622421393187
Bristol,J01000015,Bristol 037,E02003048,20.497,0.891454152355194,22.992769673961995
Bristol,J01000015,Bristol 038,E02003049,46.557,3.13531538164902,14.849223868353985
Bristol,J01000015,Bristol 039,E02003050,42.161,1.47889352460098,28.508475626313565
Bristol,J01000015,Bristol 040,E02003051,16.57,0.958086891971588,17.294882268873984
Bristol,J01000015,Bristol 041,E02003052,37.098,1.74644729912567,21.24198080215332
Bristol,J01000015,Bristol 042,E02003053,29.386,1.43440203102875,20.48658560454242
Bristol,J01000015,Bristol 043,E02003054,47.357,2.44498020298767,19.36907298559375
Bristol,J01000015,Bristol 044,E02003055,29.734,1.4162599314537,20.994733621729985
Bristol,J01000015,Bristol 045,E02003056,33.883,1.81834921733093,18.633934382381884
Bristol,J01000015,Bristol 046,E02003057,31.226,2.3912021493454,13.058703551495311
Bristol,J01000015,Bristol 047,E02003058,43.738,2.64296882270432,16.548814206308613
Bristol,J01000015,Bristol 048,E02003059,34.876,1.63835197979736,21.28724500599294
Bristol,J01000015,Bristol 049,E02003060,36.386,3.05870667388535,11.89587753237559
Bristol,J01000015,Bristol 050,E02003061,21.086,1.18422881224823,17.805680609956394
Bristol,J01000015,Bristol 051,E02003062,24.017,1.27088001701736,18.897928741035457
Bristol,J01000015,Bristol 052,E02003063,30.517,1.70879233220673,17.85881141015563
Bristol,J01000015,Bristol 053,E02003064,31.112,2.09391154059601,14.858316312227924
Bristol,J01000015,South Gloucestershire 020,E02003109,28.486,1.48876125828552,19.134028267772702
Bristol,J01000015,South Gloucestershire 021,E02003110,83.16,3.40840228265762,24.39852843167268
Bristol,J01000015,South Gloucestershire 022,E02003111,33.59,1.50279275486755,22.3517180870096
Bristol,J01000015,South Gloucestershire 023,E02003112,28.626,1.1830840834045402,24.196082426891813
Bristol,J01000015,South Gloucestershire 025,E02003114,35.148,1.36249975310898,25.79670192218279
Bristol,J01000015,South Gloucestershire 026,E02003115,48.013,1.5451569797515898,31.07321820965977
Bristol,J01000015,South Gloucestershire 027,E02003116,31.358,1.3767790171051,22.77634944345336
Bristol,J01000015,South Gloucestershire 028,E02003117,43.507,1.68281130718613,25.853760201284317
Bristol,J01000015,South Gloucestershire 029,E02003118,55.441,3.49917874601364,15.844003414561175
Bristol,J01000015,South Gloucestershire 030,E02003119,42.144,3.94047489451218,10.695157596028109
Bristol,J01000015,South Gloucestershire 031,E02003120,63.002,3.19216963038635,19.7364198319169
Bristol,J01000015,South Gloucestershire 032,E02003121,69.864,4.79011875366592,14.585024629406623
Bristol,J01000015,Bristol 054,E02006887,57.182,1.95349468144608,29.271643554038683
Bristol,J01000015,Bristol 055,E02006888,22.845,0.730078413146973,31.291159399615125
Bristol,J01000015,Bristol 056,E02006889,46.224,1.59040369217682,29.064318843935908
Bristol,J01000015,Bristol 057,E02006890,24.928,1.01317290073776,24.603895329067957
Cambridge,J01000019,Cambridge 001,E02003719,33.558,1.57140563116455,21.35540266272978
Cambridge,J01000019,Cambridge 002,E02003720,28.926,1.50028999453735,19.28027255085442
Cambridge,J01000019,Cambridge 003,E02003721,54.117,2.6040103985900904,20.782175074761984
Cambridge,J01000019,Cambridge 004,E02003722,27.484,1.52084392666626,18.071545355903705
Cambridge,J01000019,Cambridge 005,E02003723,52.807,3.41490321772766,15.463688612276034
Cambridge,J01000019,Cambridge 006,E02003724,51.364,3.95320425028992,12.99300434482561
Cambridge,J01000019,Cambridge 007,E02003725,80.744,6.13976417488098,13.150993702712569
Cambridge,J01000019,Cambridge 008,E02003726,24.106,1.05229985423279,22.90791916679984
Cambridge,J01000019,Cambridge 009,E02003727,28.238,1.4912714559631302,18.935519678248404
Cambridge,J01000019,Cambridge 010,E02003728,29.252,1.93670510891724,15.104003116072745
Cambridge,J01000019,Cambridge 011,E02003729,38.802,3.6647737719574,10.587829539959674
Cambridge,J01000019,Cambridge 012,E02003730,90.543,7.33129506016541,12.350205421681276
Cambridge,J01000019,Cambridge 013,E02003731,56.24,4.51649414768982,12.452136139436089
Cambridge,J01000019,South Cambridgeshire 007,E02003781,144.355,28.2972738802643,5.101374804188442
Cambridge,J01000019,South Cambridgeshire 009,E02003783,140.708,31.7234947147446,4.435450799643491
Cambridge,J01000019,South Cambridgeshire 011,E02003785,147.028,46.0433564368439,3.193251130631045
Cambridge,J01000019,South Cambridgeshire 012,E02003786,57.918,15.7988556134491,3.665961726411128
Carlisle,J01000021,Carlisle 003,E02003989,50.351,3.9584995956420896,12.719718363854676
Carlisle,J01000021,Carlisle 004,E02003990,176.185,35.574495143035904,4.952565012984875
Carlisle,J01000021,Carlisle 005,E02003991,120.845,57.9391698707428,2.0857219782332845
Carlisle,J01000021,Carlisle 006,E02003992,68.666,3.7995477216491698,18.07215095858724
Carlisle,J01000021,Carlisle 008,E02003994,48.168,2.09895114846802,22.94860460909574
Carlisle,J01000021,Carlisle 009,E02003995,45.505,2.2273313013916,20.43027903912149
Carlisle,J01000021,Carlisle 010,E02003996,61.334,3.25069096166992,18.867988597873964
Carlisle,J01000021,Carlisle 011,E02003997,43.451,2.40838944132996,18.041517395129212
Carlisle,J01000021,Carlisle 012,E02003998,23.545,1.56791002714539,15.016805551570537
Carlisle,J01000021,Carlisle 013,E02003999,278.218,86.3115740289917,3.2234147404906293
Coventry,J01000028,Coventry 001,E02001958,43.668,2.68118118268585,16.28685158690244
Coventry,J01000028,Coventry 002,E02001959,42.59,4.2863168059082,9.936269745926044
Coventry,J01000028,Coventry 004,E02001961,23.211,1.51020747117615,15.369411450416983
Coventry,J01000028,Coventry 005,E02001962,29.688,1.42754187774658,20.796587800887107
Coventry,J01000028,Coventry 006,E02001963,25.044,1.2851987744140598,19.486479833765724
Coventry,J01000028,Coventry 007,E02001964,49.416,3.29480430976105,14.998159330313552
Coventry,J01000028,Coventry 008,E02001965,49.673,2.25911007432556,21.987861753407252
Coventry,J01000028,Coventry 009,E02001966,28.605,1.17486132144165,24.347554454256223
Coventry,J01000028,Coventry 010,E02001967,88.825,16.3506281602478,5.432512997632369
Coventry,J01000028,Coventry 011,E02001968,32.648,1.5878299036026,20.56139635985285
Coventry,J01000028,Coventry 012,E02001969,22.0,0.9310237552795412,23.629901895891443
Coventry,J01000028,Coventry 013,E02001970,25.225,1.75044749552917,14.41060075462266
Coventry,J01000028,Coventry 014,E02001971,21.496,1.1136903350296,19.30159517764754
Coventry,J01000028,Coventry 015,E02001972,42.234,1.88985236573792,22.34777740615158
Coventry,J01000028,Coventry 016,E02001973,32.636,1.29310591177368,25.238458584753552
Coventry,J01000028,Coventry 017,E02001974,43.858,2.0387829683914203,21.511853237916505
Coventry,J01000028,Coventry 018,E02001975,36.185,1.19564477168274,30.26400554495257
Coventry,J01000028,Coventry 019,E02001976,59.187,3.36562946766663,17.5857148175714
Coventry,J01000028,Coventry 020,E02001977,35.554,1.47084640218353,24.17247643752514
Coventry,J01000028,Coventry 021,E02001978,25.454,0.998949387413025,25.480770418127108
Coventry,J01000028,Coventry 022,E02001979,25.185,1.38675619406128,18.161087080666096
Coventry,J01000028,Coventry 023,E02001980,27.461,1.37585707926941,19.95919519095834
Coventry,J01000028,Coventry 024,E02001981,37.431,1.2403334405365,30.178175300836365
Coventry,J01000028,Coventry 025,E02001982,37.007,2.05875176339722,17.975455155862704
Coventry,J01000028,Coventry 026,E02001983,42.654,2.05848592858124,20.72105493060048
Coventry,J01000028,Coventry 027,E02001984,44.853,1.5868918187561,28.264686647107705
Coventry,J01000028,Coventry 028,E02001985,33.731,1.21179647246552,27.83553242350256
Coventry,J01000028,Coventry 029,E02001986,30.297,1.99201274819946,15.209240014846715
Coventry,J01000028,Coventry 030,E02001987,16.411,0.839364421821594,19.55169837242416
Coventry,J01000028,Coventry 031,E02001988,68.265,2.18388462003326,31.258519508672737
Coventry,J01000028,Coventry 032,E02001989,30.074,1.3079643398056,22.992981601065544
Coventry,J01000028,Coventry 033,E02001990,53.419,2.26677176218414,23.56611322373643
Coventry,J01000028,Coventry 034,E02001991,38.584,3.34485776991272,11.535318585760615
Coventry,J01000028,Coventry 035,E02001992,47.23,2.85588134113312,16.53780194567211
Coventry,J01000028,Coventry 036,E02001993,64.022,4.0654118908309895,15.74797381401706
Coventry,J01000028,Coventry 037,E02001994,30.213,1.37432198547363,21.98393121797273
Coventry,J01000028,Coventry 038,E02001995,95.42,4.541897638099671,21.00883982931938
Coventry,J01000028,Coventry 039,E02001996,30.636,1.54223130574036,19.86472449753116
Coventry,J01000028,Coventry 040,E02001997,41.584,2.16160007479858,19.237601110776627
Coventry,J01000028,Coventry 041,E02001998,25.027,1.31965146074677,18.96485605815767
Coventry,J01000028,Coventry 042,E02001999,66.238,4.67172753897095,14.1784809682181
Coventry,J01000028,Coventry 043,E02006805,27.935,1.31815161444092,21.192554554392693
Coventry,J01000028,Nuneaton and Bedworth 018,E02006806,27.782,5.59448204484558,4.965964637530059
Derby,J01000031,Derby 001,E02002796,33.048,3.34947656098938,9.86661629011017
Derby,J01000031,Derby 002,E02002797,47.921,3.1129098505706803,15.394278119302038
Derby,J01000031,Derby 003,E02002798,48.841,2.36710316955566,20.63323670390259
Derby,J01000031,Derby 004,E02002799,44.208,2.08118632785034,21.241730934136253
Derby,J01000031,Derby 005,E02002800,46.13,3.21169606886292,14.363127460043884
Derby,J01000031,Derby 006,E02002801,31.942,1.60540843548584,19.896494433414063
Derby,J01000031,Derby 007,E02002802,56.969,2.99634954162598,19.012801813865003
Derby,J01000031,Derby 008,E02002803,42.646,1.94690594598389,21.904499335456283
Derby,J01000031,Derby 009,E02002804,40.431,2.09735286447144,19.27715678410134
Derby,J01000031,Derby 010,E02002805,25.05,2.22608979078674,11.252915360232114
Derby,J01000031,Derby 011,E02002806,21.551,0.765085119338989,28.16810764613933
Derby,J01000031,Derby 012,E02002807,53.536,2.8249881446075404,18.95087598940613
Derby,J01000031,Derby 013,E02002808,57.956,2.21383083226013,26.179055398208515
Derby,J01000031,Derby 014,E02002809,75.374,5.72998261528015,13.15431565167407
Derby,J01000031,Derby 015,E02002810,39.858,2.9222769661407497,13.63936425664598
Derby,J01000031,Derby 016,E02002811,28.542,0.998595351715088,28.58214786497765
Derby,J01000031,Derby 017,E02002812,56.994,2.53497511108398,22.4830609779158
Derby,J01000031,Derby 018,E02002813,43.86,1.84013831051636,23.835164861978484
Derby,J01000031,Derby 019,E02002814,44.043,2.13653294398499,20.6142386542622
Derby,J01000031,Derby 020,E02002815,23.288,0.830804979492188,28.03064566877572
Derby,J01000031,Derby 021,E02002816,51.188,3.3488460181732203,15.285265348785076
Derby,J01000031,Derby 022,E02002817,27.611,1.69008952807617,16.337004366525846
Derby,J01000031,Derby 023,E02002818,27.987,1.2933758526306198,21.63872160059023
Derby,J01000031,Derby 024,E02002819,105.752,5.14008301950073,20.5739867622356
Derby,J01000031,Derby 025,E02002820,42.39,1.7222067505645802,24.61376950595714
Derby,J01000031,Derby 026,E02002821,63.653,2.9070991967620903,21.895709671997547
Derby,J01000031,Derby 027,E02002822,21.478,1.67253540673828,12.841581657087694
Derby,J01000031,Derby 028,E02002823,34.993,1.94956806513977,17.949104022429324
Derby,J01000031,Derby 029,E02002824,77.265,5.40125321714783,14.305013465152877
Derby,J01000031,Derby 030,E02002825,35.892,2.7884798003387496,12.871529496336956
Derby,J01000031,Derby 031,E02002826,34.911,2.3002393304595903,15.177116371201576
Derby,J01000031,South Derbyshire 003,E02004120,98.264,16.650636375,5.901516181539938
Doncaster,J01000032,Doncaster 007,E02001545,65.445,13.4214005666962,4.8761677050601495
Doncaster,J01000032,Doncaster 011,E02001549,40.402,4.17755990235901,9.671195852197249
Doncaster,J01000032,Doncaster 015,E02001553,82.713,5.34287791345215,15.4809825977396
Doncaster,J01000032,Doncaster 018,E02001556,44.937,2.75377159858704,16.318346816801064
Doncaster,J01000032,Doncaster 019,E02001557,84.049,3.81705029801941,22.019358781730315
Doncaster,J01000032,Doncaster 021,E02001559,55.879,8.718110008377081,6.409531417509854
Doncaster,J01000032,Doncaster 022,E02001560,89.477,3.97491443849182,22.510421641666778
Doncaster,J01000032,Doncaster 023,E02001561,31.528,1.3116538319397,24.036829864916232
Doncaster,J01000032,Doncaster 024,E02001562,32.608,3.03621046685791,10.739703441489388
Doncaster,J01000032,Doncaster 025,E02001563,55.434,2.59536076739502,21.358880313059316
Doncaster,J01000032,Doncaster 027,E02001565,63.271,5.56492508135986,11.369604994671183
Doncaster,J01000032,Doncaster 028,E02001566,99.627,5.98978829148865,16.63280823156432
Doncaster,J01000032,Doncaster 029,E02001567,40.398,2.17622165219116,18.563366447220435
Doncaster,J01000032,Doncaster 033,E02001571,118.763,31.7214677831421,3.743931422464468
Doncaster,J01000032,Doncaster 034,E02001572,49.246,7.52359359597778,6.545542282657002
Exeter,J01000035,Exeter 001,E02004149,62.612,7.16252263035584,8.741612868996882
Exeter,J01000035,Exeter 002,E02004150,31.268,2.98663730998802,10.469299333880423
Exeter,J01000035,Exeter 003,E02004151,58.315,3.69517742809486,15.781380227272534
Exeter,J01000035,Exeter 004,E02004152,22.49,1.03859413447189,21.65427211028477
Exeter,J01000035,Exeter 005,E02004153,30.569,3.3459730790824898,9.136056769584776
Exeter,J01000035,Exeter 006,E02004154,30.298,1.08737637081528,27.863397452055658
Exeter,J01000035,Exeter 007,E02004155,30.4,1.58900578582764,19.13145960268863
Exeter,J01000035,Exeter 008,E02004156,48.937,1.9138192039165496,25.57033595433284
Exeter,J01000035,Exeter 009,E02004157,30.224,1.43973470181084,20.99275648630645
Exeter,J01000035,Exeter 010,E02004158,24.942,1.05396259129334,23.664976542851623
Exeter,J01000035,Exeter 011,E02004159,153.922,7.17770246749306,21.444466484518408
Exeter,J01000035,Exeter 012,E02004160,42.48,2.8917485736579898,14.690073814496207
Exeter,J01000035,Exeter 013,E02004161,38.288,1.80386179439926,21.225572889718556
Exeter,J01000035,Exeter 014,E02004162,85.213,5.04864129128838,16.87840254110313
Leeds,J01000051,Leeds 012,E02002341,64.103,13.3939858109131,4.785954002412814
Leeds,J01000051,Leeds 013,E02002342,30.372,3.0270131312561,10.033653203016245
Leeds,J01000051,Leeds 015,E02002344,36.454,1.86980270649719,19.49617458212551
Leeds,J01000051,Leeds 016,E02002345,42.389,5.28925115130615,8.014177959678145
Leeds,J01000051,Leeds 017,E02002346,28.028,1.4687982150421102,19.082267198422787
Leeds,J01000051,Leeds 018,E02002347,34.131,1.88057240794373,18.149261286524872
Leeds,J01000051,Leeds 019,E02002348,40.447,2.3741511293487503,17.036404928061575
Leeds,J01000051,Leeds 020,E02002349,48.185,4.63327768847656,10.399765185635449
Leeds,J01000051,Leeds 023,E02002352,38.251,1.60842136495972,23.781703497179
Leeds,J01000051,Leeds 024,E02002353,30.534,1.25384061494446,24.352377515983186
Leeds,J01000051,Leeds 025,E02002354,37.588,1.99161312763977,18.873143322039137
Leeds,J01000051,Leeds 029,E02002358,56.555,2.9615255716857902,19.096576622773235
Leeds,J01000051,Leeds 031,E02002360,32.57,1.62907729858398,19.99291256977822
Leeds,J01000051,Leeds 032,E02002361,34.404,1.9208171963501,17.911126610785153
Leeds,J01000051,Leeds 033,E02002362,34.842,2.5499113131103504,13.664004634537724
Leeds,J01000051,Leeds 034,E02002363,35.518,1.42237671720886,24.97088118096957
Leeds,J01000051,Leeds 035,E02002364,40.512,1.58334734715271,25.58629985571493
Leeds,J01000051,Leeds 037,E02002366,41.311,2.29382254631042,18.009675624842096
Leeds,J01000051,Leeds 038,E02002367,31.696,1.78860180387878,17.721104793288106
Leeds,J01000051,Leeds 040,E02002369,37.736,1.71326681208801,22.025757887652063
Leeds,J01000051,Leeds 041,E02002370,32.229,1.98180665306091,16.262434052394642
Leeds,J01000051,Leeds 042,E02002371,50.935,1.76351527990723,28.882653062512414
Leeds,J01000051,Leeds 044,E02002373,25.004,0.864250288238525,28.931433799069943
Leeds,J01000051,Leeds 045,E02002374,33.079,1.67493926663208,19.74937280353712
Leeds,J01000051,Leeds 046,E02002375,25.783,2.45215218247986,10.514437147993672
Leeds,J01000051,Leeds 047,E02002376,26.049,1.1066597929840098,23.53839921278895
Leeds,J01000051,Leeds 048,E02002377,23.857,0.513254849136353,46.48178198441544
Leeds,J01000051,Leeds 050,E02002379,30.442,1.2505065931243902,24.3437341053442
Leeds,J01000051,Leeds 051,E02002380,25.894,1.34670460267639,19.227676172294384
Leeds,J01000051,Leeds 052,E02002381,31.086,2.16596827201843,14.352010785010933
Leeds,J01000051,Leeds 053,E02002382,21.978,0.473655761047363,46.40078683177321
Leeds,J01000051,Leeds 054,E02002383,19.142,0.408161997909546,46.89804562413504
Leeds,J01000051,Leeds 055,E02002384,59.643,1.95179561758423,30.55801512343856
Leeds,J01000051,Leeds 056,E02002385,39.427,1.34111818331909,29.398602218950906
Leeds,J01000051,Leeds 057,E02002386,65.66,7.000457807800291,9.379386577666114
Leeds,J01000051,Leeds 058,E02002387,28.389,1.1680991650238,24.303587272422693
Leeds,J01000051,Leeds 059,E02002388,33.453,1.8160130561370904,18.421123067892
Leeds,J01000051,Leeds 060,E02002389,37.646,2.02462454689026,18.594064789850894
Leeds,J01000051,Leeds 061,E02002390,43.322,1.7803936280517598,24.3328213027847
Leeds,J01000051,Leeds 063,E02002392,40.622,1.32748875402832,30.600635882398887
Leeds,J01000051,Leeds 064,E02002393,45.775,1.37989400302124,33.17283784100582
Leeds,J01000051,Leeds 065,E02002394,33.212,1.08006254888916,30.750070941871297
Leeds,J01000051,Leeds 067,E02002396,48.095,2.09153017739868,22.99512601812788
Leeds,J01000051,Leeds 068,E02002397,37.24,1.83489992987061,20.295384720313344
Leeds,J01000051,Leeds 069,E02002398,61.656,7.946034372131351,7.759342221856274
Leeds,J01000051,Leeds 070,E02002399,69.227,3.94139418122864,17.56408946095822
Leeds,J01000051,Leeds 071,E02002400,61.665,2.58700248461914,23.836467249886837
Leeds,J01000051,Leeds 072,E02002401,54.92,3.74749407330322,14.655126579450704
Leeds,J01000051,Leeds 073,E02002402,56.638,4.21680838742065,13.431485331171167
Leeds,J01000051,Leeds 075,E02002404,51.632,1.7476303768158,29.54400466194346
Leeds,J01000051,Leeds 078,E02002407,29.431,1.31533248956299,22.375331129985423
Leeds,J01000051,Leeds 080,E02002409,41.916,4.851543955322271,8.639723845852627
Leeds,J01000051,Leeds 081,E02002410,38.513,2.10798560809326,18.27004883341506
Leeds,J01000051,Leeds 082,E02002411,67.719,2.15329045315552,31.449078270310352
Leeds,J01000051,Leeds 083,E02002412,55.16,4.93576476919556,11.175573103535497
Leeds,J01000051,Leeds 085,E02002414,41.825,1.30126336297607,32.141840914005016
Leeds,J01000051,Leeds 086,E02002415,27.443,0.7157948555297851,38.33919703109415
Leeds,J01000051,Leeds 090,E02002419,75.349,2.91230979179382,25.872590962786703
Leeds,J01000051,Leeds 091,E02002420,48.871,2.00835678118896,24.33382377959162
Leeds,J01000051,Leeds 092,E02002421,29.418,1.3838047953186,21.258778766716844
Leeds,J01000051,Leeds 094,E02002423,38.713,1.53347988562012,25.24519582097091
Leeds,J01000051,Leeds 099,E02002428,50.007,3.81705896076965,13.10092417066486
Leeds,J01000051,Leeds 101,E02002430,33.062,2.67830367835999,12.344380611927065
Leeds,J01000051,Leeds 109,E02006852,72.932,4.44799609423828,16.396597131565066
Leeds,J01000051,Leeds 110,E02006861,39.258,1.4774741232147202,26.57102373785173
Leeds,J01000051,Leeds 111,E02006875,86.203,2.51875222961426,34.22448583328966
Leeds,J01000051,Leeds 112,E02006876,122.78,5.20167263380432,23.603946008075297
Leicester,J01000052,Leicester 001,E02002827,53.445,4.98869633712769,10.713219724809244
Leicester,J01000052,Leicester 002,E02002828,64.166,3.69335845695496,17.373347523084053
Leicester,J01000052,Leicester 003,E02002829,48.781,3.070051717453,15.889308874728036
Leicester,J01000052,Leicester 004,E02002830,74.396,3.923237957916261,18.96290788324085
Leicester,J01000052,Leicester 005,E02002831,23.533,1.25951710620117,18.68414480766989
Leicester,J01000052,Leicester 006,E02002832,31.7,1.33637322515869,23.72091823093487
Leicester,J01000052,Leicester 007,E02002833,16.754,0.851992432693481,19.66449390522644
Leicester,J01000052,Leicester 008,E02002834,70.854,3.1568312964935297,22.44465837585351
Leicester,J01000052,Leicester 009,E02002835,62.121,3.7049972301788303,16.766814154136785
Leicester,J01000052,Leicester 010,E02002836,27.487,1.16958352864075,23.501527960080328
Leicester,J01000052,Leicester 011,E02002837,22.415,1.12406472894287,19.941022454356567
Leicester,J01000052,Leicester 012,E02002838,32.01,1.82450568165588,17.544478113627164
Leicester,J01000052,Leicester 013,E02002839,31.704,1.4508285162506098,21.8523413655619
Leicester,J01000052,Leicester 016,E02002842,19.661,0.7888774842834471,24.922754663049453
Leicester,J01000052,Leicester 017,E02002843,25.677,0.976699459701538,26.28956097492512
Leicester,J01000052,Leicester 018,E02002844,29.458,0.965282552688599,30.517489327814648
Leicester,J01000052,Leicester 019,E02002845,46.73,2.22675094024658,20.985732690349884
Leicester,J01000052,Leicester 020,E02002846,45.825,2.7788686974945103,16.4905236585366
Leicester,J01000052,Leicester 021,E02002847,28.268,1.38505297270203,20.409327698747425
Leicester,J01000052,Leicester 022,E02002848,15.573,0.529399605895996,29.41634226123587
Leicester,J01000052,Leicester 023,E02002849,34.619,1.25762091549683,27.527372973376146
Leicester,J01000052,Leicester 025,E02002851,43.866,3.17016292578125,13.837143713738223
Leicester,J01000052,Leicester 026,E02002852,32.65,2.07561422050476,15.73028343969429
Leicester,J01000052,Leicester 027,E02002853,29.801,1.40158686738586,21.26232821771704
Leicester,J01000052,Leicester 028,E02002854,31.851,1.47696811001587,21.565123704436488
Leicester,J01000052,Leicester 029,E02002855,23.991,1.49310561711121,16.067851949024643
Leicester,J01000052,Leicester 030,E02002856,51.515,2.58863209173584,19.900471822342265
Leicester,J01000052,Leicester 031,E02002857,32.136,1.54702888778687,20.77272134586493
Leicester,J01000052,Leicester 032,E02002858,34.428,2.10751822209167,16.335801816143203
Leicester,J01000052,Leicester 034,E02002860,34.359,3.3047006266098,10.397008347242618
Leicester,J01000052,Leicester 035,E02002861,30.852,1.64031440019226,18.80858937553914
Leicester,J01000052,Leicester 036,E02002862,26.178,1.36324034020996,19.20277681627892
Leicester,J01000052,Blaby 002,E02005334,31.877,1.57472473834991,20.242902917371204
Leicester,J01000052,Blaby 003,E02005335,121.72,23.4078189427338,5.199971868279682
Leicester,J01000052,Blaby 004,E02005336,57.23,2.47545825251007,23.118951790832995
Leicester,J01000052,Blaby 005,E02005337,45.948,2.49790331541443,18.394627092432803
Leicester,J01000052,Charnwood 021,E02005365,56.494,4.660259669281009,12.122500463309152
Leicester,J01000052,Leicester 037,E02006815,38.041,2.12119132780457,17.933790083600037
Leicester,J01000052,Harborough 011,E02006816,79.9,23.3005235833282,3.42910749255306
Leicester,J01000052,Leicester 038,E02006817,36.6,2.1476039296264604,17.04224857065053
Leicester,J01000052,Leicester 039,E02006819,34.282,2.02914119302368,16.89483221663616
Leicester,J01000052,Blaby 013,E02006820,71.976,5.0679011031799295,14.20232923543784
Leicester,J01000052,Leicester 040,E02006850,35.136,1.16102024668884,30.26303813409436
Leicester,J01000052,Leicester 041,E02006851,37.503,1.2438150699157702,30.151588372811453
Lincoln,J01000053,Lincoln 001,E02005442,25.127,1.17517243778992,21.38154299062265
Lincoln,J01000053,Lincoln 002,E02005443,37.299,1.80992079605103,20.6080841114046
Lincoln,J01000053,Lincoln 003,E02005444,93.352,6.68685055218506,13.96053332902668
Lincoln,J01000053,Lincoln 004,E02005445,81.239,4.0532961628418,20.04270024597528
Lincoln,J01000053,Lincoln 005,E02005446,44.34,1.86146130595398,23.819995536934464
Lincoln,J01000053,Lincoln 006,E02005447,49.092,3.41907793414307,14.35825709316685
Lincoln,J01000053,Lincoln 007,E02005448,31.025,1.9068662566528296,16.270149986532857
Lincoln,J01000053,Lincoln 008,E02005449,62.145,5.81014650047302,10.695943724472455
Lincoln,J01000053,Lincoln 009,E02005450,55.527,3.818150004776,14.54290688698534
Lincoln,J01000053,Lincoln 010,E02005451,31.646,1.7279038290863,18.31467670092156
Lincoln,J01000053,Lincoln 011,E02005452,50.537,3.41728612802124,14.788635808281924
Liverpool,J01000054,Knowsley 006,E02001332,33.713,1.87409589670563,17.988940725638546
Liverpool,J01000054,Knowsley 008,E02001334,27.36,1.2190260038147,22.444147962703266
Liverpool,J01000054,Knowsley 010,E02001336,58.213,3.2497719393692,17.91294930415932
Liverpool,J01000054,Knowsley 011,E02001337,28.801,1.85696865535736,15.509685592650705
Liverpool,J01000054,Knowsley 012,E02001338,21.718,1.09511442596436,19.8317175676643
Liverpool,J01000054,Knowsley 014,E02001340,36.115,1.84702938877106,19.55301860358025
Liverpool,J01000054,Knowsley 015,E02001341,47.603,2.358807364151,20.1809612448508
Liverpool,J01000054,Knowsley 016,E02001342,45.584,3.38382318278503,13.471153053122132
Liverpool,J01000054,Knowsley 017,E02001343,130.67,21.4065530369949,6.104205556783267
Liverpool,J01000054,Knowsley 018,E02001344,25.396,2.54207990764618,9.99024457241206
Liverpool,J01000054,Knowsley 019,E02001345,20.81,1.31287998951721,15.850649081529935
Liverpool,J01000054,Knowsley 020,E02001346,51.923,3.25136075218964,15.9696213239433
Liverpool,J01000054,Liverpool 001,E02001347,38.426,2.26332881777191,16.977648010432585
Liverpool,J01000054,Liverpool 002,E02001348,24.333,1.05809071111298,22.997083089789815
Liverpool,J01000054,Liverpool 003,E02001349,25.448,1.24819463459778,20.387846009449
Liverpool,J01000054,Liverpool 004,E02001350,62.781,2.89375895629883,21.69531082170646
Liverpool,J01000054,Liverpool 005,E02001351,51.561,3.03710303406525,16.977033515713202
Liverpool,J01000054,Liverpool 006,E02001352,24.907,1.06115977007294,23.471489122027297
Liverpool,J01000054,Liverpool 007,E02001353,28.196,2.35942730157471,11.95035760634865
Liverpool,J01000054,Liverpool 008,E02001354,38.646,1.67148281544495,23.120788106764
Liverpool,J01000054,Liverpool 009,E02001355,32.576,1.3439344268493698,24.239277861472008
Liverpool,J01000054,Liverpool 010,E02001356,30.593,1.27474550547791,23.999300149350592
Liverpool,J01000054,Liverpool 011,E02001357,29.996,1.10000569493103,27.268949732010924
Liverpool,J01000054,Liverpool 012,E02001358,25.898,0.5981853022155761,43.29427671338336
Liverpool,J01000054,Liverpool 013,E02001359,29.395,2.89452374144745,10.155383968383202
Liverpool,J01000054,Liverpool 014,E02001360,61.246,2.4001694010925303,25.51736555433192
Liverpool,J01000054,Liverpool 015,E02001361,31.429,1.50800162014771,20.841489544899492
Liverpool,J01000054,Liverpool 016,E02001362,33.199,1.34234879428101,24.73202206568232
Liverpool,J01000054,Liverpool 017,E02001363,26.634,1.56163556994629,17.055195535099163
Liverpool,J01000054,Liverpool 018,E02001364,25.92,1.0345254539032,25.054965928779676
Liverpool,J01000054,Liverpool 019,E02001365,36.773,0.87587858506012,41.984129566857625
Liverpool,J01000054,Liverpool 020,E02001366,38.069,1.53183881686401,24.851831394333704
Liverpool,J01000054,Liverpool 021,E02001367,38.119,2.47486778935242,15.402438935929707
Liverpool,J01000054,Liverpool 022,E02001368,72.179,3.42408719688416,21.079778594914643
Liverpool,J01000054,Liverpool 023,E02001369,50.211,2.04835629266357,24.51282532235072
Liverpool,J01000054,Liverpool 024,E02001370,34.792,1.1080871858902002,31.39825136778319
Liverpool,J01000054,Liverpool 025,E02001371,22.085,0.924212777641296,23.89601240567526
Liverpool,J01000054,Liverpool 026,E02001372,44.649,1.76449816024017,25.30407852276974
Liverpool,J01000054,Liverpool 027,E02001373,49.161,1.63704564150238,30.030317270130023
Liverpool,J01000054,Liverpool 028,E02001374,55.749,2.32892712457275,23.937631801264438
Liverpool,J01000054,Liverpool 029,E02001375,28.964,0.926156533470154,31.27333118460734
Liverpool,J01000054,Liverpool 030,E02001376,36.235,0.875146184066772,41.40451122304766
Liverpool,J01000054,Liverpool 031,E02001377,56.44,1.74742558847809,32.29894329815559
Liverpool,J01000054,Liverpool 032,E02001378,35.115,1.3466214496994,26.07637061465088
Liverpool,J01000054,Liverpool 034,E02001380,34.946,1.53302169187164,22.795502624189893
Liverpool,J01000054,Liverpool 035,E02001381,43.652,1.29286433074951,33.763790184151574
Liverpool,J01000054,Liverpool 036,E02001382,25.237,1.30164036379242,19.38861201758544
Liverpool,J01000054,Liverpool 037,E02001383,38.324,1.10252008161926,34.76036458557193
Liverpool,J01000054,Liverpool 038,E02001384,40.09,0.981375179908752,40.85083953695218
Liverpool,J01000054,Liverpool 039,E02001385,27.628,0.945015550773621,29.23549774115654
Liverpool,J01000054,Liverpool 040,E02001386,39.606,1.84251926065826,21.495569053563287
Liverpool,J01000054,Liverpool 041,E02001387,43.437,1.63691889131927,26.53582913017277
Liverpool,J01000054,Liverpool 042,E02001388,39.917,1.24400759494781,32.087424676595035
Liverpool,J01000054,Liverpool 043,E02001389,24.428,1.10434759375,22.11984717334383
Liverpool,J01000054,Liverpool 044,E02001390,41.863,1.24814107474518,33.540279097494434
Liverpool,J01000054,Liverpool 045,E02001391,34.749,2.63310815461731,13.19695126805391
Liverpool,J01000054,Liverpool 046,E02001392,30.954,1.74603011049652,17.72821660629758
Liverpool,J01000054,Liverpool 047,E02001393,51.181,3.44689257787323,14.848446490194725
Liverpool,J01000054,Liverpool 048,E02001394,43.692,2.25560414427185,19.37042016479561
Liverpool,J01000054,Liverpool 049,E02001395,27.097,1.28245434381104,21.129017286866112
Liverpool,J01000054,Liverpool 050,E02001396,45.844,1.49000236328125,30.767736434352603
Liverpool,J01000054,Liverpool 051,E02001397,30.908,1.37640567314911,22.455588932065996
Liverpool,J01000054,Liverpool 052,E02001398,36.451,2.28844491653442,15.92828376013557
Liverpool,J01000054,Liverpool 053,E02001399,35.237,1.4492129996261598,24.314576262488515
Liverpool,J01000054,Liverpool 054,E02001400,49.878,3.1452625478363,15.858135605980571
Liverpool,J01000054,Liverpool 055,E02001401,59.383,3.09080475535584,19.21279559865415
Liverpool,J01000054,Liverpool 056,E02001402,45.662,2.52504880241394,18.08361088163811
Liverpool,J01000054,Liverpool 057,E02001403,39.869,1.77028983372498,22.521170963349597
Liverpool,J01000054,Liverpool 059,E02001405,48.45,2.14253074932861,22.61344441155976
Liverpool,J01000054,Liverpool 060,E02006932,46.86,1.47048216651917,31.867098470785237
Liverpool,J01000054,Liverpool 061,E02006933,45.489,1.62520844637299,27.98964040675441
Liverpool,J01000054,Liverpool 062,E02006934,42.629,1.30555096375275,32.65211484158747
Manchester,J01000058,Bury 023,E02001041,30.558,1.20720216810608,25.31307581060837
Manchester,J01000058,Bury 024,E02001042,35.057,1.45135074421692,24.154740085874344
Manchester,J01000058,Bury 025,E02001043,35.422,3.55583297520447,9.961660248668776
Manchester,J01000058,Bury 026,E02001044,28.664,1.2863179259033202,22.28376004312513
Manchester,J01000058,Manchester 001,E02001045,40.456,2.4190539921875,16.723892947679307
Manchester,J01000058,Manchester 002,E02001046,45.535,2.47150126419067,18.42402456343113
Manchester,J01000058,Manchester 003,E02001047,43.658,2.33955028022766,18.66085134778624
Manchester,J01000058,Manchester 004,E02001048,55.088,4.75183701119995,11.592990220447184
Manchester,J01000058,Manchester 005,E02001049,34.862,2.16075344836426,16.134186908918895
Manchester,J01000058,Manchester 006,E02001050,38.002,1.67050599478149,22.748795944890244
Manchester,J01000058,Manchester 007,E02001051,31.142,1.35502438905334,22.982612159296053
Manchester,J01000058,Manchester 008,E02001052,45.56,2.01713455647278,22.586495211141266
Manchester,J01000058,Manchester 009,E02001053,52.748,2.73486896244812,19.287212924740125
Manchester,J01000058,Manchester 011,E02001055,60.181,3.41658966044617,17.61434821884376
Manchester,J01000058,Manchester 012,E02001056,30.282,1.8227909056091296,16.612986112019545
Manchester,J01000058,Manchester 013,E02001057,53.644,2.35333254330444,22.7949085022534
Manchester,J01000058,Manchester 015,E02001059,85.997,3.69126294477844,23.297446236294007
Manchester,J01000058,Manchester 017,E02001061,53.905,1.92594137586975,27.98891008593481
Manchester,J01000058,Manchester 018,E02001062,66.815,2.59389037501526,25.75860593168164
Manchester,J01000058,Manchester 019,E02001063,51.458,1.71114183676147,30.07231714782341
Manchester,J01000058,Manchester 020,E02001064,59.469,2.5948006675109903,22.91852347064657
Manchester,J01000058,Manchester 021,E02001065,33.621,1.92056140364075,17.505818838317637
Manchester,J01000058,Manchester 022,E02001066,30.263,1.12789751808167,26.83133841048907
Manchester,J01000058,Manchester 023,E02001067,33.264,1.72168362605286,19.32062284652216
Manchester,J01000058,Manchester 024,E02001068,38.972,1.25651940682983,31.01583611694902
Manchester,J01000058,Manchester 025,E02001069,33.596,0.8788304212036131,38.22808040029859
Manchester,J01000058,Manchester 026,E02001070,32.096,1.54185080744934,20.816540643835648
Manchester,J01000058,Manchester 027,E02001071,35.501,1.44003590924072,24.65285745458835
Manchester,J01000058,Manchester 028,E02001072,29.691,1.0889312502594002,27.266184153432228
Manchester,J01000058,Manchester 029,E02001073,29.201,1.32963015475464,21.961746201061853
Manchester,J01000058,Manchester 030,E02001074,39.231,1.93371222840881,20.287920520770527
Manchester,J01000058,Manchester 031,E02001075,29.162,1.17197782589722,24.8827233379392
Manchester,J01000058,Manchester 032,E02001076,35.115,1.36110395361328,25.79891117558017
Manchester,J01000058,Manchester 033,E02001077,24.735,1.30316647566223,18.98069084951745
Manchester,J01000058,Manchester 034,E02001078,33.945,1.65438842892456,20.51815607902072
Manchester,J01000058,Manchester 035,E02001079,26.513,1.69876926867676,15.607181321717722
Manchester,J01000058,Manchester 036,E02001080,21.44,1.02931222459412,20.829442697481085
Manchester,J01000058,Manchester 037,E02001081,25.72,2.2181461505127,11.595268415498728
Manchester,J01000058,Manchester 038,E02001082,19.603,0.894651766052246,21.91131873186871
Manchester,J01000058,Manchester 039,E02001083,31.082,1.42096254727173,21.873905163565304
Manchester,J01000058,Manchester 040,E02001084,29.72,1.37237031723022,21.65596240815107
Manchester,J01000058,Manchester 041,E02001085,30.751,1.35460820753479,22.701028850225853
Manchester,J01000058,Manchester 042,E02001086,35.722,2.09059581414795,17.08699489315632
Manchester,J01000058,Manchester 043,E02001087,37.997,2.03377702998352,18.68297234151961
Manchester,J01000058,Manchester 045,E02001089,41.512,2.61824780108643,15.854878206247244
Manchester,J01000058,Stockport 001,E02001187,21.769,1.0787483258667,20.179869092737736
Manchester,J01000058,Stockport 002,E02001188,29.291,1.6811077495269802,17.423630346265266
Manchester,J01000058,Stockport 003,E02001189,35.364,2.2569923709259,15.66863958228286
Manchester,J01000058,Tameside 014,E02001242,36.248,3.04233180221558,11.914545275305729
Manchester,J01000058,Tameside 019,E02001247,33.103,1.7147218822021502,19.305171493751
Manchester,J01000058,Trafford 001,E02001259,54.861,1.78881460673523,30.668913253188908
Manchester,J01000058,Trafford 004,E02001262,37.829,1.6027060473632802,23.603205380197476
Manchester,J01000058,Manchester 054,E02006902,50.63,1.64373100656128,30.80187682650036
Manchester,J01000058,Manchester 055,E02006912,54.21,1.46255204641724,37.06534761124997
Manchester,J01000058,Manchester 056,E02006913,46.381,1.70981662367249,27.126300772757094
Manchester,J01000058,Manchester 057,E02006914,24.247,0.635478065994263,38.1555262053984
Manchester,J01000058,Manchester 058,E02006915,71.666,1.80776309503174,39.64346887983224
Manchester,J01000058,Manchester 059,E02006916,18.965,0.6517302542877199,29.09946235460093
Manchester,J01000058,Manchester 060,E02006917,28.099,0.966070098632813,29.085881076089446
Newcastle-upon-Tyne,J01000062,Newcastle upon Tyne 001,E02001708,142.091,21.7824446811523,6.523188837612296
Newcastle-upon-Tyne,J01000062,Newcastle upon Tyne 002,E02001709,70.725,8.07982196841431,8.753286925934582
Newcastle-upon-Tyne,J01000062,Newcastle upon Tyne 003,E02001710,38.546,1.9889586003875697,19.379991113183
Newcastle-upon-Tyne,J01000062,Newcastle upon Tyne 004,E02001711,116.982,17.8628855363312,6.548885943543171
Newcastle-upon-Tyne,J01000062,Newcastle upon Tyne 005,E02001712,42.814,2.0630494701995903,20.75277428798542
Newcastle-upon-Tyne,J01000062,Newcastle upon Tyne 006,E02001713,60.676,2.380558641922,25.48813498289284
Newcastle-upon-Tyne,J01000062,Newcastle upon Tyne 007,E02001714,56.85,3.00362704006958,18.9271168629122
Newcastle-upon-Tyne,J01000062,Newcastle upon Tyne 008,E02001715,58.032,3.48078951611328,16.672079633473416
Newcastle-upon-Tyne,J01000062,Newcastle upon Tyne 011,E02001718,31.52,1.31547715447998,23.960887418421297
Newcastle-upon-Tyne,J01000062,Newcastle upon Tyne 012,E02001719,48.406,1.98547515078735,24.38005833555981
Newcastle-upon-Tyne,J01000062,Newcastle upon Tyne 013,E02001720,33.187,1.31633129226685,25.211738256900944
Newcastle-upon-Tyne,J01000062,Newcastle upon Tyne 015,E02001722,41.329,2.1259031205291703,19.440678928827467
Newcastle-upon-Tyne,J01000062,Newcastle upon Tyne 016,E02001723,28.078,1.3246133350830098,21.19712919713316
Newcastle-upon-Tyne,J01000062,Newcastle upon Tyne 017,E02001724,40.243,1.23204096090698,32.66368674169298
Newcastle-upon-Tyne,J01000062,Newcastle upon Tyne 018,E02001725,38.331,1.06988317076111,35.827276330303896
Newcastle-upon-Tyne,J01000062,Newcastle upon Tyne 019,E02001726,47.825,2.42877335351563,19.691009838679964
Newcastle-upon-Tyne,J01000062,Newcastle upon Tyne 020,E02001727,38.965,2.12515282852173,18.335151936862964
Newcastle-upon-Tyne,J01000062,Newcastle upon Tyne 021,E02001728,61.869,3.86616366763306,16.002685172890622
Newcastle-upon-Tyne,J01000062,Newcastle upon Tyne 022,E02001729,44.331,1.6436073331604,26.971770632562475
Newcastle-upon-Tyne,J01000062,Newcastle upon Tyne 023,E02001730,56.387,1.8744598250885,30.081733011982674
Newcastle-upon-Tyne,J01000062,Newcastle upon Tyne 024,E02001731,98.378,5.02378814341736,19.582434050071186
Newcastle-upon-Tyne,J01000062,Newcastle upon Tyne 025,E02001732,37.414,2.05165390979004,18.23601915579847
Newcastle-upon-Tyne,J01000062,Newcastle upon Tyne 026,E02001733,80.381,3.26955407545471,24.584698140776613
Newcastle-upon-Tyne,J01000062,Newcastle upon Tyne 027,E02001734,49.307,2.03572521325684,24.220852440647704
Newcastle-upon-Tyne,J01000062,Newcastle upon Tyne 028,E02001735,24.638,1.07111046601868,23.002296011147664
Newcastle-upon-Tyne,J01000062,Newcastle upon Tyne 029,E02001736,74.136,2.7010693219909703,27.446907562281304
Newcastle-upon-Tyne,J01000062,Newcastle upon Tyne 030,E02001737,35.306,1.8324058348388697,19.267565802694897
Newcastle-upon-Tyne,J01000062,Newcastle upon Tyne 031,E02006893,52.309,2.90085125930786,18.032293049206828
Norwich,J01000066,Broadland 009,E02005528,42.638,3.22155735931396,13.23521366978854
Norwich,J01000066,Broadland 010,E02005529,37.529,3.22802780358887,11.625984125129238
Norwich,J01000066,Broadland 011,E02005530,35.605,2.00872333215332,17.725188645980424
Norwich,J01000066,Broadland 012,E02005531,35.385,3.15869929521179,11.202395889231818
Norwich,J01000066,Broadland 013,E02005532,61.186,5.40323883282471,11.323948819048065
Norwich,J01000066,Broadland 015,E02005534,31.76,2.86542952339172,11.083853132917636
Norwich,J01000066,Broadland 016,E02005535,57.259,4.21188670195007,13.59462019087302
Norwich,J01000066,Norwich 001,E02005584,83.5,5.6705028345794695,14.725325502141724
Norwich,J01000066,Norwich 002,E02005585,47.403,2.7494769222564703,17.240733906977766
Norwich,J01000066,Norwich 003,E02005586,29.34,1.34638201786804,21.791734894424028
Norwich,J01000066,Norwich 004,E02005587,38.972,2.30237633192444,16.92685920178187
Norwich,J01000066,Norwich 005,E02005588,66.834,3.22779729414368,20.705761207886123
Norwich,J01000066,Norwich 006,E02005589,62.432,3.73067470787048,16.734774508291835
Norwich,J01000066,Norwich 007,E02005590,65.192,2.3506813945922898,27.733235201492334
Norwich,J01000066,Norwich 009,E02005592,23.595,1.15189100093079,20.483708945493944
Norwich,J01000066,Norwich 010,E02005593,39.303,2.85868298609924,13.748638863111625
Norwich,J01000066,Norwich 011,E02005594,48.897,1.9704320609130896,24.81536966940202
Norwich,J01000066,Norwich 012,E02005595,56.433,4.95532692378235,11.388350530246202
Norwich,J01000066,Norwich 013,E02005596,63.755,3.19107123388672,19.979184207162465
Norwich,J01000066,South Norfolk 001,E02005597,109.46,12.3855864524384,8.83769213677001
Norwich,J01000066,Norwich 014,E02006907,47.774,2.14442712583923,22.27821100766176
Norwich,J01000066,Norwich 015,E02006908,26.051,1.35736588092041,19.19231974678426
Nottingham,J01000067,Nottingham 001,E02002868,30.671,1.58314147868347,19.37350540869272
Nottingham,J01000067,Nottingham 002,E02002869,48.026,2.92324051922607,16.42902788331455
Nottingham,J01000067,Nottingham 004,E02002871,28.904,1.73000947749329,16.707422922260903
Nottingham,J01000067,Nottingham 005,E02002872,44.261,2.44257195419312,18.12065348741024
Nottingham,J01000067,Nottingham 006,E02002873,30.259,1.60032679397583,18.90801310951306
Nottingham,J01000067,Nottingham 007,E02002874,39.723,1.8574588788147,21.38566858898563
Nottingham,J01000067,Nottingham 008,E02002875,29.513,1.51939042086792,19.42423724321055
Nottingham,J01000067,Nottingham 009,E02002876,41.873,2.27000084797668,18.446248615864025
Nottingham,J01000067,Nottingham 010,E02002877,30.997,1.50412657974243,20.607973037287856
Nottingham,J01000067,Nottingham 011,E02002878,24.935,1.6346542739563,15.253990031574467
Nottingham,J01000067,Nottingham 012,E02002879,34.857,1.46646623200989,23.76938468758749
Nottingham,J01000067,Nottingham 013,E02002880,21.208,1.18817760806274,17.849183367946573
Nottingham,J01000067,Nottingham 014,E02002881,36.851,1.97379218765259,18.670151918995334
Nottingham,J01000067,Nottingham 015,E02002882,37.695,1.99960873503113,18.851187904724352
Nottingham,J01000067,Nottingham 016,E02002883,29.839,1.4297070694580098,20.870708858781622
Nottingham,J01000067,Nottingham 017,E02002884,17.868,0.6305368971252441,28.3377548268216
Nottingham,J01000067,Nottingham 018,E02002885,21.656,0.738385167678833,29.32886648857966
Nottingham,J01000067,Nottingham 019,E02002886,40.026,2.34201771354675,17.090391660353696
Nottingham,J01000067,Nottingham 020,E02002887,41.846,2.13286221600342,19.61964522884721
Nottingham,J01000067,Nottingham 021,E02002888,26.614,1.11535279827881,23.861508251981068
Nottingham,J01000067,Nottingham 022,E02002889,30.796,1.37467632432556,22.4023644366677
Nottingham,J01000067,Nottingham 023,E02002890,37.144,1.19402111239624,31.108327662194327
Nottingham,J01000067,Nottingham 024,E02002891,30.855,2.45846890084839,12.550494329764469
Nottingham,J01000067,Nottingham 025,E02002892,31.591,1.72075712063599,18.358779179901926
Nottingham,J01000067,Nottingham 026,E02002893,33.412,1.25111735166931,26.7057282479696
Nottingham,J01000067,Nottingham 027,E02002894,31.817,2.94282411062622,10.811723298416732
Nottingham,J01000067,Nottingham 028,E02002895,33.889,1.1569241783447302,29.292325836328104
Nottingham,J01000067,Nottingham 029,E02002896,44.438,2.92566973719788,15.18900080723445
Nottingham,J01000067,Nottingham 030,E02002897,35.063,2.59482468519592,13.512666269918965
Nottingham,J01000067,Nottingham 031,E02002898,103.378,5.21032033547974,19.84100656845343
Nottingham,J01000067,Nottingham 032,E02002899,53.808,2.87699908358765,18.702821390162143
Nottingham,J01000067,Nottingham 038,E02006834,28.521,1.3339232355957,21.38129034633928
Nottingham,J01000067,Gedling 016,E02006835,59.528,11.0408444868011,5.391616562588433
Nottingham,J01000067,Nottingham 039,E02006904,55.587,2.1137041238861096,26.29838271678328
Nottingham,J01000067,Nottingham 040,E02006905,63.992,2.41958919297791,26.447464795146416
Oxford,J01000070,Oxford 001,E02005940,41.462,3.87444626506805,10.701400190737132
Oxford,J01000070,Oxford 002,E02005941,23.305,1.88484043935394,12.364441845267375
Oxford,J01000070,Oxford 003,E02005942,24.886,2.07655116172791,11.98429417905226
Oxford,J01000070,Oxford 004,E02005943,34.048,3.66181050372314,9.298132703858313
Oxford,J01000070,Oxford 005,E02005944,32.572,1.60411910070801,20.30522545715197
Oxford,J01000070,Oxford 006,E02005945,57.783,2.86703192877197,20.154292465361586
Oxford,J01000070,Oxford 007,E02005946,33.945,1.61917193121338,20.96441974173934
Oxford,J01000070,Oxford 008,E02005947,49.238,3.52874942363739,13.953385205018638
Oxford,J01000070,Oxford 009,E02005948,34.184,6.20805383577728,5.506395547505749
Oxford,J01000070,Oxford 010,E02005949,30.835,1.6164364065322898,19.075912838507357
Oxford,J01000070,Oxford 011,E02005950,27.783,1.64821705665588,16.8563963634558
Oxford,J01000070,Oxford 012,E02005951,22.874,2.34816861889648,9.741208453228378
Oxford,J01000070,Oxford 013,E02005952,87.323,4.60436100480652,18.965280938841023
Oxford,J01000070,Oxford 014,E02005953,15.032,1.12405446217346,13.373017505694769
Oxford,J01000070,Oxford 015,E02005954,41.481,2.3054459340667703,17.99261452504686
Oxford,J01000070,Oxford 016,E02005955,48.187,2.43134904203033,19.819038388565065
Oxford,J01000070,Oxford 017,E02005956,29.541,1.22625011834717,24.090517552664977
Oxford,J01000070,Oxford 018,E02005957,22.475,1.005742436409,22.346675636206538
Oxford,J01000070,Vale of White Horse 001,E02005978,104.452,31.3464172677002,3.332183040504244
Oxford,J01000070,Vale of White Horse 002,E02005979,100.478,18.6199543358307,5.396253835416151
Plymouth,J01000072,Plymouth 001,E02003122,56.563,3.61196693037987,15.659888667378048
Plymouth,J01000072,Plymouth 002,E02003123,43.471,2.7485936052866,15.815724782444589
Plymouth,J01000072,Plymouth 003,E02003124,35.87,2.76908620092297,12.9537318080037
Plymouth,J01000072,Plymouth 004,E02003125,42.68,3.2545745665130603,13.11384917683026
Plymouth,J01000072,Plymouth 005,E02003126,78.591,5.08366657215023,15.45951113917341
Plymouth,J01000072,Plymouth 006,E02003127,34.094,1.90860555758572,17.863303323462507
Plymouth,J01000072,Plymouth 007,E02003128,42.074,2.07348940291977,20.291398615663905
Plymouth,J01000072,Plymouth 008,E02003129,45.207,2.20079921682167,20.54117415821632
Plymouth,J01000072,Plymouth 009,E02003130,40.814,1.8705586765089,21.819149814734946
Plymouth,J01000072,Plymouth 010,E02003131,54.42,2.71774180403805,20.0239772296037
Plymouth,J01000072,Plymouth 011,E02003132,38.879,1.86915148863316,20.800347235863025
Plymouth,J01000072,Plymouth 012,E02003133,35.858,1.77518483557129,20.199586703015168
Plymouth,J01000072,Plymouth 013,E02003134,41.446,1.92972327625752,21.477690874092488
Plymouth,J01000072,Plymouth 014,E02003135,60.805,2.62621369447613,23.153104459052493
Plymouth,J01000072,Plymouth 015,E02003136,47.335,4.21722086003208,11.224216509172802
Plymouth,J01000072,Plymouth 016,E02003137,38.878,1.94506499611664,19.98802100578679
Plymouth,J01000072,Plymouth 017,E02003138,34.546,1.38578467762184,24.92883675065939
Plymouth,J01000072,Plymouth 018,E02003139,28.444,1.29479225413227,21.968002904884763
Plymouth,J01000072,Plymouth 019,E02003140,55.681,3.6712807849998494,15.166641632942351
Plymouth,J01000072,Plymouth 020,E02003141,31.18,0.822248128745079,37.92042682734607
Plymouth,J01000072,Plymouth 021,E02003142,48.566,2.3586302920188897,20.59076412455872
Plymouth,J01000072,Plymouth 022,E02003143,36.448,1.9056700185051,19.12608145485312
Plymouth,J01000072,Plymouth 023,E02003144,29.907,0.904425919940948,33.06738489090704
Plymouth,J01000072,Plymouth 024,E02003145,32.289,1.21799575343037,26.509944643945666
Plymouth,J01000072,Plymouth 025,E02003146,30.546,0.8248840102787021,37.03066081942779
Plymouth,J01000072,Plymouth 026,E02003147,47.062,2.07897185233498,22.637151122148527
Plymouth,J01000072,Plymouth 027,E02003148,49.187,1.53064206306458,32.13488064055948
Plymouth,J01000072,Plymouth 028,E02003149,59.92,2.03728925631046,29.41163107516475
Plymouth,J01000072,Plymouth 029,E02003150,61.378,2.23808631433201,27.424322112580885
Plymouth,J01000072,Plymouth 030,E02003151,55.854,4.70016735851097,11.883406640587102
Plymouth,J01000072,Plymouth 031,E02003152,82.666,7.861457597189901,10.515352780068314
Plymouth,J01000072,Plymouth 032,E02003153,39.024,2.40577702455235,16.220954644481782
Plymouth,J01000072,South Hams 001,E02004189,256.989,86.5333272278719,2.9698268659340914
Portsmouth,J01000074,Portsmouth 001,E02003524,34.643,1.88237961727905,18.403832936778137
Portsmouth,J01000074,Portsmouth 002,E02003525,55.112,1.9979265321579,27.584597888329355
Portsmouth,J01000074,Portsmouth 003,E02003526,36.721,2.25176266459656,16.307668910825985
Portsmouth,J01000074,Portsmouth 004,E02003527,77.463,3.85360321021652,20.10144682115511
Portsmouth,J01000074,Portsmouth 006,E02003529,33.486,1.49596028274536,22.38428411919271
Portsmouth,J01000074,Portsmouth 007,E02003530,38.486,1.69832843275452,22.661105624652077
Portsmouth,J01000074,Portsmouth 008,E02003531,75.035,3.84506017988586,19.51464905348436
Portsmouth,J01000074,Portsmouth 009,E02003532,16.839,0.78810406861496,21.366467539741816
Portsmouth,J01000074,Portsmouth 010,E02003533,34.289,1.33948550527954,25.59863459877019
Portsmouth,J01000074,Portsmouth 011,E02003534,27.957,0.8387966086120611,33.329891552923485
Portsmouth,J01000074,Portsmouth 012,E02003535,15.853,0.638866119190216,24.814275673429364
Portsmouth,J01000074,Portsmouth 013,E02003536,43.25,1.15523764762497,37.438184332822615
Portsmouth,J01000074,Portsmouth 014,E02003537,31.006,1.51134765893936,20.51546500013076
Portsmouth,J01000074,Portsmouth 015,E02003538,19.379,0.9621981133956912,20.14034296077511
Portsmouth,J01000074,Portsmouth 016,E02003539,71.214,2.5521295533103903,27.903755868360083
Portsmouth,J01000074,Portsmouth 017,E02003540,48.027,2.54893164378738,18.84201175698778
Portsmouth,J01000074,Portsmouth 018,E02003541,20.158,0.68348727117157,29.49286819262492
Portsmouth,J01000074,Portsmouth 019,E02003542,15.493,0.5678377935409551,27.28420012938532
Portsmouth,J01000074,Portsmouth 020,E02003543,18.535,0.582191518768311,31.836602565445805
Portsmouth,J01000074,Portsmouth 021,E02003544,13.609,0.486151219638824,27.993347440556715
Portsmouth,J01000074,Portsmouth 022,E02003545,18.075,0.572217589008331,31.58763440201913
Portsmouth,J01000074,Portsmouth 023,E02003546,36.084,1.8538390462265,19.46447296676008
Portsmouth,J01000074,Portsmouth 024,E02003547,40.846,1.79618097116089,22.74047028435048
Portsmouth,J01000074,Portsmouth 025,E02003548,15.878,0.539951244800568,29.40635872756358
Portsmouth,J01000074,Fareham 010,E02004736,45.909,2.97506129640198,15.431278695172448
Portsmouth,J01000074,Fareham 012,E02004738,30.787,1.8827454169769304,16.352184274299702
Portsmouth,J01000074,Portsmouth 026,E02006821,48.24,3.89704632634354,12.378605733758848
Preston,J01000075,Preston 003,E02005255,42.1,2.28118004876709,18.45536042749181
Preston,J01000075,Preston 004,E02005256,74.427,4.33808603694153,17.156644512397243
Preston,J01000075,Preston 005,E02005257,25.139,1.51799048406982,16.560709875203493
Preston,J01000075,Preston 006,E02005258,42.596,2.7628787829437296,15.41725256386955
Preston,J01000075,Preston 007,E02005259,57.427,2.74803842532349,20.89745160431659
Preston,J01000075,Preston 008,E02005260,29.876,1.83095581781006,16.31716052861046
Preston,J01000075,Preston 009,E02005261,64.185,6.27940308198547,10.221512962615147
Preston,J01000075,Preston 010,E02005262,94.248,9.45589343367004,9.967117402614411
Preston,J01000075,Preston 011,E02005263,30.424,1.27111222605896,23.93494404056561
Preston,J01000075,Preston 012,E02005264,67.338,1.97467107899475,34.10086910994812
Preston,J01000075,Preston 013,E02005265,53.724,2.56386758918762,20.954280254786024
Preston,J01000075,Preston 014,E02005266,33.018,1.19866426568604,27.54566140428202
Preston,J01000075,Preston 015,E02005267,31.04,0.8327000424499511,37.27632811051002
Preston,J01000075,Preston 016,E02005268,38.395,3.55090891769409,10.812724541786665
Preston,J01000075,Preston 017,E02005269,63.53,2.17501939102173,29.20893499260085
Salford,J01000080,Salford 010,E02001166,27.712,1.2799055188903798,21.65159817736004
Salford,J01000080,Salford 011,E02001167,23.684,2.0360539336547903,11.632304826761818
Salford,J01000080,Salford 016,E02001172,46.473,1.74662877600098,26.60725658396797
Salford,J01000080,Salford 017,E02001173,58.426,2.86771404483032,20.373718957552832
Salford,J01000080,Salford 018,E02001174,24.889,1.01207613224792,24.5920234723045
Salford,J01000080,Salford 021,E02001177,84.678,3.54051498904419,23.91685962692675
Salford,J01000080,Salford 022,E02001178,88.917,3.26681734819031,27.218234300505525
Salford,J01000080,Salford 023,E02001179,24.931,0.911081055892944,27.36419535753085
Salford,J01000080,Salford 024,E02001180,31.866,0.913927533081055,34.86709705809229
Salford,J01000080,Salford 028,E02001184,81.259,3.08072360974121,26.376595337231823
Sheffield,J01000082,Rotherham 025,E02001602,76.834,5.12327114857483,14.997059060864537
Sheffield,J01000082,Sheffield 005,E02001615,86.731,11.0827869264221,7.8257391913966625
Sheffield,J01000082,Sheffield 006,E02001616,27.099,1.64735632485962,16.449992992444578
Sheffield,J01000082,Sheffield 007,E02001617,25.591,1.62917924252319,15.707909438108212
Sheffield,J01000082,Sheffield 009,E02001619,44.376,2.3250025275116,19.086430864010573
Sheffield,J01000082,Sheffield 010,E02001620,27.9,1.4095554823761,19.793474147586387
Sheffield,J01000082,Sheffield 011,E02001621,27.71,1.49305217553711,18.559297828980167
Sheffield,J01000082,Sheffield 012,E02001622,41.522,2.11813330807495,19.60310989006493
Sheffield,J01000082,Sheffield 013,E02001623,30.698,1.53390237773132,20.01300763703301
Sheffield,J01000082,Sheffield 014,E02001624,51.703,3.5785848950500503,14.447889743098266
Sheffield,J01000082,Sheffield 015,E02001625,31.545,1.49704895480347,21.071455211123123
Sheffield,J01000082,Sheffield 016,E02001626,18.327,0.90219655116272,20.31375533012268
Sheffield,J01000082,Sheffield 017,E02001627,61.883,3.24375553208923,19.077578253914396
Sheffield,J01000082,Sheffield 018,E02001628,137.152,7.16082084519959,19.15311148887949
Sheffield,J01000082,Sheffield 019,E02001629,25.425,1.72079321604919,14.775162850986744
Sheffield,J01000082,Sheffield 020,E02001630,38.215,1.98190215409851,19.28198116187149
Sheffield,J01000082,Sheffield 021,E02001631,27.611,1.36915205293274,20.166496439060158
Sheffield,J01000082,Sheffield 022,E02001632,116.501,5.52520675436401,21.08536479797489
Sheffield,J01000082,Sheffield 023,E02001633,92.122,18.2183596833038,5.056547439033445
Sheffield,J01000082,Sheffield 024,E02001634,30.512,1.42160370320129,21.463084213476964
Sheffield,J01000082,Sheffield 025,E02001635,38.964,3.40405324737549,11.446354439385184
Sheffield,J01000082,Sheffield 026,E02001636,47.28,1.7710014577179,26.696759505169844
Sheffield,J01000082,Sheffield 027,E02001637,66.088,4.27974332362366,15.442047572152823
Sheffield,J01000082,Sheffield 028,E02001638,12.88,0.459702662338257,28.018110520584017
Sheffield,J01000082,Sheffield 029,E02001639,19.932,0.819850645141602,24.31174521617581
Sheffield,J01000082,Sheffield 030,E02001640,41.154,1.43165010871887,28.745850504511317
Sheffield,J01000082,Sheffield 032,E02001642,58.662,3.43755838728333,17.06501923487619
Sheffield,J01000082,Sheffield 033,E02001643,38.839,3.31826903549194,11.704596458147655
Sheffield,J01000082,Sheffield 036,E02001646,34.031,1.31250767617798,25.928229310702555
Sheffield,J01000082,Sheffield 037,E02001647,30.518,2.07854755432129,14.68236795282996
Sheffield,J01000082,Sheffield 038,E02001648,42.341,2.12060460603333,19.966475541709038
Sheffield,J01000082,Sheffield 039,E02001649,60.47,3.12969078456116,19.321397595666628
Sheffield,J01000082,Sheffield 040,E02001650,23.884,0.835418037765503,28.58927976212084
Sheffield,J01000082,Sheffield 041,E02001651,86.081,31.5852859698029,2.7253512943431226
Sheffield,J01000082,Sheffield 042,E02001652,45.374,1.53847354808044,29.492869771217933
Sheffield,J01000082,Sheffield 043,E02001653,39.989,2.03113335470581,19.68802289980217
Sheffield,J01000082,Sheffield 044,E02001654,25.588,2.5379819330749496,10.08202606430625
Sheffield,J01000082,Sheffield 045,E02001655,29.048,1.99108888175964,14.589002161635602
Sheffield,J01000082,Sheffield 046,E02001656,27.456,1.4022751061706502,19.579610219978285
Sheffield,J01000082,Sheffield 047,E02001657,28.87,1.76536379656982,16.353569760576086
Sheffield,J01000082,Sheffield 048,E02001658,21.038,1.01781693804932,20.66972872383125
Sheffield,J01000082,Sheffield 049,E02001659,25.849,2.30701256080627,11.204533706988624
Sheffield,J01000082,Sheffield 050,E02001660,33.477,1.45657260310364,22.983406339421585
Sheffield,J01000082,Sheffield 051,E02001661,33.994,1.55401816098022,21.87490523183962
Sheffield,J01000082,Sheffield 052,E02001662,29.512,1.61740503723145,18.24651173988946
Sheffield,J01000082,Sheffield 053,E02001663,30.211,1.39540395513916,21.650361451775545
Sheffield,J01000082,Sheffield 054,E02001664,26.439,1.25331505511475,21.095254455057447
Sheffield,J01000082,Sheffield 055,E02001665,61.266,6.53072608401489,9.381192720662316
Sheffield,J01000082,Sheffield 056,E02001666,36.09,2.15180169009399,16.771991659892976
Sheffield,J01000082,Sheffield 059,E02001669,28.404,1.39679337718201,20.335147963905904
Sheffield,J01000082,Sheffield 060,E02001670,21.171,1.42601939103699,14.846221680481229
Sheffield,J01000082,Sheffield 061,E02001671,37.055,1.97960504208374,18.718380289128664
Sheffield,J01000082,Sheffield 062,E02001672,26.781,1.77070749452209,15.12446300862816
Sheffield,J01000082,Sheffield 063,E02001673,35.33,2.2844320120697,15.465551092497144
Sheffield,J01000082,Sheffield 064,E02001674,56.866,4.85438908287048,11.714347372908602
Sheffield,J01000082,Sheffield 065,E02001675,51.307,2.85953608468628,17.942420896440233
Sheffield,J01000082,Sheffield 066,E02001676,27.153,3.31285997167969,8.196241384217895
Sheffield,J01000082,Sheffield 068,E02001678,91.515,14.2359596185455,6.428439139485994
Sheffield,J01000082,Sheffield 069,E02001679,25.761,1.2499324578704798,20.609913629964637
Sheffield,J01000082,Sheffield 070,E02001680,21.136,1.3441490908966098,15.724446151952762
Sheffield,J01000082,Sheffield 071,E02001681,37.737,2.78065395291138,13.571267996324709
Sheffield,J01000082,Sheffield 072,E02006803,49.968,5.82079620359802,8.58439262469165
Sheffield,J01000082,Sheffield 073,E02006843,36.078,1.14291263104248,31.566717367619194
Sheffield,J01000082,Sheffield 074,E02006844,26.353,0.840823464889526,31.34189410789394
Sheffield,J01000082,Sheffield 075,E02006868,70.955,3.2787201251678497,21.641066419588817
Sheffield,J01000082,Sheffield 076,E02006869,45.909,3.63418540911865,12.632542050498651
Southampton,J01000087,Southampton 001,E02003549,40.909,2.6956217402267497,15.176090691626053
Southampton,J01000087,Southampton 002,E02003550,34.855,1.72988581018066,20.148728774392296
Southampton,J01000087,Southampton 003,E02003551,32.738,1.88920104639816,17.329018561796982
Southampton,J01000087,Southampton 004,E02003552,24.836,1.08859988589859,22.814626679387352
Southampton,J01000087,Southampton 005,E02003553,22.192,1.09368102358627,20.29110821291441
Southampton,J01000087,Southampton 006,E02003554,29.553,1.84232100821686,16.041178420151475
Southampton,J01000087,Southampton 007,E02003555,29.993,1.55929375415039,19.23499014869218
Southampton,J01000087,Southampton 008,E02003556,29.82,1.56173176433182,19.094188055244143
Southampton,J01000087,Southampton 009,E02003557,31.462,1.64096112210083,19.172910056346108
Southampton,J01000087,Southampton 010,E02003558,29.664,1.1837065510635398,25.06026512512532
Southampton,J01000087,Southampton 011,E02003559,29.581,2.46619126016617,11.994609046666906
Southampton,J01000087,Southampton 012,E02003560,55.574,2.4768749328994804,22.43714418593753
Southampton,J01000087,Southampton 013,E02003561,25.543,0.9925403239593512,25.734974573230637
Southampton,J01000087,Southampton 014,E02003562,36.427,1.4321198002739,25.43572122460227
Southampton,J01000087,Southampton 015,E02003563,29.927,1.05832623141098,28.27767007163828
Southampton,J01000087,Southampton 016,E02003564,46.627,1.36288508451462,34.211982015054346
Southampton,J01000087,Southampton 017,E02003565,19.704,0.623791616500854,31.587471647229208
Southampton,J01000087,Southampton 018,E02003566,33.893,1.25690292708588,26.96548736550456
Southampton,J01000087,Southampton 019,E02003567,62.969,2.69111911257935,23.398815647236912
Southampton,J01000087,Southampton 020,E02003568,25.544,0.950107847736359,26.88536891981139
Southampton,J01000087,Southampton 021,E02003569,44.748,2.02716675947189,22.074158325118542
Southampton,J01000087,Southampton 022,E02003570,40.484,1.5564794246711702,26.009980831293586
Southampton,J01000087,Southampton 023,E02003571,51.519,1.58215617681885,32.56252496108588
Southampton,J01000087,Southampton 024,E02003572,33.689,1.3382941461982698,25.17309075564688
Southampton,J01000087,Southampton 025,E02003573,44.222,1.47466780063248,29.98777079219695
Southampton,J01000087,Southampton 026,E02003574,34.756,1.57112240350342,22.12176462031104
Southampton,J01000087,Southampton 027,E02003575,25.744,1.05203174468994,24.47074447129673
Southampton,J01000087,Southampton 028,E02003576,31.59,1.30970680228806,24.11990221384833
Southampton,J01000087,Southampton 029,E02003577,55.093,2.11580457175446,26.03879428917009
Southampton,J01000087,Southampton 030,E02003578,27.874,1.38002826774979,20.19813698849086
Southampton,J01000087,Southampton 031,E02003579,39.731,1.74079274047852,22.82350970114828
Southampton,J01000087,Southampton 032,E02003580,20.225,1.15760784432602,17.47137435110882
Southampton,J01000087,Eastleigh 009,E02004720,118.424,12.1407983927841,9.75421847630593
Southampton,J01000087,Test Valley 015,E02004828,195.35,22.2917022683373,8.763350490171911
Southend-on-Sea,J01000088,Southend-on-Sea 001,E02003279,37.272,2.24388254096985,16.61049512150057
Southend-on-Sea,J01000088,Southend-on-Sea 002,E02003280,52.76,2.9385878776321404,17.954201880977276
Southend-on-Sea,J01000088,Southend-on-Sea 003,E02003281,38.649,2.63507165166473,14.66715334878395
Southend-on-Sea,J01000088,Southend-on-Sea 004,E02003282,46.815,2.49452692380524,18.767085475504405
Southend-on-Sea,J01000088,Southend-on-Sea 005,E02003283,40.822,2.2581645683288603,18.077513292226552
Southend-on-Sea,J01000088,Southend-on-Sea 006,E02003284,55.348,3.51403041149139,15.750575128491771
Southend-on-Sea,J01000088,Southend-on-Sea 007,E02003285,18.202,0.917030066398621,19.848858469257465
Southend-on-Sea,J01000088,Southend-on-Sea 008,E02003286,38.882,3.0602876055603,12.705341788580425
Southend-on-Sea,J01000088,Southend-on-Sea 009,E02003287,46.24,4.665767151763919,9.910481705568763
Southend-on-Sea,J01000088,Southend-on-Sea 010,E02003288,43.67,1.6038102782135,27.228906431903184
Southend-on-Sea,J01000088,Southend-on-Sea 011,E02003289,29.456,1.52274927615356,19.34395928554002
Southend-on-Sea,J01000088,Southend-on-Sea 012,E02003290,29.091,1.61740778826904,17.98618765842186
Southend-on-Sea,J01000088,Southend-on-Sea 013,E02003291,54.223,3.81645223876953,14.207697779936622
Southend-on-Sea,J01000088,Southend-on-Sea 014,E02003292,28.197,1.24365983737183,22.672598368688533
Southend-on-Sea,J01000088,Southend-on-Sea 015,E02003293,41.904,1.63500088292694,25.629343957897103
Southend-on-Sea,J01000088,Southend-on-Sea 016,E02003294,36.27,2.7629408740387,13.127316744560916
Southend-on-Sea,J01000088,Southend-on-Sea 017,E02003295,36.3,2.85310713394165,12.722971236572704
Stoke on Trent,J01000095,Stoke-on-Trent 001,E02002951,36.24,4.09688355767822,8.84574811311891
Stoke on Trent,J01000095,Stoke-on-Trent 002,E02002952,47.537,4.18542778974915,11.357739850733177
Stoke on Trent,J01000095,Stoke-on-Trent 003,E02002953,25.817,1.71676886573792,15.0381338543806
Stoke on Trent,J01000095,Stoke-on-Trent 004,E02002954,40.508,5.61348697942352,7.216192029746187
Stoke on Trent,J01000095,Stoke-on-Trent 005,E02002955,45.417,2.47335049536896,18.36254104909016
Stoke on Trent,J01000095,Stoke-on-Trent 006,E02002956,38.288,2.2553001273117097,16.976897902115947
Stoke on Trent,J01000095,Stoke-on-Trent 007,E02002957,50.538,3.66154735692596,13.802361426353094
Stoke on Trent,J01000095,Stoke-on-Trent 008,E02002958,38.903,1.91454395922852,20.319721473345677
Stoke on Trent,J01000095,Stoke-on-Trent 009,E02002959,57.695,2.98611811068726,19.3210709896272
Stoke on Trent,J01000095,Stoke-on-Trent 010,E02002960,22.606,1.4232555066528298,15.883304083020288
Stoke on Trent,J01000095,Stoke-on-Trent 011,E02002961,52.344,2.62546554327393,19.93703559892374
Stoke on Trent,J01000095,Stoke-on-Trent 012,E02002962,31.492,2.9612028690338104,10.63486744840123
Stoke on Trent,J01000095,Stoke-on-Trent 013,E02002963,32.543,1.15905111264038,28.07727773615205
Stoke on Trent,J01000095,Stoke-on-Trent 014,E02002964,48.969,3.67833584716797,13.312813738229554
Stoke on Trent,J01000095,Stoke-on-Trent 015,E02002965,96.217,3.9362547609710696,24.44379387076648
Stoke on Trent,J01000095,Stoke-on-Trent 016,E02002966,67.423,3.87639229705811,17.393234438931525
Stoke on Trent,J01000095,Stoke-on-Trent 017,E02002967,42.901,3.74666578730774,11.45044752732738
Stoke on Trent,J01000095,Stoke-on-Trent 018,E02002968,72.293,2.81639577259064,25.66862253649168
Stoke on Trent,J01000095,Stoke-on-Trent 019,E02002969,66.619,1.95844794225311,34.016222010658964
Stoke on Trent,J01000095,Stoke-on-Trent 020,E02002970,63.607,3.14364375578308,20.233526742013275
Stoke on Trent,J01000095,Stoke-on-Trent 021,E02002971,25.483,1.60517089848328,15.875568155439892
Stoke on Trent,J01000095,Stoke-on-Trent 022,E02002972,51.242,2.02663234606934,25.284309756223927
Stoke on Trent,J01000095,Stoke-on-Trent 023,E02002973,71.728,3.51348013639832,20.41508624367195
Stoke on Trent,J01000095,Stoke-on-Trent 024,E02002974,26.024,1.97193887797546,13.1971636092079
Stoke on Trent,J01000095,Stoke-on-Trent 025,E02002975,27.953,1.76262731285095,15.85871261394878
Stoke on Trent,J01000095,Stoke-on-Trent 026,E02002976,43.868,2.50211778157806,17.53234812644707
Stoke on Trent,J01000095,Stoke-on-Trent 027,E02002977,30.81,1.85162989635468,16.639394330722308
Stoke on Trent,J01000095,Stoke-on-Trent 028,E02002978,24.14,1.38035621877289,17.488239391901313
Stoke on Trent,J01000095,Stoke-on-Trent 029,E02002979,28.81,0.9229534657897952,31.21500819691547
Stoke on Trent,J01000095,Stoke-on-Trent 030,E02002980,39.786,3.56134977371979,11.17160698272104
Stoke on Trent,J01000095,Stoke-on-Trent 031,E02002981,46.862,3.65471663040161,12.82233473593558
Stoke on Trent,J01000095,Stoke-on-Trent 032,E02002982,48.035,3.46411334314728,13.86646314417598
Stoke on Trent,J01000095,Stoke-on-Trent 033,E02002983,39.115,1.95234032428741,20.03492911220624
Stoke on Trent,J01000095,Stoke-on-Trent 034,E02002984,31.588,3.03955590879822,10.392307609334043
Stoke on Trent,J01000095,Stafford 001,E02006188,80.584,14.9154353295517,5.402725312370889
Stoke on Trent,J01000095,Staffordshire Moorlands 008,E02006211,96.117,25.1951883514557,3.814895076759633
Stoke on Trent,J01000095,Staffordshire Moorlands 009,E02006212,105.87,28.8187866117477,3.673645300418135
Stoke on Trent,J01000095,Staffordshire Moorlands 012,E02006215,151.873,44.2902407547913,3.4290398383885603
Sunderland,J01000096,Sunderland 001,E02001791,29.498,1.91884274682617,15.372807411545672
Sunderland,J01000096,Sunderland 002,E02001792,42.871,1.64316949136353,26.090430856542326
Sunderland,J01000096,Sunderland 003,E02001793,34.851,1.91834420339966,18.167229811124404
Sunderland,J01000096,Sunderland 004,E02001794,34.717,2.56484926121521,13.535688246860673
Sunderland,J01000096,Sunderland 005,E02001795,69.179,2.42178836630249,28.565254075285
Sunderland,J01000096,Sunderland 006,E02001796,52.813,1.80627279196167,29.2386621971111
Sunderland,J01000096,Sunderland 008,E02001798,60.871,3.0068292020568803,20.244249310323315
Sunderland,J01000096,Sunderland 011,E02001801,38.172,0.875352228546143,43.60758875704149
Sunderland,J01000096,Sunderland 012,E02001802,36.689,1.68413462521362,21.785075522300524
Sunderland,J01000096,Sunderland 013,E02001803,74.85,2.51508114227295,29.76047123964992
Sunderland,J01000096,Sunderland 014,E02001804,37.679,2.2647826628112804,16.636916477110862
Sunderland,J01000096,Sunderland 015,E02001805,34.962,1.2635083378295902,27.670573238999346
Sunderland,J01000096,Sunderland 016,E02001806,66.081,2.97180453167725,22.235984667102148
Sunderland,J01000096,Sunderland 018,E02001808,31.258,0.910046892181396,34.34768061794498
Sunderland,J01000096,Sunderland 021,E02001811,47.553,2.3414403889617903,20.30929346917318
Sunderland,J01000096,Sunderland 022,E02001812,59.398,2.7064519183807403,21.94681516290805
Sunderland,J01000096,Sunderland 023,E02001813,42.143,2.23778323059082,18.83247645433173
Sunderland,J01000096,Sunderland 024,E02001814,51.366,2.2653084308319102,22.675057974836736
Sunderland,J01000096,Sunderland 026,E02001816,34.918,2.52376547442627,13.835675443629698
Sunderland,J01000096,Sunderland 027,E02001817,36.473,1.50693620802307,24.20341339322416
Sunderland,J01000096,Sunderland 028,E02001818,51.826,4.2547098646698,12.180854076643865
Sunderland,J01000096,Sunderland 029,E02001819,68.264,3.72031101264954,18.3490035558569
Sunderland,J01000096,Sunderland 031,E02001821,62.615,7.81743442483521,8.009661046989839
York,J01000112,York 004,E02002775,38.611,4.3311176781311,8.914788945808752
York,J01000112,York 005,E02002776,70.029,6.2271105071106,11.24582579994934
York,J01000112,York 006,E02002777,90.355,13.6260755621948,6.631036176746859
York,J01000112,York 007,E02002778,50.143,4.10576282084656,12.212834054954277
York,J01000112,York 008,E02002779,81.421,18.2136234634705,4.470335085344171
York,J01000112,York 009,E02002780,27.005,1.10955693743896,24.33854369144136
York,J01000112,York 010,E02002781,43.109,1.68711503125,25.55190322029205
York,J01000112,York 012,E02002783,36.847,2.68344598240662,13.73122479139832
York,J01000112,York 013,E02002784,62.85,2.53449092591858,24.797879273219795
York,J01000112,York 014,E02002785,58.225,6.57159501077271,8.860101680726322
York,J01000112,York 015,E02002786,30.854,1.4553957490234402,21.19973211458313
York,J01000112,York 016,E02002787,35.866,1.73212338613892,20.70637709011537
York,J01000112,York 017,E02002788,44.996,2.15113299150085,20.91734921912299
York,J01000112,York 018,E02002789,31.602,1.75178284907532,18.03990718180689
York,J01000112,York 019,E02002790,46.846,2.70003947569275,17.350116700786646
York,J01000112,York 021,E02002792,46.695,3.75121267677307,12.447974568098534
York,J01000112,York 022,E02002793,51.318,3.39292440435791,15.125005418360216
