CityName,CityCode,Date,ActualCost,PerCitizenCost
Birmingham,J01000007,2019-01,24262.939459999998,0.02182725761050172
Birmingham,J01000007,2021-01,16998.30515,0.015291897589846608
Birmingham,J01000007,2021-02,16510.65426,0.014853200472476787
Birmingham,J01000007,2021-03,20890.81777,0.018793652842912265
Birmingham,J01000007,2021-04,18987.72177,0.017081602795637595
Birmingham,J01000007,2021-05,17709.765900000002,0.015931936983903223
Birmingham,J01000007,2021-06,19895.89016,0.01789860295486911
Birmingham,J01000007,2021-07,16164.67104,0.014541949443544332
Birmingham,J01000007,2021-08,18664.36664,0.016790708292363454
Birmingham,J01000007,2021-10,18924.22069,0.017024476393703067
Birmingham,J01000007,2021-11,18200.65667,0.01637354873968706
Birmingham,J01000007,2021-12,15817.51288,0.014229641423223872
Birmingham,J01000007,2022-01,17766.60529,0.01598307044240272
Birmingham,J01000007,2022-02,18074.50495,0.01626006100276271
Birmingham,J01000007,2022-03,22451.72839,0.02019786844778061
Birmingham,J01000007,2022-04,20595.89262,0.018528334321408362
Birmingham,J01000007,2022-05,23400.00507,0.021050950549168803
Birmingham,J01000007,2022-06,23853.38199,0.02145881435494594
Birmingham,J01000007,2022-07,24732.900840000002,0.022250041013360155
Birmingham,J01000007,2022-08,24568.58636,0.022102221558507686
Birmingham,J01000007,2020-12,17475.22745,0.01572094312736092
Birmingham,J01000007,2020-11,17339.39893,0.015598750014618712
Birmingham,J01000007,2021-09,17279.9316,0.015545252426931177
Birmingham,J01000007,2020-09,20400.99641,0.018353003142348476
Birmingham,J01000007,2020-10,18019.5832,0.01621065267828307
Birmingham,J01000007,2019-03,22664.691189999998,0.020389452567450738
Birmingham,J01000007,2019-04,21864.79643,0.019669856781598234
Birmingham,J01000007,2019-05,25285.46697,0.022747136729492648
Birmingham,J01000007,2019-06,24909.707430000002,0.02240909853372065
Birmingham,J01000007,2019-07,24240.30621,0.021806896442839934
Birmingham,J01000007,2019-08,27120.43683,0.024397899610377576
Birmingham,J01000007,2019-09,25483.0389,0.022924875021253358
Birmingham,J01000007,2019-10,27152.75514,0.024426973584661237
Birmingham,J01000007,2019-11,23542.01787,0.021178707121067227
Birmingham,J01000007,2019-02,20458.362110000002,0.018404610076206224
Birmingham,J01000007,2020-01,22661.9137,0.020386953901127127
Birmingham,J01000007,2020-02,21858.8828,0.01966453680272115
Birmingham,J01000007,2020-03,20326.47838,0.018285965748131728
Birmingham,J01000007,2020-04,18101.0337,0.016283926613163677
Birmingham,J01000007,2020-05,15988.97502,0.014383891006478114
Birmingham,J01000007,2020-06,20339.430220000002,0.018297617392759376
Birmingham,J01000007,2020-07,19127.94794,0.017207752091825304
Birmingham,J01000007,2020-08,18172.68461,0.01634838470873677
Birmingham,J01000007,2019-12,20284.6567,0.01824834241792605
Bradford,J01000013,2020-12,6071.1529199999995,0.011851979744186409
Bradford,J01000013,2021-07,5546.7409,0.010828233394761912
Bradford,J01000013,2021-06,6789.2506300000005,0.013253835310240353
Bradford,J01000013,2021-05,6615.49122,0.01291462576720651
Bradford,J01000013,2021-01,5312.66561,0.010371276432509253
Bradford,J01000013,2021-03,7434.259440000001,0.014513008230388407
Bradford,J01000013,2021-02,5476.0929,0.01069031582358545
Bradford,J01000013,2021-08,5881.49952,0.011481742281082601
Bradford,J01000013,2021-04,6312.82018,0.012323757593977917
Bradford,J01000013,2021-10,6370.82974,0.01243700266277272
Bradford,J01000013,2022-03,7408.7016300000005,0.014463114799862568
Bradford,J01000013,2021-12,5507.7684,0.010752152082584997
Bradford,J01000013,2022-01,5913.39484,0.011544007668160735
Bradford,J01000013,2022-02,5210.84838,0.010172510932204714
Bradford,J01000013,2022-04,6693.86617,0.013067627731098999
Bradford,J01000013,2022-05,8210.13262,0.01602765187955834
Bradford,J01000013,2022-06,8562.16079,0.016714874025862473
Bradford,J01000013,2022-07,8856.0689,0.017288635387546658
Bradford,J01000013,2022-08,9728.85627,0.018992472923271542
Bradford,J01000013,2021-11,6243.77562,0.012188970225359592
Bradford,J01000013,2020-11,5524.09421,0.010784022992769128
Bradford,J01000013,2021-09,5320.07299,0.010385736967250238
Bradford,J01000013,2020-09,6216.59526,0.012135909286127032
Bradford,J01000013,2019-02,6544.69229,0.012776413553591229
Bradford,J01000013,2019-03,6638.75581,0.012960042420858646
Bradford,J01000013,2019-04,6427.05842,0.012546771134294327
Bradford,J01000013,2019-05,8585.8573,0.016761133864846713
Bradford,J01000013,2019-06,8653.43895,0.016893065370679826
Bradford,J01000013,2019-07,8845.90682,0.017268797184176416
Bradford,J01000013,2019-08,9356.63129,0.018265822980275178
Bradford,J01000013,2019-09,8400.27055,0.016398835232153176
Bradford,J01000013,2019-10,8954.28364,0.01748036818103731
Bradford,J01000013,2019-11,6865.643959999999,0.01340296879636426
Bradford,J01000013,2019-01,6709.135969999999,0.013097437120301102
Bradford,J01000013,2019-12,5989.03232,0.011691665599475255
Bradford,J01000013,2020-08,6087.25264,0.011883409286127031
Bradford,J01000013,2020-07,6237.35963,0.012176445061766957
Bradford,J01000013,2020-06,7033.56304,0.013730776967406412
Bradford,J01000013,2020-05,5571.26475,0.010876108349861786
Bradford,J01000013,2020-10,5815.411700000001,0.011352726999422157
Bradford,J01000013,2020-03,7737.2683,0.01510453588886633
Bradford,J01000013,2020-02,6618.26933,0.012920049136355827
Bradford,J01000013,2020-01,7719.64939,0.015070140615483124
Bradford,J01000013,2020-04,6197.52103,0.01209867296700036
Brighton & Hove,J01000014,2020-12,2841.24522,0.009739030294305163
Brighton & Hove,J01000014,2021-01,3048.47922,0.010449373136170125
Brighton & Hove,J01000014,2021-02,3527.53809,0.01209145908314995
Brighton & Hove,J01000014,2021-03,4128.87782,0.014152691181813818
Brighton & Hove,J01000014,2021-04,3722.39694,0.012759383213705448
Brighton & Hove,J01000014,2021-05,3678.4714400000003,0.012608818323290076
Brighton & Hove,J01000014,2021-06,3715.79232,0.01273674433909878
Brighton & Hove,J01000014,2021-07,3448.7034,0.01182123480657302
Brighton & Hove,J01000014,2021-08,4121.78382,0.01412837484318121
Brighton & Hove,J01000014,2021-09,3710.68974,0.012719254056722126
Brighton & Hove,J01000014,2021-11,3872.55029,0.013274068822025243
Brighton & Hove,J01000014,2021-12,3369.10885,0.011548405932720454
Brighton & Hove,J01000014,2022-01,3643.04657,0.01248739132372197
Brighton & Hove,J01000014,2022-08,4456.76333,0.015276595198431468
Brighton & Hove,J01000014,2022-03,3624.63521,0.01242428209557891
Brighton & Hove,J01000014,2022-04,4147.254370000001,0.014215681090567566
Brighton & Hove,J01000014,2022-05,4095.23649,0.014037377681344219
Brighton & Hove,J01000014,2022-06,3976.1747,0.013629265642460016
Brighton & Hove,J01000014,2022-07,5028.73625,0.01723716571032913
Brighton & Hove,J01000014,2020-11,3029.8701800000003,0.010385586313747268
Brighton & Hove,J01000014,2021-10,4117.04059,0.014112116316695116
Brighton & Hove,J01000014,2022-02,3687.29346,0.012639057853279312
Brighton & Hove,J01000014,2020-10,3702.5612600000004,0.012691391796749139
Brighton & Hove,J01000014,2020-08,2964.23182,0.010160595534349313
Brighton & Hove,J01000014,2020-09,4263.10731,0.014612794048084242
Brighton & Hove,J01000014,2019-01,4196.40954,0.014384171893959647
Brighton & Hove,J01000014,2019-02,3595.04419,0.01232285197677368
Brighton & Hove,J01000014,2019-03,3575.23336,0.01225494573898498
Brighton & Hove,J01000014,2019-04,3945.0735999999997,0.013522659372450622
Brighton & Hove,J01000014,2019-05,4185.77765,0.014347728612659304
Brighton & Hove,J01000014,2019-07,4400.90433,0.015085125455031571
Brighton & Hove,J01000014,2019-08,4788.7546,0.01641457266451405
Brighton & Hove,J01000014,2019-09,4611.29397,0.015806284988585648
Brighton & Hove,J01000014,2019-06,3971.70409,0.013613941584572459
Brighton & Hove,J01000014,2019-11,3419.51208,0.011721174752689056
Brighton & Hove,J01000014,2019-10,4026.71611,0.013802508106588788
Brighton & Hove,J01000014,2020-06,3477.2977300000002,0.011919248538071832
Brighton & Hove,J01000014,2020-05,2940.43068,0.010079011578882422
Brighton & Hove,J01000014,2020-04,2986.3117,0.010236279469935354
Brighton & Hove,J01000014,2020-07,4066.5329199999996,0.013938989504281237
Brighton & Hove,J01000014,2020-02,2465.93837,0.008452578580781385
Brighton & Hove,J01000014,2020-01,3981.04603,0.013645963261556602
Brighton & Hove,J01000014,2019-12,2990.45544,0.010250483104703535
Brighton & Hove,J01000014,2020-03,3003.10891,0.010293855822690223
Bristol,J01000015,2021-08,2768.7576799999997,0.006319705282859522
Bristol,J01000015,2021-01,3027.20375,0.006909609919769924
Bristol,J01000015,2021-02,3274.15822,0.007473284913778346
Bristol,J01000015,2021-03,3719.16904,0.008489024662474465
Bristol,J01000015,2021-04,3409.64378,0.007782531481460347
Bristol,J01000015,2021-05,2955.22635,0.006745321091494242
Bristol,J01000015,2021-06,3529.62584,0.008056391221482944
Bristol,J01000015,2021-07,3224.57248,0.007360105177864259
Bristol,J01000015,2021-10,3341.40317,0.007626771897789393
Bristol,J01000015,2020-12,2604.17544,0.005944045376214008
Bristol,J01000015,2021-12,2512.38734,0.005734538511578011
Bristol,J01000015,2022-01,3083.45512,0.007038003994385036
Bristol,J01000015,2022-02,3397.14068,0.007753993084007624
Bristol,J01000015,2022-03,4029.32587,0.009196959405635507
Bristol,J01000015,2022-04,4266.18678,0.009737595791059424
Bristol,J01000015,2022-05,4667.34408,0.010653239628864566
Bristol,J01000015,2022-06,4049.2247700000003,0.009242378759001633
Bristol,J01000015,2022-07,4371.53617,0.00997805637789165
Bristol,J01000015,2022-08,4293.27192,0.009799417778437168
Bristol,J01000015,2021-11,3281.97364,0.007491123654748183
Bristol,J01000015,2020-11,3203.57548,0.007312179404950755
Bristol,J01000015,2021-09,2719.26797,0.006206744735971149
Bristol,J01000015,2020-09,3308.21861,0.007551027949282722
Bristol,J01000015,2019-01,4308.03784,0.009833121075516702
Bristol,J01000015,2019-02,3198.45622,0.007300494664642845
Bristol,J01000015,2019-03,3515.3280600000003,0.008023756456638097
Bristol,J01000015,2019-04,3835.9269299999996,0.008755525215982104
Bristol,J01000015,2019-05,4722.43504,0.010778985060999967
Bristol,J01000015,2019-06,3854.2391500000003,0.008797322963148946
Bristol,J01000015,2019-07,3810.50381,0.008697496798785707
Bristol,J01000015,2019-08,5144.08532,0.011741404243178162
Bristol,J01000015,2019-09,3931.24759,0.008973095169076612
Bristol,J01000015,2019-10,5643.54562,0.012881425242230921
Bristol,J01000015,2020-10,3290.18889,0.007509875009985963
Bristol,J01000015,2020-08,2946.74388,0.00672595980507401
Bristol,J01000015,2019-12,4266.56894,0.009738468073451035
Bristol,J01000015,2020-01,3865.6288,0.008823319904591261
Bristol,J01000015,2020-02,3597.55843,0.008211447747737466
Bristol,J01000015,2020-03,3425.19411,0.007818025198863312
Bristol,J01000015,2020-04,3158.17618,0.007208555242345046
Bristol,J01000015,2020-05,2983.10698,0.006808958789358958
Bristol,J01000015,2020-06,3709.68205,0.008467370553393515
Bristol,J01000015,2020-07,3389.9066,0.007737481254921652
Bristol,J01000015,2019-11,4317.66525,0.009855095694052931
Cambridge,J01000019,2021-08,821.35852,0.007447464524377306
Cambridge,J01000019,2021-07,903.72872,0.00819433586914142
Cambridge,J01000019,2021-06,1205.02689,0.010926282245414238
Cambridge,J01000019,2021-05,878.51422,0.007965709648462648
Cambridge,J01000019,2021-04,1107.82083,0.010044890422261915
Cambridge,J01000019,2021-02,1082.59727,0.009816182052281774
Cambridge,J01000019,2021-01,903.3178,0.008190609954029034
Cambridge,J01000019,2021-09,877.58196,0.00795725661229338
Cambridge,J01000019,2021-03,1153.1682500000002,0.010456066898183831
Cambridge,J01000019,2021-10,1004.5453,0.009108465186286689
Cambridge,J01000019,2022-03,751.1839600000001,0.0068111741184364435
Cambridge,J01000019,2021-12,881.79696,0.00799547507865841
Cambridge,J01000019,2022-01,951.2688400000001,0.008625394108099777
Cambridge,J01000019,2022-02,671.10924,0.0060851164688494564
Cambridge,J01000019,2020-12,987.87264,0.008957289979780028
Cambridge,J01000019,2022-04,992.9109900000001,0.009002973967920064
Cambridge,J01000019,2022-05,968.35625,0.008780329957293245
Cambridge,J01000019,2022-06,923.81729,0.008376483991766935
Cambridge,J01000019,2022-07,645.27409,0.005850862658336885
Cambridge,J01000019,2022-08,906.34178,0.008218029142147306
Cambridge,J01000019,2021-11,587.67174,0.005328567646232104
Cambridge,J01000019,2020-11,964.55687,0.008745880022124095
Cambridge,J01000019,2020-10,907.93605,0.008232484789685095
Cambridge,J01000019,2020-09,911.80369,0.008267553655462565
Cambridge,J01000019,2019-01,789.29421,0.007156729351600824
Cambridge,J01000019,2019-02,838.42007,0.007602165894439054
Cambridge,J01000019,2019-03,947.89418,0.008594795216117947
Cambridge,J01000019,2019-04,979.17856,0.00887845856719287
Cambridge,J01000019,2019-05,1034.99187,0.009384531903125482
Cambridge,J01000019,2019-07,945.34416,0.008571673542665954
Cambridge,J01000019,2019-08,1469.65429,0.01332572551615331
Cambridge,J01000019,2019-09,1122.411,0.010177183167553746
Cambridge,J01000019,2019-10,937.20682,0.008497890231849629
Cambridge,J01000019,2019-06,1002.48255,0.00908976171262252
Cambridge,J01000019,2019-12,998.78602,0.009056244344301686
Cambridge,J01000019,2019-11,1321.81251,0.011985206869349969
Cambridge,J01000019,2020-07,1078.92957,0.009782926092830524
Cambridge,J01000019,2020-06,794.15138,0.007200770535058529
Cambridge,J01000019,2020-05,821.00923,0.007444297423993762
Cambridge,J01000019,2020-08,711.87938,0.006454789594421827
Cambridge,J01000019,2020-03,794.39774,0.007203004343213615
Cambridge,J01000019,2020-02,682.93943,0.0061923837804999686
Cambridge,J01000019,2020-01,1098.85709,0.009963613934552576
Cambridge,J01000019,2020-04,810.35441,0.007347687488099232
Carlisle,J01000021,2021-08,1288.6568,0.01187439460395857
Carlisle,J01000021,2020-12,1126.36581,0.010378955899155946
Carlisle,J01000021,2021-01,1285.6430799999998,0.01184662452545059
Carlisle,J01000021,2021-02,761.0296699999999,0.007012547178504293
Carlisle,J01000021,2021-03,1543.5861300000001,0.014223454074674728
Carlisle,J01000021,2021-04,1680.0446200000001,0.015480857874755815
Carlisle,J01000021,2021-05,1614.8734699999998,0.014880334948951381
Carlisle,J01000021,2021-06,1759.4904300000003,0.016212915391987028
Carlisle,J01000021,2021-07,985.8764,0.009084408978659099
Carlisle,J01000021,2021-09,1157.94083,0.010669905550845895
Carlisle,J01000021,2022-07,1395.67316,0.012860502377354319
Carlisle,J01000021,2021-11,1350.9714,0.012448595702333124
Carlisle,J01000021,2021-12,1611.83666,0.0148523521064465
Carlisle,J01000021,2022-01,1281.46469,0.011808122535107442
Carlisle,J01000021,2022-02,1246.71207,0.01148789272419004
Carlisle,J01000021,2022-03,1450.13123,0.013362309074490436
Carlisle,J01000021,2022-04,1403.49737,0.012932598964284399
Carlisle,J01000021,2022-05,1727.1565099999998,0.015914972817072718
Carlisle,J01000021,2022-06,1774.51813,0.01635138890936567
Carlisle,J01000021,2020-11,792.91426,0.007306349378939221
Carlisle,J01000021,2021-10,1141.48009,0.010518227212413843
Carlisle,J01000021,2022-08,1372.56015,0.012647526353617633
Carlisle,J01000021,2020-10,1005.3827000000001,0.00926415078692271
Carlisle,J01000021,2020-08,1026.19449,0.009455922100180605
Carlisle,J01000021,2019-01,1451.08271,0.013371076536065753
Carlisle,J01000021,2019-02,936.03085,0.008625104585160887
Carlisle,J01000021,2019-03,859.77435,0.007922435129556597
Carlisle,J01000021,2019-04,993.6775299999999,0.00915629289373779
Carlisle,J01000021,2019-05,1060.98532,0.009776503999115404
Carlisle,J01000021,2019-06,1209.8503600000001,0.011148228594596589
Carlisle,J01000021,2019-07,860.6556800000001,0.007930556190335778
Carlisle,J01000021,2019-08,1028.93102,0.00948113799712506
Carlisle,J01000021,2019-09,808.87803,0.007453448361652721
Carlisle,J01000021,2020-09,1074.15778,0.00989788231174671
Carlisle,J01000021,2019-11,1046.36891,0.009641820334672514
Carlisle,J01000021,2019-12,785.89744,0.007241692528841546
Carlisle,J01000021,2020-01,1154.57241,0.01063886707087833
Carlisle,J01000021,2020-02,901.58889,0.008307737366849728
Carlisle,J01000021,2020-03,1173.49246,0.010813206848254764
Carlisle,J01000021,2020-04,867.84404,0.007996793704618333
Carlisle,J01000021,2020-05,943.8388600000001,0.008697051896354724
Carlisle,J01000021,2020-06,1284.44523,0.011835586874792673
Carlisle,J01000021,2020-07,1187.66822,0.010943830120526335
Carlisle,J01000021,2019-10,1301.0157,0.011988276325973978
Coventry,J01000028,2021-07,6412.06883,0.016901129532640814
Coventry,J01000028,2021-06,6772.00798,0.017849868287526986
Coventry,J01000028,2021-05,6627.08283,0.01746787009043536
Coventry,J01000028,2021-01,5119.34436,0.01349372635330151
Coventry,J01000028,2021-03,6389.546270000001,0.01684176387171938
Coventry,J01000028,2021-02,5716.50459,0.015067739774952751
Coventry,J01000028,2021-08,5507.5901699999995,0.014517076678958424
Coventry,J01000028,2021-04,6317.41926,0.016651649265789284
Coventry,J01000028,2021-09,5694.64535,0.015010122513422968
Coventry,J01000028,2022-02,6736.76565,0.017756975463049603
Coventry,J01000028,2021-11,6348.13881,0.016732620806722425
Coventry,J01000028,2021-12,6090.929709999999,0.01605466109803446
Coventry,J01000028,2022-01,6706.52964,0.017677278451818327
Coventry,J01000028,2022-03,7794.6761799999995,0.020545448789758215
Coventry,J01000028,2022-04,7178.870910000001,0.018922290194445253
Coventry,J01000028,2022-05,8413.16874,0.022175690627248692
Coventry,J01000028,2022-06,8106.80695,0.02136817273654606
Coventry,J01000028,2022-07,8157.12856,0.021500811994085194
Coventry,J01000028,2020-12,5338.99251,0.014072681747134193
Coventry,J01000028,2021-10,6859.77844,0.01808121638327091
Coventry,J01000028,2022-08,8209.12093,0.021637855092557202
Coventry,J01000028,2020-11,5517.22422,0.01454247040620791
Coventry,J01000028,2020-09,6866.2166099999995,0.018098186311075497
Coventry,J01000028,2020-10,4750.08783,0.012520428559755607
Coventry,J01000028,2019-01,5448.46836,0.014361241581814874
Coventry,J01000028,2019-02,4996.00613,0.013168627628252945
Coventry,J01000028,2019-03,5389.25822,0.014205173661722725
Coventry,J01000028,2019-04,5565.8876,0.014670738849776085
Coventry,J01000028,2019-05,6274.15013,0.016537599153371097
Coventry,J01000028,2019-07,6317.93056,0.016652996966158566
Coventry,J01000028,2019-08,6537.28654,0.017231182249259992
Coventry,J01000028,2019-09,6651.06559,0.017531084591722965
Coventry,J01000028,2019-10,6555.86828,0.017280160574822016
Coventry,J01000028,2019-06,5921.58866,0.0156083067158337
Coventry,J01000028,2019-12,5321.83864,0.014027467045523436
Coventry,J01000028,2019-11,6006.48041,0.01583206701863796
Coventry,J01000028,2020-07,6295.92685,0.016594998906130153
Coventry,J01000028,2020-06,6253.59498,0.01648341925263649
Coventry,J01000028,2020-05,5200.30812,0.013707133138457563
Coventry,J01000028,2020-08,6095.13073,0.016065734276609372
Coventry,J01000028,2020-03,6508.6215600000005,0.017155626207540058
Coventry,J01000028,2020-02,5275.59806,0.013905584693202456
Coventry,J01000028,2020-01,5815.85782,0.015329618094452368
Coventry,J01000028,2020-04,4931.13173,0.0129976296762936
Derby,J01000031,2021-09,1411.55311,0.005496402493633525
Derby,J01000031,2021-01,1036.66283,0.004036628961037949
Derby,J01000031,2021-02,1467.44954,0.0057140558536528385
Derby,J01000031,2021-03,1964.42855,0.007649226872366772
Derby,J01000031,2021-04,1919.1889899999999,0.007473069965033058
Derby,J01000031,2021-05,1332.62931,0.005189083577998084
Derby,J01000031,2021-06,1994.44286,0.007766098655057747
Derby,J01000031,2021-07,1574.14587,0.00612951735497286
Derby,J01000031,2021-08,1271.12966,0.0049496120149213054
Derby,J01000031,2021-10,1244.28078,0.004845066001074708
Derby,J01000031,2020-12,1296.8458600000001,0.0050497475215525636
Derby,J01000031,2021-12,986.73451,0.003842214637831271
Derby,J01000031,2022-01,1239.99885,0.004828392727810789
Derby,J01000031,2022-02,1941.20533,0.007558798702562945
Derby,J01000031,2022-03,1771.24078,0.006896979058774054
Derby,J01000031,2022-04,2194.1742400000003,0.008543826426908192
Derby,J01000031,2022-05,2774.7916299999997,0.010804674316820733
Derby,J01000031,2022-06,2706.85533,0.01054013928368391
Derby,J01000031,2022-07,2875.81906,0.011198061865786132
Derby,J01000031,2022-08,2545.35914,0.009911294321960641
Derby,J01000031,2021-11,1658.55249,0.006458185651872562
Derby,J01000031,2020-11,1183.05358,0.004606655322529146
Derby,J01000031,2019-11,1874.62095,0.0072995278684183885
Derby,J01000031,2020-09,1386.01964,0.0053969785136324345
Derby,J01000031,2019-01,1733.66557,0.006750666124120959
Derby,J01000031,2019-02,1479.28323,0.005760134688918828
Derby,J01000031,2019-03,1896.94726,0.007386463588433652
Derby,J01000031,2019-04,1879.47742,0.007318438325013434
Derby,J01000031,2019-05,2480.48943,0.009658700187684473
Derby,J01000031,2019-07,1749.12272,0.006810854236918548
Derby,J01000031,2019-08,1791.14213,0.006974472302911835
Derby,J01000031,2019-09,2143.7696300000002,0.008347557492971568
Derby,J01000031,2019-10,2226.66702,0.008670349046391551
Derby,J01000031,2019-06,1583.38059,0.0061654761422663875
Derby,J01000031,2019-12,1680.2959500000002,0.006542851830507683
Derby,J01000031,2020-10,1611.51142,0.00627501390111131
Derby,J01000031,2020-07,1698.65197,0.0066143277625051585
Derby,J01000031,2020-06,1475.13211,0.0057439707726214305
Derby,J01000031,2020-05,1274.6812400000001,0.004963441401169719
Derby,J01000031,2020-08,1225.74081,0.004772873791927232
Derby,J01000031,2020-03,2005.5601199999999,0.007809387805960734
Derby,J01000031,2020-02,1475.2554,0.0057444508476952195
Derby,J01000031,2020-01,1731.3334599999998,0.0067415851939536
Derby,J01000031,2020-04,1365.84066,0.0053184042147234965
Doncaster,J01000032,2021-09,5549.17692,0.017741186182201833
Doncaster,J01000032,2021-01,5993.22628,0.01916084940134597
Doncaster,J01000032,2021-02,6635.32852,0.021213704365618556
Doncaster,J01000032,2021-03,7847.35067,0.025088641303131543
Doncaster,J01000032,2021-04,6752.06752,0.021586928784948126
Doncaster,J01000032,2021-05,6626.86009,0.021186630081365794
Doncaster,J01000032,2021-06,7528.59836,0.02406956331026104
Doncaster,J01000032,2021-07,5405.19527,0.017280864715379575
Doncaster,J01000032,2021-08,6023.52462,0.01925771574723852
Doncaster,J01000032,2021-10,5907.01725,0.018885231868535895
Doncaster,J01000032,2022-08,12590.14692,0.040251760538388984
Doncaster,J01000032,2021-12,5535.514929999999,0.01769750764902409
Doncaster,J01000032,2022-01,6046.00456,0.019329586009559283
Doncaster,J01000032,2022-02,7406.89568,0.023680469587735984
Doncaster,J01000032,2022-03,8478.04342,0.027105019166520132
Doncaster,J01000032,2022-04,8687.68528,0.027775261857186245
Doncaster,J01000032,2022-05,8725.61972,0.027896541458190132
Doncaster,J01000032,2022-06,9839.95207,0.031459155873843056
Doncaster,J01000032,2022-07,10972.94626,0.035081433764406866
Doncaster,J01000032,2020-12,6175.3186399999995,0.019743014019214473
Doncaster,J01000032,2021-11,6154.60339,0.019676785619515004
Doncaster,J01000032,2020-11,5245.9863000000005,0.016771860223476192
Doncaster,J01000032,2020-10,5633.0427500000005,0.018009312307175857
Doncaster,J01000032,2020-09,6544.13664,0.020922156241507745
Doncaster,J01000032,2019-02,6541.06496,0.02091233582173058
Doncaster,J01000032,2019-03,8210.47285,0.026249573508959827
Doncaster,J01000032,2019-04,8090.17615,0.02586497482296146
Doncaster,J01000032,2019-05,9088.22628,0.02905582518343271
Doncaster,J01000032,2019-06,8536.96877,0.02729340847547037
Doncaster,J01000032,2019-07,9218.501180000001,0.02947232501558579
Doncaster,J01000032,2019-08,8458.09288,0.02704123560912448
Doncaster,J01000032,2019-09,8591.599180000001,0.027468066499352593
Doncaster,J01000032,2019-10,8265.48609,0.02642545547260898
Doncaster,J01000032,2019-01,8977.47566,0.02870174611953898
Doncaster,J01000032,2019-12,7200.28153,0.02301990674105216
Doncaster,J01000032,2020-01,6909.7983,0.02209120737887047
Doncaster,J01000032,2020-02,7449.42292,0.02381643275732532
Doncaster,J01000032,2020-03,7118.81147,0.022759440094633692
Doncaster,J01000032,2020-04,5968.22314,0.019080912256022507
Doncaster,J01000032,2020-05,5822.117740000001,0.01861380098150487
Doncaster,J01000032,2020-06,6484.27805,0.020730783285643494
Doncaster,J01000032,2020-07,6826.13126,0.021823716802276325
Doncaster,J01000032,2020-08,6239.6493199999995,0.019948684623623255
Doncaster,J01000032,2019-11,7577.12823,0.024224717393736914
Exeter,J01000035,2021-08,1354.61809,0.010159661074152684
Exeter,J01000035,2021-07,1228.55067,0.009214153060382651
Exeter,J01000035,2021-06,1754.84169,0.013161345578363945
Exeter,J01000035,2021-02,1237.40465,0.00928055807639519
Exeter,J01000035,2021-04,1470.59435,0.011029485198712998
Exeter,J01000035,2021-03,1830.7837100000002,0.013730912152280382
Exeter,J01000035,2021-09,1168.37968,0.008762869507173768
Exeter,J01000035,2021-05,1384.85961,0.010386473041182603
Exeter,J01000035,2021-10,1168.54226,0.00876408886022215
Exeter,J01000035,2022-03,1412.16913,0.010591294953237382
Exeter,J01000035,2021-12,1250.7903,0.009380950702376755
Exeter,J01000035,2022-01,1118.02438,0.008385203813009534
Exeter,J01000035,2022-02,1424.42965,0.010683249083122709
Exeter,J01000035,2022-04,1502.64255,0.01126984729961825
Exeter,J01000035,2022-05,2027.30724,0.01520484231210578
Exeter,J01000035,2022-06,1777.73583,0.013333052057630145
Exeter,J01000035,2022-07,1920.79557,0.014406002790006976
Exeter,J01000035,2022-08,2202.98562,0.01652243345608364
Exeter,J01000035,2021-01,1267.44272,0.009505844164610412
Exeter,J01000035,2021-11,1115.98952,0.008369942324855812
Exeter,J01000035,2020-12,1147.60899,0.008607088942722356
Exeter,J01000035,2020-11,1656.07219,0.012420572476431193
Exeter,J01000035,2019-01,1601.31081,0.012009861099652748
Exeter,J01000035,2019-02,1138.83399,0.008541276278190697
Exeter,J01000035,2019-03,1610.25852,0.012076969092422733
Exeter,J01000035,2019-04,1933.42961,0.014500758326895817
Exeter,J01000035,2019-05,2255.44099,0.016915849714624287
Exeter,J01000035,2019-06,1762.71588,0.013220402151005377
Exeter,J01000035,2019-07,1878.1064999999999,0.014085833964584911
Exeter,J01000035,2019-08,2114.79028,0.015860966752416883
Exeter,J01000035,2019-09,1927.37238,0.01445532898832247
Exeter,J01000035,2019-10,2230.08232,0.016725659214148036
Exeter,J01000035,2019-11,1725.35863,0.012940222075555188
Exeter,J01000035,2020-10,1466.48861,0.01099869207173018
Exeter,J01000035,2020-01,1838.47679,0.01378861039652599
Exeter,J01000035,2020-02,1676.10005,0.012570781801954504
Exeter,J01000035,2020-03,1733.9107999999999,0.013004363510908777
Exeter,J01000035,2020-04,1236.3310199999999,0.009272505831264577
Exeter,J01000035,2020-05,1616.9382400000002,0.012127067117667796
Exeter,J01000035,2020-06,1764.0667099999998,0.013230533401333502
Exeter,J01000035,2020-07,1581.00456,0.01185756384390961
Exeter,J01000035,2020-08,1383.4802300000001,0.010376127665319165
Exeter,J01000035,2020-09,1635.60867,0.012267095692739233
Exeter,J01000035,2019-12,1364.97091,0.010237307418268546
Leeds,J01000051,2021-08,8534.13963,0.010683887336533188
Leeds,J01000051,2021-07,8676.97401,0.010862701662272498
Leeds,J01000051,2021-06,10462.944440000001,0.01309855761117496
Leeds,J01000051,2021-01,7793.95032,0.00975724451855691
Leeds,J01000051,2021-04,9560.18066,0.01196838785356779
Leeds,J01000051,2021-03,10254.78295,0.01283796029224348
Leeds,J01000051,2021-02,7417.04781,0.009285400357542571
Leeds,J01000051,2021-09,9301.30308,0.01164429907384456
Leeds,J01000051,2021-05,8967.60205,0.011226538835182388
Leeds,J01000051,2021-10,8346.53276,0.01044902234140308
Leeds,J01000051,2022-03,10906.19763,0.013653466172416643
Leeds,J01000051,2021-12,7554.4378,0.009457398852759062
Leeds,J01000051,2022-01,8318.09525,0.010413421429519296
Leeds,J01000051,2022-02,8701.36207,0.010893233068681724
Leeds,J01000051,2022-04,11156.43838,0.013966742506753999
Leeds,J01000051,2022-05,10916.988159999999,0.013666974834311067
Leeds,J01000051,2022-06,12208.45048,0.01528375620003355
Leeds,J01000051,2022-07,13822.05396,0.01730382600596405
Leeds,J01000051,2022-08,13113.35325,0.016416603758703834
Leeds,J01000051,2020-12,7151.95218,0.00895352720252984
Leeds,J01000051,2021-11,8740.41942,0.01094212895569026
Leeds,J01000051,2020-10,7861.94694,0.009842369470671745
Leeds,J01000051,2020-04,6499.32547,0.00813650398229313
Leeds,J01000051,2020-09,9848.51432,0.012329352692711189
Leeds,J01000051,2019-01,9890.98352,0.012382519873908655
Leeds,J01000051,2019-02,8630.97755,0.010805118705135041
Leeds,J01000051,2019-03,8806.42126,0.011024756643206065
Leeds,J01000051,2019-04,10093.184879999999,0.012635655707536185
Leeds,J01000051,2019-05,11094.950700000001,0.013889766095049239
Leeds,J01000051,2020-11,7960.07453,0.009965215376834346
Leeds,J01000051,2019-07,10899.000180000001,0.013644455686504272
Leeds,J01000051,2019-08,11247.51502,0.014080761330318759
Leeds,J01000051,2019-09,11073.51128,0.013862926090342094
Leeds,J01000051,2019-10,10692.48475,0.013385919069688251
Leeds,J01000051,2019-06,11116.89246,0.013917234979080755
Leeds,J01000051,2019-12,7299.0873,0.009137725623633864
Leeds,J01000051,2020-01,8838.56272,0.011064994529198059
Leeds,J01000051,2020-02,8821.78641,0.011043992270770896
Leeds,J01000051,2020-03,9086.69348,0.01137562936756528
Leeds,J01000051,2020-05,7829.95935,0.009802324214495497
Leeds,J01000051,2020-06,8368.01143,0.010475911483175719
Leeds,J01000051,2020-07,8928.03575,0.01117700579379208
Leeds,J01000051,2020-08,9605.77446,0.012025466720748737
Leeds,J01000051,2019-11,9736.546409999999,0.012189180093291568
Leicester,J01000052,2021-08,5549.72564,0.01635003664946145
Leicester,J01000052,2021-07,5776.45422,0.017018001308067594
Leicester,J01000052,2021-06,6909.77009,0.020356861138608028
Leicester,J01000052,2021-05,5835.28626,0.017191326274482076
Leicester,J01000052,2021-01,4885.49312,0.01439314242617078
Leicester,J01000052,2021-03,6009.43288,0.017704379316033844
Leicester,J01000052,2021-02,5603.96568,0.01650983313299866
Leicester,J01000052,2021-09,5771.55696,0.017003573499257584
Leicester,J01000052,2021-04,6094.35448,0.017954566687878575
Leicester,J01000052,2021-10,6051.80315,0.01782920629168729
Leicester,J01000052,2020-12,4795.39406,0.014127701748803883
Leicester,J01000052,2021-12,5468.85365,0.01611177982629805
Leicester,J01000052,2022-01,6044.38174,0.017807342089137146
Leicester,J01000052,2022-02,5545.23816,0.01633681609276674
Leicester,J01000052,2022-03,6734.66165,0.0198409744808975
Leicester,J01000052,2022-04,6113.06115,0.018009678374460866
Leicester,J01000052,2022-05,7146.92366,0.021055538841358506
Leicester,J01000052,2022-06,6707.33741,0.019760474586957035
Leicester,J01000052,2022-07,6913.6974,0.020368431379481015
Leicester,J01000052,2022-08,7346.43143,0.02164330832095972
Leicester,J01000052,2021-11,5967.71541,0.01758147555327724
Leicester,J01000052,2020-11,5213.11978,0.015358362735393245
Leicester,J01000052,2019-01,6945.951059999999,0.020463453828749204
Leicester,J01000052,2020-09,6417.78873,0.01890743574559853
Leicester,J01000052,2019-02,6457.91251,0.0190256443411346
Leicester,J01000052,2019-03,5955.95817,0.017546837569822525
Leicester,J01000052,2019-04,6540.89264,0.019270111951731127
Leicester,J01000052,2019-05,7174.31698,0.021136242251761767
Leicester,J01000052,2019-06,6612.745809999999,0.019481798445638594
Leicester,J01000052,2019-07,7416.04366,0.02184839278559476
Leicester,J01000052,2019-08,8228.64344,0.024242391524664734
Leicester,J01000052,2019-09,8197.28519,0.02415000704117467
Leicester,J01000052,2019-10,7170.827859999999,0.021125962961653585
Leicester,J01000052,2020-10,5392.40694,0.015886560312522096
Leicester,J01000052,2019-12,6556.42972,0.019315885714959107
Leicester,J01000052,2020-01,6457.54103,0.019024549924579887
Leicester,J01000052,2020-02,5579.2946,0.0164371497089255
Leicester,J01000052,2020-03,6316.81242,0.018609949621720995
Leicester,J01000052,2020-04,6053.39474,0.01783389527210163
Leicester,J01000052,2020-05,5553.82884,0.01636212507954465
Leicester,J01000052,2020-06,7370.98712,0.021715651794763015
Leicester,J01000052,2020-07,7171.33874,0.02112746806429565
Leicester,J01000052,2020-08,5647.15662,0.016637077883051684
Leicester,J01000052,2019-11,7254.38223,0.02137212233967334
Lincoln,J01000053,2021-08,1938.78994,0.019378403982048795
Lincoln,J01000053,2021-07,1853.80155,0.01852893632120261
Lincoln,J01000053,2021-06,2554.80609,0.025535548481244192
Lincoln,J01000053,2021-02,1693.82977,0.01693000199902048
Lincoln,J01000053,2021-04,1888.84045,0.018879153714679808
Lincoln,J01000053,2021-03,2127.56761,0.021265256124498998
Lincoln,J01000053,2021-09,2029.4681799999998,0.020284742276284618
Lincoln,J01000053,2021-05,1901.13158,0.019002004817639355
Lincoln,J01000053,2021-10,2396.76276,0.023955889214285
Lincoln,J01000053,2022-03,1976.2831,0.019753151955541785
Lincoln,J01000053,2021-12,1601.4365500000001,0.016006522304071007
Lincoln,J01000053,2022-01,1864.96141,0.01864048026467031
Lincoln,J01000053,2022-02,1614.58108,0.016137903227418565
Lincoln,J01000053,2022-04,1910.66331,0.01909727543503683
Lincoln,J01000053,2022-05,2303.05396,0.02301926016252037
Lincoln,J01000053,2022-06,1956.42598,0.01955467800777619
Lincoln,J01000053,2022-07,2245.24128,0.022441416505912106
Lincoln,J01000053,2022-08,2216.8455,0.022157597777089224
Lincoln,J01000053,2021-01,1427.68661,0.014269873861807714
Lincoln,J01000053,2021-11,1758.05281,0.017571917860248476
Lincoln,J01000053,2020-12,1411.27499,0.014105838039360712
Lincoln,J01000053,2020-11,1441.97443,0.01441268208577797
Lincoln,J01000053,2019-01,2292.35583,0.022912331257683733
Lincoln,J01000053,2020-10,1474.10083,0.014733788743515679
Lincoln,J01000053,2019-02,1788.85868,0.017879825685414148
Lincoln,J01000053,2019-03,2152.16233,0.021511082869394
Lincoln,J01000053,2019-04,1959.94951,0.01958989605093504
Lincoln,J01000053,2019-05,2184.18071,0.021831109856170476
Lincoln,J01000053,2019-06,1985.76088,0.01984788333716479
Lincoln,J01000053,2019-08,2438.58615,0.02437391828004278
Lincoln,J01000053,2019-09,2087.5804399999997,0.020865580265669818
Lincoln,J01000053,2019-10,1911.63644,0.019107001969035173
Lincoln,J01000053,2019-11,1861.39798,0.018604863416925705
Lincoln,J01000053,2019-07,2278.09892,0.022769831982328657
Lincoln,J01000053,2020-01,1650.1944300000002,0.016493862307469343
Lincoln,J01000053,2019-12,1847.34765,0.018464428929824386
Lincoln,J01000053,2020-08,1688.49849,0.016876715309498344
Lincoln,J01000053,2020-07,1851.68853,0.018507816469929734
Lincoln,J01000053,2020-06,2276.74608,0.02275631020799808
Lincoln,J01000053,2020-09,1726.79641,0.017259506941598616
Lincoln,J01000053,2020-04,1739.89704,0.017390449079950826
Lincoln,J01000053,2020-03,1698.93136,0.0169809929134724
Lincoln,J01000053,2020-02,1690.1586,0.01689330827894332
Lincoln,J01000053,2020-05,1644.08404,0.01643278833371648
Liverpool,J01000054,2021-09,10500.67282,0.02098145522045101
Liverpool,J01000054,2021-01,9802.59687,0.019586625618913268
Liverpool,J01000054,2021-02,9673.785179999999,0.019329246234569625
Liverpool,J01000054,2021-03,11789.09214,0.023555853331042174
Liverpool,J01000054,2021-04,10878.86444,0.021737122088260327
Liverpool,J01000054,2021-05,11194.97077,0.02236873597829258
Liverpool,J01000054,2021-06,12388.37542,0.024753284726079676
Liverpool,J01000054,2021-07,10312.208279999999,0.020604883130792007
Liverpool,J01000054,2021-08,9201.86394,0.01838629766980902
Liverpool,J01000054,2021-10,10273.57371,0.020527687172560413
Liverpool,J01000054,2020-12,9409.62934,0.018801434919696127
Liverpool,J01000054,2021-12,8777.392179999999,0.017538158186039633
Liverpool,J01000054,2022-01,10309.68396,0.020599839272369795
Liverpool,J01000054,2022-02,9888.520989999999,0.01975831110107618
Liverpool,J01000054,2022-03,13340.39238,0.02665551533146577
Liverpool,J01000054,2022-04,13415.15132,0.026804891602760585
Liverpool,J01000054,2022-05,14118.052529999999,0.02820936258427011
Liverpool,J01000054,2022-06,13717.99829,0.027410011888729484
Liverpool,J01000054,2022-07,13503.26883,0.02698095971019474
Liverpool,J01000054,2022-08,13836.56818,0.02764692707313467
Liverpool,J01000054,2021-11,10679.11292,0.021337997418447312
Liverpool,J01000054,2020-11,9845.90845,0.019673166737932443
Liverpool,J01000054,2019-01,11687.18656,0.023352235201029425
Liverpool,J01000054,2020-09,11535.53346,0.023049216262982692
Liverpool,J01000054,2020-10,10792.36636,0.021564289773294918
Liverpool,J01000054,2019-02,10664.30428,0.021308408189036794
Liverpool,J01000054,2019-03,10741.49978,0.02146265296498919
Liverpool,J01000054,2019-04,12284.90232,0.02454653452527004
Liverpool,J01000054,2019-05,12975.18376,0.0259257898712021
Liverpool,J01000054,2019-07,14090.77775,0.028154864688275515
Liverpool,J01000054,2019-08,15018.78821,0.030009127766877003
Liverpool,J01000054,2019-09,13560.85561,0.027096024189068764
Liverpool,J01000054,2019-10,14946.0554,0.02986379991767804
Liverpool,J01000054,2019-06,12088.38555,0.024153873228179686
Liverpool,J01000054,2019-12,10746.61096,0.021472865643370084
Liverpool,J01000054,2020-01,11948.85134,0.023875069114479473
Liverpool,J01000054,2020-02,11746.30304,0.023470356182339145
Liverpool,J01000054,2020-03,13042.03421,0.026059364142792633
Liverpool,J01000054,2020-04,11101.07399,0.02218112027797648
Liverpool,J01000054,2020-05,10928.00832,0.021835316759711794
Liverpool,J01000054,2020-06,12854.59056,0.025684831899359408
Liverpool,J01000054,2020-07,12637.3645,0.0252507912498951
Liverpool,J01000054,2019-11,13039.95869,0.026055217034251527
Liverpool,J01000054,2020-08,12878.95707,0.025733518764211528
Manchester,J01000058,2021-08,12133.19699,0.022921801125951675
Manchester,J01000058,2021-07,12377.61895,0.023383558366236564
Manchester,J01000058,2021-06,15608.46995,0.029487219598360193
Manchester,J01000058,2021-05,13614.35676,0.025719979521281622
Manchester,J01000058,2021-01,13835.90469,0.02613852358642057
Manchester,J01000058,2021-03,15267.799710000001,0.028843631968715172
Manchester,J01000058,2021-02,14053.96694,0.026550482572308392
Manchester,J01000058,2021-09,12420.25124,0.023464098464096122
Manchester,J01000058,2021-04,14528.01318,0.027446041561974572
Manchester,J01000058,2021-10,13912.66501,0.026283537698600118
Manchester,J01000058,2022-08,18295.525999999998,0.034563553926662
Manchester,J01000058,2021-12,12338.68415,0.023310003494984223
Manchester,J01000058,2022-01,13669.680330000001,0.025824495739897608
Manchester,J01000058,2022-02,12493.8627,0.02360316381085523
Manchester,J01000058,2022-03,15493.513850000001,0.029270046757221394
Manchester,J01000058,2022-04,15625.96794,0.029520276462698128
Manchester,J01000058,2022-05,16440.01669,0.031058161619405663
Manchester,J01000058,2022-06,16765.2098,0.03167251015434606
Manchester,J01000058,2022-07,17770.22265,0.03357116099597605
Manchester,J01000058,2020-12,13186.85435,0.024912350235202992
Manchester,J01000058,2021-11,13942.38421,0.026339682636540532
Manchester,J01000058,2020-11,13290.62074,0.025108383692592523
Manchester,J01000058,2020-10,12753.614520000001,0.024093881926208604
Manchester,J01000058,2020-09,14998.3109,0.028334518920144335
Manchester,J01000058,2019-02,12799.35598,0.02418029580790811
Manchester,J01000058,2019-03,15468.54862,0.029222882927474353
Manchester,J01000058,2019-04,16240.45879,0.03068116069370714
Manchester,J01000058,2019-05,17493.19318,0.03304780227835188
Manchester,J01000058,2019-06,14946.72306,0.028237060170404095
Manchester,J01000058,2019-07,16124.46904,0.030462035100976705
Manchester,J01000058,2019-08,17586.03734,0.0332232016700357
Manchester,J01000058,2019-09,16882.52963,0.03189414850849187
Manchester,J01000058,2019-10,19678.72117,0.03717665949407742
Manchester,J01000058,2019-01,15458.501119999999,0.029203901384769422
Manchester,J01000058,2019-12,15993.57832,0.030214758883872067
Manchester,J01000058,2020-01,15357.82177,0.029013699903651786
Manchester,J01000058,2020-02,14372.07349,0.02715144331513423
Manchester,J01000058,2020-03,15065.92729,0.028462258496590027
Manchester,J01000058,2020-04,13774.07022,0.02602170710143011
Manchester,J01000058,2020-05,13012.90933,0.024583736667107475
Manchester,J01000058,2020-06,15157.10667,0.028634512818090794
Manchester,J01000058,2020-07,15303.79095,0.02891162592333705
Manchester,J01000058,2020-08,13644.382020000001,0.025776702661855555
Manchester,J01000058,2019-11,16289.17973,0.030773203351406493
Newcastle-upon-Tyne,J01000062,2021-07,4996.06788,0.022514038997967632
Newcastle-upon-Tyne,J01000062,2021-06,5932.07113,0.026731998837361264
Newcastle-upon-Tyne,J01000062,2021-05,5498.70255,0.02477908759897075
Newcastle-upon-Tyne,J01000062,2021-01,4156.26019,0.018729570184174593
Newcastle-upon-Tyne,J01000062,2021-03,5688.45972,0.025634200145104525
Newcastle-upon-Tyne,J01000062,2021-02,5394.777889999999,0.024310766530424632
Newcastle-upon-Tyne,J01000062,2021-08,4735.51948,0.021339916271985362
Newcastle-upon-Tyne,J01000062,2021-04,5484.29803,0.02471417576574181
Newcastle-upon-Tyne,J01000062,2021-09,5267.74199,0.023738298086152434
Newcastle-upon-Tyne,J01000062,2022-02,5571.11643,0.02510541001040967
Newcastle-upon-Tyne,J01000062,2021-11,5038.18211,0.022703820530037087
Newcastle-upon-Tyne,J01000062,2021-12,4416.47108,0.01990217197139368
Newcastle-upon-Tyne,J01000062,2022-01,5497.00222,0.024771425313980057
Newcastle-upon-Tyne,J01000062,2022-03,6134.5085,0.02764425282435593
Newcastle-upon-Tyne,J01000062,2022-04,6105.2079,0.027512214015655068
Newcastle-upon-Tyne,J01000062,2022-05,6780.31628,0.030554489813391976
Newcastle-upon-Tyne,J01000062,2022-06,7197.75012,0.03243559350905101
Newcastle-upon-Tyne,J01000062,2022-07,7989.4392,0.036003222942737785
Newcastle-upon-Tyne,J01000062,2020-12,5138.75918,0.023157056180686676
Newcastle-upon-Tyne,J01000062,2021-10,4840.22352,0.021811749500921546
Newcastle-upon-Tyne,J01000062,2020-11,3890.75155,0.017533094872222398
Newcastle-upon-Tyne,J01000062,2022-08,7794.01773,0.03512258506865427
Newcastle-upon-Tyne,J01000062,2020-09,5217.01986,0.023509726329261096
Newcastle-upon-Tyne,J01000062,2019-01,7043.30131,0.031739592851123655
Newcastle-upon-Tyne,J01000062,2019-02,5377.5095200000005,0.02423294918187185
Newcastle-upon-Tyne,J01000062,2019-03,6569.93528,0.029606439035820987
Newcastle-upon-Tyne,J01000062,2019-04,6632.3314900000005,0.02988761830299808
Newcastle-upon-Tyne,J01000062,2019-05,7912.2028900000005,0.0356551689656571
Newcastle-upon-Tyne,J01000062,2019-06,6572.62142,0.029618543727383748
Newcastle-upon-Tyne,J01000062,2019-07,7961.5159300000005,0.03587739086742764
Newcastle-upon-Tyne,J01000062,2019-08,7598.19633,0.03424014496933427
Newcastle-upon-Tyne,J01000062,2019-09,7367.28406,0.03319957306823968
Newcastle-upon-Tyne,J01000062,2019-10,6844.06698,0.030841772888886884
Newcastle-upon-Tyne,J01000062,2020-10,5037.94069,0.022702732606609016
Newcastle-upon-Tyne,J01000062,2019-12,5298.25386,0.023875795303480253
Newcastle-upon-Tyne,J01000062,2020-01,6305.53331,0.028414950768107648
Newcastle-upon-Tyne,J01000062,2020-02,5880.20302,0.026498262891545634
Newcastle-upon-Tyne,J01000062,2020-03,6201.29526,0.027945217454001414
Newcastle-upon-Tyne,J01000062,2020-04,4258.45133,0.019190079401917002
Newcastle-upon-Tyne,J01000062,2020-05,4258.40683,0.01918987886926623
Newcastle-upon-Tyne,J01000062,2020-06,5345.37843,0.02408815518973994
Newcastle-upon-Tyne,J01000062,2020-07,5597.89497,0.025226083529735162
Newcastle-upon-Tyne,J01000062,2020-08,4996.25659,0.022514889391597456
Newcastle-upon-Tyne,J01000062,2019-11,6198.71508,0.027933590255465077
Norwich,J01000066,2021-07,2560.04641,0.01959919162455979
Norwich,J01000066,2021-06,2733.62269,0.020928056116980554
Norwich,J01000066,2021-05,2661.34342,0.020374700811514317
Norwich,J01000066,2020-12,2119.16874,0.01622392237023427
Norwich,J01000066,2021-03,2663.69517,0.020392705328433625
Norwich,J01000066,2021-02,2571.00756,0.019683107946715662
Norwich,J01000066,2021-01,1776.07931,0.013597299877507274
Norwich,J01000066,2021-08,2094.13099,0.016032238478027868
Norwich,J01000066,2021-04,2840.38027,0.021745370310825296
Norwich,J01000066,2021-09,2216.8870899999997,0.016972034068289694
Norwich,J01000066,2022-02,2760.22048,0.02113168335630072
Norwich,J01000066,2021-11,2343.24231,0.017939383785025263
Norwich,J01000066,2021-12,2086.05904,0.015970441280048996
Norwich,J01000066,2022-01,2400.4480599999997,0.018377339304853774
Norwich,J01000066,2022-03,3147.32042,0.02409524131067218
Norwich,J01000066,2022-04,2585.9685600000003,0.019797646302250806
Norwich,J01000066,2022-05,2945.72228,0.022551847190323073
Norwich,J01000066,2022-06,3067.6349800000003,0.023485185882713217
Norwich,J01000066,2022-07,3352.96466,0.02566961154493952
Norwich,J01000066,2020-11,2045.12709,0.015657074644005512
Norwich,J01000066,2021-10,2420.33515,0.018529590797733884
Norwich,J01000066,2022-08,3224.01948,0.02468243362425356
Norwich,J01000066,2020-10,1889.13136,0.014462803246057266
Norwich,J01000066,2020-08,2632.46553,0.020153617593017915
Norwich,J01000066,2020-09,2458.32616,0.01882044219874445
Norwich,J01000066,2019-01,2743.4338199999997,0.021003168121267797
Norwich,J01000066,2019-02,2347.3801,0.01797106185882713
Norwich,J01000066,2019-03,2599.48803,0.019901148598989435
Norwich,J01000066,2019-04,2464.74147,0.018869556499770325
Norwich,J01000066,2019-05,2756.43314,0.0211026882560098
Norwich,J01000066,2019-07,2992.08012,0.022906753330271017
Norwich,J01000066,2019-08,2842.63356,0.021762621038125863
Norwich,J01000066,2019-09,2709.67155,0.02074469108865411
Norwich,J01000066,2019-06,2414.89758,0.01848796187413872
Norwich,J01000066,2019-11,2371.56257,0.01815619790231205
Norwich,J01000066,2019-10,2333.93444,0.017868124636349715
Norwich,J01000066,2020-06,2241.81579,0.017162883096003674
Norwich,J01000066,2020-05,1733.6076,0.013272145153881488
Norwich,J01000066,2020-04,2067.02246,0.015824701117746136
Norwich,J01000066,2020-07,2537.55739,0.019427020287857907
Norwich,J01000066,2020-02,2080.67792,0.01592924452610626
Norwich,J01000066,2020-01,2250.9087099999997,0.017232496631450007
Norwich,J01000066,2019-12,1811.31866,0.01386708513244526
Norwich,J01000066,2020-03,2632.06307,0.02015053644158628
Nottingham,J01000067,2021-08,4956.49871,0.01556229853623616
Nottingham,J01000067,2021-01,4902.5499,0.015392911326430012
Nottingham,J01000067,2021-02,5463.7041899999995,0.01715481042029049
Nottingham,J01000067,2021-03,5307.701230000001,0.01666499598108599
Nottingham,J01000067,2021-04,6294.093,0.01976204575282423
Nottingham,J01000067,2021-05,5336.29954,0.016754788284865648
Nottingham,J01000067,2021-06,6279.35596,0.01971577473986951
Nottingham,J01000067,2021-07,5115.63042,0.016061936551395005
Nottingham,J01000067,2021-09,4666.18707,0.014650784849950077
Nottingham,J01000067,2020-12,5058.70765,0.01588321177165033
Nottingham,J01000067,2021-11,5237.1512,0.016443484649632332
Nottingham,J01000067,2021-12,4757.29481,0.014936842797666518
Nottingham,J01000067,2022-01,5008.1132099999995,0.015724356534189025
Nottingham,J01000067,2022-02,4793.64029,0.015050959484323096
Nottingham,J01000067,2022-03,5887.280360000001,0.018484744955948935
Nottingham,J01000067,2022-04,5070.1183200000005,0.01591903872600426
Nottingham,J01000067,2022-05,5869.43563,0.01842871649073452
Nottingham,J01000067,2022-06,5250.07073,0.01648404908726695
Nottingham,J01000067,2022-07,5097.75284,0.016005804944520148
Nottingham,J01000067,2021-10,5805.14385,0.018226854666021967
Nottingham,J01000067,2020-11,5236.48086,0.016441379931804053
Nottingham,J01000067,2022-08,4784.20843,0.015021345551250571
Nottingham,J01000067,2020-09,6552.88826,0.02057460504750482
Nottingham,J01000067,2019-01,5784.86611,0.01816318709300646
Nottingham,J01000067,2019-02,4803.11402,0.015080704879840751
Nottingham,J01000067,2019-03,5436.23878,0.017068575169390945
Nottingham,J01000067,2019-04,5520.28515,0.01733246199300458
Nottingham,J01000067,2019-05,6250.94441,0.019626568820762715
Nottingham,J01000067,2019-06,6328.349,0.019869601939126014
Nottingham,J01000067,2019-07,7455.6275000000005,0.02340900456523514
Nottingham,J01000067,2019-08,7064.6281,0.02218135380886296
Nottingham,J01000067,2019-09,6691.8233900000005,0.021010830313914864
Nottingham,J01000067,2019-10,6462.67253,0.020291347811889706
Nottingham,J01000067,2020-10,5018.18108,0.015755967396560062
Nottingham,J01000067,2019-12,5099.61115,0.016011639622724446
Nottingham,J01000067,2020-01,6251.87011,0.019629475311936803
Nottingham,J01000067,2020-02,6183.33819,0.019414300394983895
Nottingham,J01000067,2020-03,6307.65053,0.01980461336791274
Nottingham,J01000067,2020-04,4843.53965,0.015207632325883689
Nottingham,J01000067,2020-05,4538.59396,0.014250170992232193
Nottingham,J01000067,2020-06,5376.4181,0.016880751599716165
Nottingham,J01000067,2020-07,5616.10211,0.01763330583935647
Nottingham,J01000067,2020-08,5419.66291,0.01701653064107958
Nottingham,J01000067,2019-11,6650.99993,0.020882653770557688
Oxford,J01000070,2021-08,1135.83783,0.008230470348685544
Oxford,J01000070,2021-07,1355.04216,0.009818861482275875
Oxford,J01000070,2021-06,1823.9936500000001,0.013216962189501755
Oxford,J01000070,2021-01,1314.80053,0.00952726391988638
Oxford,J01000070,2021-03,1648.36373,0.01194431849801455
Oxford,J01000070,2021-02,1356.2370999999998,0.009827520216805309
Oxford,J01000070,2021-09,1274.53648,0.009235503898437726
Oxford,J01000070,2021-05,1497.1175600000001,0.01084836352569491
Oxford,J01000070,2021-10,1260.79078,0.00913590026376047
Oxford,J01000070,2022-02,1129.05322,0.008181307933103388
Oxford,J01000070,2021-12,1376.16514,0.009971922118199472
Oxford,J01000070,2022-01,1244.85723,0.009020443103098462
Oxford,J01000070,2020-12,1730.4474,0.01253911046056636
Oxford,J01000070,2022-03,1938.77332,0.01404867482101968
Oxford,J01000070,2022-04,1668.92785,0.01209332954117272
Oxford,J01000070,2022-05,1437.02936,0.010412954407118634
Oxford,J01000070,2022-06,1537.66762,0.011142196023303672
Oxford,J01000070,2022-07,1477.84815,0.01070873416712559
Oxford,J01000070,2022-08,1895.22867,0.013733143024839859
Oxford,J01000070,2021-11,811.10789,0.00587742304570882
Oxford,J01000070,2020-11,1398.40552,0.010133079620880555
Oxford,J01000070,2021-04,1726.51728,0.012510632155589693
Oxford,J01000070,2020-09,1673.0667899999999,0.012123320990695921
Oxford,J01000070,2019-01,1102.1598099999999,0.007986433799020318
Oxford,J01000070,2019-02,975.5856,0.007069255963595258
Oxford,J01000070,2019-03,1614.15794,0.011696457638909018
Oxford,J01000070,2019-04,1213.49239,0.008793168241500246
Oxford,J01000070,2019-05,1325.22147,0.009602775789107561
Oxford,J01000070,2019-06,2290.8006299999997,0.016599523419611024
Oxford,J01000070,2019-07,1907.89507,0.013824925871713864
Oxford,J01000070,2019-08,1522.2334500000002,0.01103035745340715
Oxford,J01000070,2019-09,1344.31372,0.00974112141677053
Oxford,J01000070,2019-10,1310.2956199999999,0.009494620590707515
Oxford,J01000070,2020-10,1545.50531,0.011198989232196168
Oxford,J01000070,2019-12,1364.82611,0.009889757615721284
Oxford,J01000070,2020-01,1254.6575599999999,0.009091457928755688
Oxford,J01000070,2020-02,1737.2530900000002,0.012588425625344193
Oxford,J01000070,2020-03,1591.91221,0.011535261369235675
Oxford,J01000070,2020-04,1758.2187,0.01274034593200197
Oxford,J01000070,2020-05,1608.2921999999999,0.011653953508593953
Oxford,J01000070,2020-06,1459.69746,0.010577211240253907
Oxford,J01000070,2020-07,1853.5036599999999,0.013430796643575547
Oxford,J01000070,2020-08,1805.3504699999999,0.013081870597953682
Oxford,J01000070,2019-11,1445.15109,0.01047180581722269
Plymouth,J01000072,2021-07,3089.5082899999998,0.012333908035881814
Plymouth,J01000072,2021-06,4346.3749,0.017351559948740262
Plymouth,J01000072,2021-05,3868.684,0.015444526506153964
Plymouth,J01000072,2020-12,3012.02627,0.012024584991756125
Plymouth,J01000072,2021-03,3912.7740400000002,0.015620542379106468
Plymouth,J01000072,2021-02,3462.99787,0.013824949878038556
Plymouth,J01000072,2021-01,3234.55735,0.012912971627496616
Plymouth,J01000072,2021-08,3238.78388,0.012929844743681359
Plymouth,J01000072,2021-04,4221.94514,0.016854812546658736
Plymouth,J01000072,2021-09,3232.3485,0.012904153475801332
Plymouth,J01000072,2022-02,3282.97482,0.013106263428733398
Plymouth,J01000072,2021-11,3194.6828100000002,0.012753784836859105
Plymouth,J01000072,2021-12,2567.4231,0.010249644096147934
Plymouth,J01000072,2022-01,3348.49438,0.01336783004443309
Plymouth,J01000072,2022-03,4071.35115,0.016253612533883723
Plymouth,J01000072,2022-04,4706.61747,0.01878971719317016
Plymouth,J01000072,2022-05,4652.2527900000005,0.01857268299206752
Plymouth,J01000072,2022-06,4374.91518,0.01746549820551002
Plymouth,J01000072,2022-07,5361.6988,0.021404927162470208
Plymouth,J01000072,2020-11,2974.73223,0.01187570005070083
Plymouth,J01000072,2021-10,2793.73392,0.011153120176933918
Plymouth,J01000072,2022-08,5419.34883,0.021635077109174453
Plymouth,J01000072,2020-10,3513.76607,0.014027626243068558
Plymouth,J01000072,2020-08,3977.22396,0.01587783878733198
Plymouth,J01000072,2019-01,5238.91169,0.0209147375333847
Plymouth,J01000072,2019-02,3828.35581,0.015283528657945059
Plymouth,J01000072,2019-03,4265.2187,0.017027568875279953
Plymouth,J01000072,2019-04,3973.92267,0.015864659406201468
Plymouth,J01000072,2019-05,4995.02116,0.019941079887739584
Plymouth,J01000072,2019-06,4371.60718,0.017452292036776066
Plymouth,J01000072,2019-07,4892.32912,0.019531113621755847
Plymouth,J01000072,2019-08,4666.13755,0.018628113609779274
Plymouth,J01000072,2019-09,4939.64643,0.019720013373840765
Plymouth,J01000072,2020-09,3421.38753,0.013658833441787864
Plymouth,J01000072,2019-11,4134.48928,0.016505672025518087
Plymouth,J01000072,2019-12,3801.43531,0.015176056872756886
Plymouth,J01000072,2020-01,4216.29089,0.016832239699148467
Plymouth,J01000072,2020-02,3532.8402,0.014103773818411188
Plymouth,J01000072,2020-03,3394.4309,0.013551217418728966
Plymouth,J01000072,2020-04,3064.00389,0.012232089592756568
Plymouth,J01000072,2020-05,3114.31587,0.012432944640283605
Plymouth,J01000072,2020-06,4373.16961,0.017458529556188096
Plymouth,J01000072,2020-07,3840.8339499999997,0.015333343779567165
Plymouth,J01000072,2019-10,4476.23821,0.01786999912171792
Portsmouth,J01000074,2021-07,1566.2059199999999,0.007924378782052578
Portsmouth,J01000074,2021-06,2363.92688,0.011960529436765092
Portsmouth,J01000074,2021-05,2492.87368,0.012612948938495478
Portsmouth,J01000074,2020-12,1749.34329,0.008850981006253669
Portsmouth,J01000074,2021-03,2616.31656,0.013237520794964685
Portsmouth,J01000074,2021-02,1485.82604,0.007517688571370747
Portsmouth,J01000074,2021-01,1832.2915400000002,0.009270666147214184
Portsmouth,J01000074,2021-08,1773.70816,0.008974257553985954
Portsmouth,J01000074,2021-04,2560.9947399999996,0.01295761439760377
Portsmouth,J01000074,2021-09,1538.66645,0.007785040021452713
Portsmouth,J01000074,2022-02,2105.11999,0.010651069549290645
Portsmouth,J01000074,2021-11,1476.04216,0.007468186031450486
Portsmouth,J01000074,2021-12,1444.00322,0.007306081742931736
Portsmouth,J01000074,2022-01,1842.2171999999998,0.009320886037522009
Portsmouth,J01000074,2022-03,2027.57388,0.010258717087288255
Portsmouth,J01000074,2022-04,1932.77122,0.009779053348444679
Portsmouth,J01000074,2022-05,2415.86756,0.01222332861103803
Portsmouth,J01000074,2022-06,2816.99872,0.014252892675719981
Portsmouth,J01000074,2020-11,1731.43731,0.008760383872012304
Portsmouth,J01000074,2022-08,2983.07061,0.015093150361255593
Portsmouth,J01000074,2021-10,1928.74506,0.009758682580801845
Portsmouth,J01000074,2022-07,2719.66666,0.01376043117929206
Portsmouth,J01000074,2020-10,2128.4092,0.01076890368541418
Portsmouth,J01000074,2020-08,1518.83806,0.007684716257513509
Portsmouth,J01000074,2020-09,2194.64359,0.01110402334500415
Portsmouth,J01000074,2019-01,2500.14831,0.01264975567181397
Portsmouth,J01000074,2019-02,2162.93123,0.010943571421343426
Portsmouth,J01000074,2019-03,1979.51461,0.010015556303252312
Portsmouth,J01000074,2019-04,2274.80087,0.011509587288255652
Portsmouth,J01000074,2019-05,2828.5932700000003,0.01431155648539799
Portsmouth,J01000074,2019-07,2925.26659,0.014800685019530064
Portsmouth,J01000074,2019-08,2783.9545200000002,0.014085702171581229
Portsmouth,J01000074,2019-09,3283.94605,0.01661546037319625
Portsmouth,J01000074,2019-06,2298.04896,0.011627213373540305
Portsmouth,J01000074,2019-11,2731.0344299999997,0.013817947572402905
Portsmouth,J01000074,2019-10,2904.35378,0.0146948745218676
Portsmouth,J01000074,2020-06,2126.20286,0.010757740482888425
Portsmouth,J01000074,2020-05,1575.19832,0.00796987674809253
Portsmouth,J01000074,2020-04,2056.75866,0.01040638046184048
Portsmouth,J01000074,2020-07,2247.85786,0.01137326637793204
Portsmouth,J01000074,2020-02,1968.52677,0.009959962204772216
Portsmouth,J01000074,2020-01,2096.96083,0.010609787446115237
Portsmouth,J01000074,2019-12,2543.38149,0.012868498360688917
Portsmouth,J01000074,2020-03,2331.3959099999997,0.011795935672218736
Preston,J01000075,2021-08,1556.25128,0.010796279353715304
Preston,J01000075,2021-01,1681.0213,0.0116618542182633
Preston,J01000075,2021-02,1626.03063,0.011280364003413182
Preston,J01000075,2021-03,2074.20898,0.014389539705994573
Preston,J01000075,2021-04,1820.9638400000001,0.012632686354901595
Preston,J01000075,2021-05,1959.66455,0.013594903466600068
Preston,J01000075,2021-06,2285.34664,0.01585427820211312
Preston,J01000075,2021-07,1851.22316,0.012842606228364101
Preston,J01000075,2021-09,1746.89139,0.012118818914025265
Preston,J01000075,2020-12,1527.00033,0.010593354908530875
Preston,J01000075,2021-12,1982.33745,0.013752193594039418
Preston,J01000075,2022-01,2123.83267,0.014733797234767285
Preston,J01000075,2022-02,2254.32365,0.015639060472989377
Preston,J01000075,2022-03,2716.0013799999997,0.018841886268878297
Preston,J01000075,2022-04,2295.9165,0.015927605153072903
Preston,J01000075,2022-05,2539.91712,0.017620325917292765
Preston,J01000075,2022-06,2261.6645,0.015689986610890272
Preston,J01000075,2022-07,2489.51753,0.017270685688914787
Preston,J01000075,2022-08,2682.56758,0.01860994387673694
Preston,J01000075,2021-11,1948.76982,0.013519322774667527
Preston,J01000075,2020-11,1511.27175,0.010484240046619077
Preston,J01000075,2021-10,1817.92732,0.012611620914760627
Preston,J01000075,2020-09,1653.84779,0.011473341727542023
Preston,J01000075,2019-02,1633.79734,0.01133424448653111
Preston,J01000075,2019-03,2652.32077,0.01840011078967998
Preston,J01000075,2019-04,2107.91597,0.014623377316211923
Preston,J01000075,2019-05,2220.94907,0.015407528911458442
Preston,J01000075,2019-06,2638.51599,0.018304342025848613
Preston,J01000075,2019-07,2292.35483,0.015902896556986967
Preston,J01000075,2019-08,2338.26857,0.016221416817554304
Preston,J01000075,2019-09,2205.04933,0.015297226650571984
Preston,J01000075,2019-10,2302.53872,0.015973545894121973
Preston,J01000075,2020-10,1561.2947,0.0108312673867649
Preston,J01000075,2019-01,2245.11388,0.01557516895946499
Preston,J01000075,2019-12,1930.8903100000002,0.013395286131518521
Preston,J01000075,2020-01,2319.94069,0.01609426966915718
Preston,J01000075,2020-02,1662.71515,0.011534857818754466
Preston,J01000075,2020-03,2452.42564,0.017013365800190083
Preston,J01000075,2020-04,1752.5114099999998,0.01215780703032321
Preston,J01000075,2020-05,1974.0323600000002,0.013694578173669935
Preston,J01000075,2020-06,2404.45456,0.016680573026146922
Preston,J01000075,2020-07,1930.67564,0.013393796887899158
Preston,J01000075,2020-08,1925.61387,0.013358681554246707
Preston,J01000075,2019-11,2051.51645,0.0142321133981283
Salford,J01000080,2021-08,3743.05601,0.017504821634008322
Salford,J01000080,2021-07,2812.28557,0.013151969181125192
Salford,J01000080,2021-06,4055.3611100000003,0.018965351494177617
Salford,J01000080,2021-01,3454.5181900000002,0.01615544212692326
Salford,J01000080,2021-04,3853.56849,0.0180216456530889
Salford,J01000080,2021-03,3772.71795,0.017643539026329327
Salford,J01000080,2021-02,3770.50673,0.017633198007763178
Salford,J01000080,2021-09,3258.651,0.015239447224430621
Salford,J01000080,2021-05,3440.68359,0.016090743066922323
Salford,J01000080,2021-10,3547.26148,0.016589166534162654
Salford,J01000080,2022-03,4586.0624800000005,0.02144723602862087
Salford,J01000080,2021-12,3076.23288,0.014386348407613525
Salford,J01000080,2022-01,3620.28974,0.016930691390356828
Salford,J01000080,2022-02,3663.8761999999997,0.017134528363653367
Salford,J01000080,2022-04,4057.0181900000002,0.018973101014824863
Salford,J01000080,2022-05,4225.07634,0.019759043819856895
Salford,J01000080,2022-06,4672.19751,0.02185005616611327
Salford,J01000080,2022-07,4986.70139,0.023320868867792173
Salford,J01000080,2022-08,4743.66015,0.022184259224617687
Salford,J01000080,2020-12,3210.56545,0.01501456975167189
Salford,J01000080,2021-11,3491.82207,0.01632989790955432
Salford,J01000080,2020-11,3151.3977600000003,0.014737865407099099
Salford,J01000080,2020-10,2813.41532,0.013157252583828275
Salford,J01000080,2020-09,3386.54495,0.01583755763924613
Salford,J01000080,2019-01,3903.12653,0.018253409390637423
Salford,J01000080,2019-02,4035.45518,0.018872259177851566
Salford,J01000080,2019-03,4040.86766,0.018897571248187812
Salford,J01000080,2019-04,4183.306549999999,0.019563702707758496
Salford,J01000080,2019-05,4513.28283,0.02110687382500117
Salford,J01000080,2019-07,5334.298940000001,0.02494644783239022
Salford,J01000080,2019-08,4744.8942,0.0221900303979797
Salford,J01000080,2019-09,4528.71088,0.02117902483281111
Salford,J01000080,2019-10,4357.83698,0.020379913856802132
Salford,J01000080,2019-06,4682.65537,0.021898963522424358
Salford,J01000080,2019-12,4293.04121,0.02007688916428939
Salford,J01000080,2019-11,3707.87939,0.01734031422157789
Salford,J01000080,2020-07,3880.64797,0.01814828588130758
Salford,J01000080,2020-06,3958.60924,0.018512880512556704
Salford,J01000080,2020-05,3127.98263,0.014628361923022961
Salford,J01000080,2020-08,3514.44465,0.016435694944582146
Salford,J01000080,2020-03,3907.9544,0.018275987466679137
Salford,J01000080,2020-02,3281.88559,0.015348106392928962
Salford,J01000080,2020-01,3563.59589,0.016665556236262452
Salford,J01000080,2020-04,3405.37031,0.01592559654866015
Sheffield,J01000082,2021-09,8664.22477,0.014704716401850603
Sheffield,J01000082,2021-01,9800.68826,0.01663349523263195
Sheffield,J01000082,2021-02,8605.7911,0.014605544165617247
Sheffield,J01000082,2021-03,11471.41458,0.01946901224342938
Sheffield,J01000082,2021-04,10806.24316,0.01834009911509231
Sheffield,J01000082,2021-05,10388.52662,0.017631160529111664
Sheffield,J01000082,2021-06,10985.41144,0.01864417926254298
Sheffield,J01000082,2021-07,8656.82762,0.014692162134640386
Sheffield,J01000082,2021-08,8788.33238,0.014915348888519281
Sheffield,J01000082,2021-10,9873.21348,0.016756583312684356
Sheffield,J01000082,2022-08,13935.38208,0.023650799336064655
Sheffield,J01000082,2021-12,8957.09856,0.015201774839022835
Sheffield,J01000082,2022-01,10027.24392,0.017018000115407987
Sheffield,J01000082,2022-02,9563.9992,0.016231792184163988
Sheffield,J01000082,2022-03,12566.87799,0.02132820671267146
Sheffield,J01000082,2022-04,10720.540430000001,0.01819464647818959
Sheffield,J01000082,2022-05,12663.92895,0.02149291929587552
Sheffield,J01000082,2022-06,11665.11497,0.019797755942662598
Sheffield,J01000082,2022-07,14012.5834,0.023781823581924395
Sheffield,J01000082,2020-12,9607.57488,0.016305747792822303
Sheffield,J01000082,2021-11,10020.15583,0.017005970377485937
Sheffield,J01000082,2020-11,8448.28206,0.014338223565631502
Sheffield,J01000082,2020-10,9590.32001,0.016276463237465504
Sheffield,J01000082,2020-09,10395.01579,0.017642173794241142
Sheffield,J01000082,2019-02,13282.47038,0.022542693113198262
Sheffield,J01000082,2019-03,13566.46968,0.023024689976816573
Sheffield,J01000082,2019-04,14746.94702,0.025028168067968513
Sheffield,J01000082,2019-05,14653.575850000001,0.024869700736913924
Sheffield,J01000082,2019-06,14373.47308,0.024394316971422945
Sheffield,J01000082,2019-07,13581.21019,0.023049707220127152
Sheffield,J01000082,2019-08,16187.84493,0.027473625762456422
Sheffield,J01000082,2019-09,14940.74827,0.025357082944397112
Sheffield,J01000082,2019-10,14647.96323,0.024860175131616015
Sheffield,J01000082,2019-01,13825.43046,0.023464192059251817
Sheffield,J01000082,2019-12,13122.85204,0.022271792659373336
Sheffield,J01000082,2020-01,13577.43361,0.023043297698289587
Sheffield,J01000082,2020-02,12656.64099,0.021480550343338754
Sheffield,J01000082,2020-03,14188.94716,0.024081143964671578
Sheffield,J01000082,2020-04,10222.23913,0.017348941352377915
Sheffield,J01000082,2020-05,9910.887920000001,0.016820523477038905
Sheffield,J01000082,2020-06,11516.07878,0.019544815262366476
Sheffield,J01000082,2020-07,11608.38223,0.01970147048440804
Sheffield,J01000082,2020-08,10404.11508,0.017657616893013404
Sheffield,J01000082,2019-11,13496.695619999999,0.02290627110014358
Southampton,J01000087,2021-08,2007.95236,0.008424456508970078
Southampton,J01000087,2021-07,2019.53077,0.008473034260828705
Southampton,J01000087,2021-06,2674.75887,0.011222073900347391
Southampton,J01000087,2021-02,2276.6699599999997,0.009551873563025491
Southampton,J01000087,2021-04,2483.46011,0.010419471151425646
Southampton,J01000087,2021-03,3048.12825,0.012788562312249317
Southampton,J01000087,2021-09,1848.83741,0.00775688241562757
Southampton,J01000087,2021-05,2819.46378,0.011829190007887626
Southampton,J01000087,2021-10,1969.75775,0.008264209265443806
Southampton,J01000087,2022-03,2420.96152,0.010157255441623173
Southampton,J01000087,2021-12,1433.31079,0.006013521363720274
Southampton,J01000087,2022-01,1499.96607,0.006293176657660228
Southampton,J01000087,2022-02,2218.89422,0.00930947278768859
Southampton,J01000087,2022-04,2025.50754,0.008498110074345075
Southampton,J01000087,2022-05,2223.09969,0.009327117030560357
Southampton,J01000087,2022-06,2750.37486,0.011539324265359894
Southampton,J01000087,2022-07,2492.42316,0.010457076040075855
Southampton,J01000087,2022-08,2492.96652,0.010459355731954957
Southampton,J01000087,2021-01,2118.09404,0.008886560994847869
Southampton,J01000087,2021-11,2048.1253,0.008593003927031065
Southampton,J01000087,2020-12,1821.21158,0.007640976974843506
Southampton,J01000087,2020-11,2115.7436900000002,0.008876699993287128
Southampton,J01000087,2019-01,2319.4637,0.009731416668065181
Southampton,J01000087,2020-10,2156.7314,0.009048665816369343
Southampton,J01000087,2019-02,1799.45188,0.007549683152365449
Southampton,J01000087,2019-03,2087.15693,0.008756762926477252
Southampton,J01000087,2019-04,2233.93356,0.009372571030593921
Southampton,J01000087,2019-05,2487.42974,0.010436125916726803
Southampton,J01000087,2019-06,2699.91006,0.011327596875157334
Southampton,J01000087,2019-08,2632.52356,0.01104487371406515
Southampton,J01000087,2019-09,2170.32307,0.009105690293184754
Southampton,J01000087,2019-10,2541.14871,0.010661506326883381
Southampton,J01000087,2019-11,2880.54823,0.012085472628257841
Southampton,J01000087,2019-07,2732.75936,0.011465417624649673
Southampton,J01000087,2020-01,2660.00202,0.01116016085723396
Southampton,J01000087,2019-12,2714.56248,0.011389071777401111
Southampton,J01000087,2020-08,2656.01226,0.011143421635591656
Southampton,J01000087,2020-07,2536.6639299999997,0.010642690226056017
Southampton,J01000087,2020-06,2741.92325,0.011503865146760198
Southampton,J01000087,2020-09,2263.49307,0.009496589314783426
Southampton,J01000087,2020-04,2114.55134,0.008871697434004061
Southampton,J01000087,2020-03,2051.14039,0.008605653875845403
Southampton,J01000087,2020-02,2686.31424,0.011270554986825986
Southampton,J01000087,2020-05,1851.0303700000002,0.0077660830802020586
Southend-on-Sea,J01000088,2021-09,1851.49379,0.010130018055183205
Southend-on-Sea,J01000088,2021-01,1595.4808600000001,0.00872930279636489
Southend-on-Sea,J01000088,2021-02,1707.44776,0.009341903672861966
Southend-on-Sea,J01000088,2021-03,1821.6453700000002,0.009966709360791803
Southend-on-Sea,J01000088,2021-04,2087.37023,0.011420561187921629
Southend-on-Sea,J01000088,2021-05,2497.0877,0.013662235122255475
Southend-on-Sea,J01000088,2021-06,2349.58547,0.012855210944723782
Southend-on-Sea,J01000088,2021-07,2035.72488,0.011137995655813495
Southend-on-Sea,J01000088,2021-08,2064.10058,0.011293246704929065
Southend-on-Sea,J01000088,2022-08,1834.12149,0.010034969552395594
Southend-on-Sea,J01000088,2020-12,1947.3702,0.010654583554463734
Southend-on-Sea,J01000088,2021-11,1620.98222,0.008868827562057854
Southend-on-Sea,J01000088,2021-12,1754.54736,0.009599598190104666
Southend-on-Sea,J01000088,2022-01,1776.41688,0.009719252187139238
Southend-on-Sea,J01000088,2022-02,1666.38939,0.009117262341811976
Southend-on-Sea,J01000088,2022-03,2133.23026,0.011671473685938294
Southend-on-Sea,J01000088,2022-04,1927.0975,0.010543666187018871
Southend-on-Sea,J01000088,2022-05,1972.63041,0.010792788923965794
Southend-on-Sea,J01000088,2022-06,2130.50015,0.011656536523447116
Southend-on-Sea,J01000088,2022-07,2148.66765,0.011755935778260465
Southend-on-Sea,J01000088,2021-10,2008.23576,0.010987595323160423
Southend-on-Sea,J01000088,2020-11,1473.50856,0.008061959698642578
Southend-on-Sea,J01000088,2019-11,2506.24179,0.013712319598627806
Southend-on-Sea,J01000088,2020-09,2273.27317,0.012437685927352508
Southend-on-Sea,J01000088,2019-01,2203.5761599999996,0.01205635493207421
Southend-on-Sea,J01000088,2019-02,2505.73738,0.013709559836518522
Southend-on-Sea,J01000088,2019-03,2315.28365,0.012667536507033313
Southend-on-Sea,J01000088,2019-04,2547.92291,0.01394036816159936
Southend-on-Sea,J01000088,2019-05,3209.12545,0.01755798422086413
Southend-on-Sea,J01000088,2019-06,2248.7909600000003,0.012303737204072813
Southend-on-Sea,J01000088,2019-07,2532.08971,0.013853740486833396
Southend-on-Sea,J01000088,2019-08,3343.27889,0.01829197359566238
Southend-on-Sea,J01000088,2019-09,2567.75243,0.014048860772652416
Southend-on-Sea,J01000088,2020-10,2133.0158,0.01167030031788065
Southend-on-Sea,J01000088,2019-12,2148.80263,0.011756674289966244
Southend-on-Sea,J01000088,2020-01,2788.58223,0.015257079710898219
Southend-on-Sea,J01000088,2020-02,1801.30765,0.009855436251525115
Southend-on-Sea,J01000088,2020-03,2205.28978,0.01206573060572404
Southend-on-Sea,J01000088,2020-04,2085.4709199999998,0.0114101695545841
Southend-on-Sea,J01000088,2020-05,2229.65087,0.012199016649067421
Southend-on-Sea,J01000088,2020-06,2063.72282,0.011291179878866135
Southend-on-Sea,J01000088,2020-07,2178.1429,0.011917202759707396
Southend-on-Sea,J01000088,2020-08,2097.8816,0.011478071706433664
Southend-on-Sea,J01000088,2019-10,2756.77538,0.015083055921826528
Stoke on Trent,J01000095,2021-08,6263.15744,0.025512258611138268
Stoke on Trent,J01000095,2021-07,6720.43027,0.02737490741193339
Stoke on Trent,J01000095,2021-06,7925.56599,0.03228389053182129
Stoke on Trent,J01000095,2021-02,6909.0731399999995,0.028143322661061686
Stoke on Trent,J01000095,2021-04,7109.77362,0.02896085321145762
Stoke on Trent,J01000095,2021-03,7806.13036,0.03179738309381823
Stoke on Trent,J01000095,2021-09,6331.87799,0.025792183945970607
Stoke on Trent,J01000095,2021-05,7586.392699999999,0.030902306758562256
Stoke on Trent,J01000095,2021-10,7430.15118,0.030265874718936357
Stoke on Trent,J01000095,2022-03,9087.37857,0.037016401774367
Stoke on Trent,J01000095,2021-12,6715.70133,0.02735564461335419
Stoke on Trent,J01000095,2022-01,7130.58226,0.029045614836901622
Stoke on Trent,J01000095,2022-02,7066.32287,0.028783861529312088
Stoke on Trent,J01000095,2022-04,8728.722950000001,0.035555458948414644
Stoke on Trent,J01000095,2022-05,9185.83331,0.03741744594616613
Stoke on Trent,J01000095,2022-06,9752.97214,0.039727621386906505
Stoke on Trent,J01000095,2022-07,10504.132450000001,0.04278738737087366
Stoke on Trent,J01000095,2022-08,9686.049430000001,0.03945501934858409
Stoke on Trent,J01000095,2021-01,6148.61296,0.02504567471567765
Stoke on Trent,J01000095,2021-11,7785.66701,0.03171402796786913
Stoke on Trent,J01000095,2020-12,6192.07923,0.025222729616775835
Stoke on Trent,J01000095,2020-11,6419.89174,0.026150697933978558
Stoke on Trent,J01000095,2019-01,8339.40537,0.03396961812005084
Stoke on Trent,J01000095,2020-10,6396.56159,0.02605566522468798
Stoke on Trent,J01000095,2019-02,7727.04813,0.03147525063544824
Stoke on Trent,J01000095,2019-03,8781.93621,0.035772217103333656
Stoke on Trent,J01000095,2019-04,9349.68944,0.03808489523250888
Stoke on Trent,J01000095,2019-05,9748.2078,0.0397082143904585
Stoke on Trent,J01000095,2019-06,9665.40503,0.039370926736077165
Stoke on Trent,J01000095,2019-08,11271.31437,0.04591241555870564
Stoke on Trent,J01000095,2019-09,11070.53161,0.04509454985009939
Stoke on Trent,J01000095,2019-10,10843.70109,0.04417058155733698
Stoke on Trent,J01000095,2019-11,9976.65279,0.040638759042917194
Stoke on Trent,J01000095,2019-07,9240.06008,0.03763833251865611
Stoke on Trent,J01000095,2020-01,9326.11673,0.037988874482679964
Stoke on Trent,J01000095,2019-12,8710.08772,0.03547955046110731
Stoke on Trent,J01000095,2020-08,7726.75326,0.03147404951608173
Stoke on Trent,J01000095,2020-07,8317.51236,0.0338804394368951
Stoke on Trent,J01000095,2020-06,7773.95682,0.03166632784240884
Stoke on Trent,J01000095,2020-09,7856.25139,0.03200154540196174
Stoke on Trent,J01000095,2020-04,6654.090819999999,0.0271046812168019
Stoke on Trent,J01000095,2020-03,9111.1936,0.03711340958712159
Stoke on Trent,J01000095,2020-02,8266.96754,0.03367455086844592
Stoke on Trent,J01000095,2020-05,7176.53952,0.02923281650210187
Sunderland,J01000096,2022-08,8681.36521,0.031245240924828863
Sunderland,J01000096,2021-01,4708.80686,0.016947542379591573
Sunderland,J01000096,2021-02,4581.60516,0.016489728698631616
Sunderland,J01000096,2021-03,5553.21936,0.019986680967154467
Sunderland,J01000096,2021-04,6106.87107,0.021979337726654335
Sunderland,J01000096,2021-05,5585.51433,0.020102914312244913
Sunderland,J01000096,2021-06,6159.25312,0.02216786680391296
Sunderland,J01000096,2021-07,5035.57334,0.018123612864680436
Sunderland,J01000096,2021-08,5462.68036,0.01966082059846102
Sunderland,J01000096,2021-09,4877.01144,0.017552930184346727
Sunderland,J01000096,2020-12,4955.79982,0.017836498707917335
Sunderland,J01000096,2021-11,5717.34928,0.020577403597676413
Sunderland,J01000096,2021-12,5048.00318,0.018168349301411573
Sunderland,J01000096,2022-01,5759.16683,0.02072790981334984
Sunderland,J01000096,2022-02,6139.118469999999,0.02209539986179394
Sunderland,J01000096,2022-03,7137.717070000001,0.025689472117647907
Sunderland,J01000096,2022-04,6875.77229,0.024746702453877327
Sunderland,J01000096,2022-05,7379.35552,0.026559156943054787
Sunderland,J01000096,2022-06,7669.96443,0.02760509213737106
Sunderland,J01000096,2022-07,8531.98568,0.030707606659804352
Sunderland,J01000096,2021-10,6089.88814,0.02191821419059479
Sunderland,J01000096,2020-11,4937.00634,0.017768858792280615
Sunderland,J01000096,2019-12,4822.48636,0.01735668809340426
Sunderland,J01000096,2020-09,6214.1399,0.022365410695133276
Sunderland,J01000096,2020-10,5431.68151,0.019549252139674497
Sunderland,J01000096,2019-01,5838.12948,0.02101210555487572
Sunderland,J01000096,2019-02,5315.00557,0.019129321890543685
Sunderland,J01000096,2019-03,6174.18599,0.02222161193610849
Sunderland,J01000096,2019-04,5578.40892,0.02007734111702166
Sunderland,J01000096,2019-05,7197.19921,0.02590355524283236
Sunderland,J01000096,2019-07,6602.63707,0.023763657097816776
Sunderland,J01000096,2019-08,7467.45773,0.026876247021731463
Sunderland,J01000096,2019-09,6939.1164,0.024974685257300806
Sunderland,J01000096,2019-06,6770.15731,0.024366581883489412
Sunderland,J01000096,2019-11,5956.44358,0.02143793173196663
Sunderland,J01000096,2020-01,5765.42083,0.020750418685170923
Sunderland,J01000096,2020-02,5642.39455,0.020307632825378088
Sunderland,J01000096,2020-08,5334.09038,0.019198010336661315
Sunderland,J01000096,2020-03,5907.49974,0.021261777171526674
Sunderland,J01000096,2020-04,4323.24827,0.015559872267371135
Sunderland,J01000096,2020-05,4634.26241,0.016679248252629154
Sunderland,J01000096,2020-06,5615.73005,0.02021166419527364
Sunderland,J01000096,2020-07,5964.76055,0.021467865472240017
Sunderland,J01000096,2019-10,7421.9997299999995,0.026712638404007973
York,J01000112,2021-06,3344.88937,0.015851654740014785
York,J01000112,2021-05,3016.41284,0.014294982465452202
York,J01000112,2021-04,3198.9266900000002,0.01515992782401001
York,J01000112,2020-12,3104.77124,0.014713718840634656
York,J01000112,2021-02,2234.19384,0.01058799423729456
York,J01000112,2021-01,2796.45739,0.013252598856937046
York,J01000112,2021-07,2932.26645,0.013896207087748564
York,J01000112,2021-03,2559.9261,0.012131661232536539
York,J01000112,2021-08,2394.26051,0.011346560906488732
York,J01000112,2022-06,4272.51755,0.020247746810607925
York,J01000112,2021-10,2959.0822399999997,0.01402328891247891
York,J01000112,2021-11,3299.47711,0.015636442998502455
York,J01000112,2021-12,2821.95899,0.01337345264724281
York,J01000112,2022-01,2809.00759,0.013312075095255248
York,J01000112,2022-02,3236.67093,0.015338800305195913
York,J01000112,2022-03,3573.04527,0.016932900830284533
York,J01000112,2022-04,3358.93577,0.015918221570337232
York,J01000112,2022-05,3858.5489,0.01828592165374481
York,J01000112,2020-11,2612.4350099999997,0.012380504473679221
York,J01000112,2021-09,2794.7656500000003,0.013244581587776999
York,J01000112,2020-10,3061.7278800000004,0.014509733474873469
York,J01000112,2019-12,3276.47669,0.015527442467726953
York,J01000112,2020-08,3206.11733,0.015194004748545107
York,J01000112,2022-07,4963.8193,0.023523872102060545
York,J01000112,2019-01,2872.0689,0.013610926866718482
York,J01000112,2019-02,2310.64421,0.010950297660796542
York,J01000112,2019-03,2843.02149,0.013473269245350975
York,J01000112,2019-04,2628.39224,0.01245612685534472
York,J01000112,2019-05,3143.33532,0.01489647659848729
York,J01000112,2019-06,2752.70696,0.013045262639091615
York,J01000112,2019-07,2670.15922,0.012654063370803556
York,J01000112,2019-08,3381.59462,0.016025603378006938
York,J01000112,2019-09,3557.13936,0.016857521657536064
York,J01000112,2019-10,3380.67376,0.016021239360794647
York,J01000112,2019-11,3232.75238,0.015320230034310845
York,J01000112,2020-01,3064.8747900000003,0.01452464689211988
York,J01000112,2020-02,3016.22043,0.014294070621576024
York,J01000112,2020-03,3356.11546,0.015904855932364036
York,J01000112,2020-04,2773.0259,0.013141555456561713
York,J01000112,2020-05,2601.28416,0.012327659848728982
York,J01000112,2020-06,2808.04605,0.013307518292798514
York,J01000112,2020-07,3069.01179,0.014544252412185089
York,J01000112,2020-09,2984.02229,0.014141481479726272
York,J01000112,2022-08,5051.92729,0.023941421767482415
