CityName,CityCode,MSOAName,MSOACode,POINum,Population,Availability
Birmingham,J01000007,Birmingham 008,E02001834,9.0,6002.0,0.0014995001666111296
Birmingham,J01000007,Birmingham 011,E02001837,13.0,10327.0,0.0012588360608114652
Birmingham,J01000007,Birmingham 013,E02001839,9.0,6380.0,0.0014106583072100312
Birmingham,J01000007,Birmingham 014,E02001840,10.0,9544.0,0.0010477787091366304
Birmingham,J01000007,Birmingham 016,E02001842,4.0,7532.0,0.0005310674455655868
Birmingham,J01000007,Birmingham 017,E02001843,21.0,6625.0,0.003169811320754717
Birmingham,J01000007,Birmingham 019,E02001845,4.0,6502.0,0.0006151953245155337
Birmingham,J01000007,Birmingham 020,E02001846,9.0,8192.0,0.0010986328125
Birmingham,J01000007,Birmingham 022,E02001848,6.0,7088.0,0.0008465011286681715
Birmingham,J01000007,Birmingham 023,E02001849,29.0,8376.0,0.0034622731614135627
Birmingham,J01000007,Birmingham 024,E02001850,23.0,8297.0,0.0027720862962516573
Birmingham,J01000007,Birmingham 025,E02001851,11.0,8781.0,0.0012527047033367498
Birmingham,J01000007,Birmingham 026,E02001852,14.0,7186.0,0.0019482326746451434
Birmingham,J01000007,Birmingham 029,E02001855,12.0,9648.0,0.0012437810945273632
Birmingham,J01000007,Birmingham 030,E02001856,5.0,9679.0,0.0005165822915590454
Birmingham,J01000007,Birmingham 031,E02001857,29.0,14162.0,0.0020477333709927976
Birmingham,J01000007,Birmingham 032,E02001858,15.0,9170.0,0.0016357688113413304
Birmingham,J01000007,Birmingham 033,E02001859,9.0,10558.0,0.0008524341731388521
Birmingham,J01000007,Birmingham 034,E02001860,10.0,9458.0,0.0010573059843518714
Birmingham,J01000007,Birmingham 035,E02001861,11.0,10900.0,0.0010091743119266055
Birmingham,J01000007,Birmingham 036,E02001862,15.0,10833.0,0.0013846579894765993
Birmingham,J01000007,Birmingham 037,E02001863,21.0,8008.0,0.0026223776223776225
Birmingham,J01000007,Birmingham 039,E02001865,24.0,11628.0,0.0020639834881320948
Birmingham,J01000007,Birmingham 040,E02001866,24.0,9091.0,0.0026399736002639972
Birmingham,J01000007,Birmingham 041,E02001867,16.0,7762.0,0.002061324400927596
Birmingham,J01000007,Birmingham 042,E02001868,7.0,9560.0,0.0007322175732217573
Birmingham,J01000007,Birmingham 043,E02001869,11.0,6851.0,0.0016056050211647934
Birmingham,J01000007,Birmingham 044,E02001870,16.0,12722.0,0.0012576638893255778
Birmingham,J01000007,Birmingham 045,E02001871,12.0,8238.0,0.0014566642388929353
Birmingham,J01000007,Birmingham 046,E02001872,5.0,7314.0,0.0006836204539239814
Birmingham,J01000007,Birmingham 047,E02001873,13.0,11982.0,0.001084960774495076
Birmingham,J01000007,Birmingham 048,E02001874,7.0,10030.0,0.0006979062811565304
Birmingham,J01000007,Birmingham 049,E02001875,14.0,9631.0,0.0014536392897933756
Birmingham,J01000007,Birmingham 050,E02001876,25.0,15268.0,0.001637411579774692
Birmingham,J01000007,Birmingham 051,E02001877,17.0,11690.0,0.0014542343883661248
Birmingham,J01000007,Birmingham 052,E02001878,11.0,9074.0,0.001212254793916685
Birmingham,J01000007,Birmingham 053,E02001879,15.0,10504.0,0.0014280274181264281
Birmingham,J01000007,Birmingham 054,E02001880,10.0,9929.0,0.0010071507704703395
Birmingham,J01000007,Birmingham 055,E02001881,7.0,10386.0,0.0006739842095128057
Birmingham,J01000007,Birmingham 056,E02001882,10.0,8702.0,0.0011491611123879567
Birmingham,J01000007,Birmingham 057,E02001883,13.0,8371.0,0.0015529805280133796
Birmingham,J01000007,Birmingham 058,E02001884,1.0,10140.0,9.861932938856015e-05
Birmingham,J01000007,Birmingham 060,E02001886,26.0,10411.0,0.002497358563058304
Birmingham,J01000007,Birmingham 062,E02001888,11.0,6748.0,0.0016301126259632484
Birmingham,J01000007,Birmingham 063,E02001889,19.0,8890.0,0.0021372328458942632
Birmingham,J01000007,Birmingham 064,E02001890,68.0,11398.0,0.005965958940164941
Birmingham,J01000007,Birmingham 066,E02001892,5.0,10977.0,0.00045549785916006196
Birmingham,J01000007,Birmingham 067,E02001893,16.0,8488.0,0.001885014137606032
Birmingham,J01000007,Birmingham 069,E02001895,21.0,8853.0,0.0023720772619451034
Birmingham,J01000007,Birmingham 070,E02001896,19.0,9520.0,0.001995798319327731
Birmingham,J01000007,Birmingham 071,E02001897,18.0,8452.0,0.002129673450070989
Birmingham,J01000007,Birmingham 072,E02001898,6.0,6204.0,0.0009671179883945841
Birmingham,J01000007,Birmingham 073,E02001899,17.0,8378.0,0.00202912389591788
Birmingham,J01000007,Birmingham 074,E02001900,23.0,7334.0,0.003136078538314699
Birmingham,J01000007,Birmingham 075,E02001901,47.0,8632.0,0.0054448563484708066
Birmingham,J01000007,Birmingham 076,E02001902,13.0,6010.0,0.0021630615640599003
Birmingham,J01000007,Birmingham 077,E02001903,11.0,7358.0,0.0014949714596357705
Birmingham,J01000007,Birmingham 078,E02001904,21.0,7768.0,0.0027033985581874356
Birmingham,J01000007,Birmingham 079,E02001905,32.0,12112.0,0.002642007926023778
Birmingham,J01000007,Birmingham 080,E02001906,8.0,9163.0,0.0008730765033286041
Birmingham,J01000007,Birmingham 081,E02001907,23.0,10030.0,0.0022931206380857427
Birmingham,J01000007,Birmingham 082,E02001908,18.0,8803.0,0.0020447574690446437
Birmingham,J01000007,Birmingham 083,E02001909,5.0,8189.0,0.0006105751618024178
Birmingham,J01000007,Birmingham 084,E02001910,11.0,7053.0,0.0015596200198497094
Birmingham,J01000007,Birmingham 085,E02001911,10.0,8590.0,0.0011641443538998836
Birmingham,J01000007,Birmingham 087,E02001913,21.0,8990.0,0.0023359288097886542
Birmingham,J01000007,Birmingham 088,E02001914,17.0,6758.0,0.0025155371411660255
Birmingham,J01000007,Birmingham 089,E02001915,38.0,11996.0,0.003167722574191397
Birmingham,J01000007,Birmingham 090,E02001916,14.0,9837.0,0.0014231981295110298
Birmingham,J01000007,Birmingham 092,E02001918,52.0,8898.0,0.005844009889862891
Birmingham,J01000007,Birmingham 093,E02001919,12.0,6750.0,0.0017777777777777779
Birmingham,J01000007,Birmingham 094,E02001920,6.0,7591.0,0.0007904096956922672
Birmingham,J01000007,Birmingham 095,E02001921,2.0,8021.0,0.00024934546814611643
Birmingham,J01000007,Birmingham 096,E02001922,20.0,17846.0,0.001120699316373417
Birmingham,J01000007,Birmingham 097,E02001923,17.0,11133.0,0.001526991826102578
Birmingham,J01000007,Birmingham 098,E02001924,5.0,6621.0,0.0007551729346020238
Birmingham,J01000007,Birmingham 099,E02001925,23.0,6836.0,0.0033645406670567584
Birmingham,J01000007,Birmingham 100,E02001926,13.0,7880.0,0.001649746192893401
Birmingham,J01000007,Birmingham 101,E02001927,24.0,7838.0,0.0030620056136769582
Birmingham,J01000007,Birmingham 102,E02001928,11.0,6781.0,0.0016221796195251437
Birmingham,J01000007,Birmingham 103,E02001929,2.0,10025.0,0.00019950124688279303
Birmingham,J01000007,Birmingham 104,E02001930,32.0,7687.0,0.004162872381943541
Birmingham,J01000007,Birmingham 105,E02001931,11.0,8103.0,0.001357521905467111
Birmingham,J01000007,Birmingham 106,E02001932,11.0,7579.0,0.001451378809869376
Birmingham,J01000007,Birmingham 107,E02001933,23.0,7199.0,0.003194888178913738
Birmingham,J01000007,Birmingham 108,E02001934,17.0,7009.0,0.0024254529890141248
Birmingham,J01000007,Birmingham 109,E02001935,11.0,7942.0,0.0013850415512465374
Birmingham,J01000007,Birmingham 110,E02001936,20.0,6417.0,0.003116721209287829
Birmingham,J01000007,Birmingham 111,E02001937,14.0,8102.0,0.0017279684028634905
Birmingham,J01000007,Birmingham 112,E02001938,12.0,8009.0,0.0014983143963041578
Birmingham,J01000007,Birmingham 113,E02001939,6.0,6202.0,0.0009674298613350532
Birmingham,J01000007,Birmingham 115,E02001941,8.0,6204.0,0.0012894906511927789
Birmingham,J01000007,Birmingham 116,E02001942,20.0,6788.0,0.0029463759575721863
Birmingham,J01000007,Birmingham 117,E02001943,4.0,6329.0,0.0006320113762047717
Birmingham,J01000007,Birmingham 118,E02001944,6.0,8075.0,0.0007430340557275541
Birmingham,J01000007,Birmingham 119,E02001945,12.0,7495.0,0.0016010673782521682
Birmingham,J01000007,Birmingham 120,E02001946,35.0,7434.0,0.004708097928436911
Birmingham,J01000007,Birmingham 121,E02001947,21.0,6206.0,0.00338382210763777
Birmingham,J01000007,Birmingham 122,E02001948,14.0,7216.0,0.0019401330376940134
Birmingham,J01000007,Birmingham 123,E02001949,21.0,5928.0,0.00354251012145749
Birmingham,J01000007,Birmingham 124,E02001950,9.0,8308.0,0.0010832932113625422
Birmingham,J01000007,Birmingham 125,E02001951,6.0,8758.0,0.0006850879196163508
Birmingham,J01000007,Birmingham 126,E02001952,11.0,9252.0,0.0011889321227842628
Birmingham,J01000007,Birmingham 127,E02001953,15.0,6889.0,0.002177384235738133
Birmingham,J01000007,Birmingham 128,E02001954,11.0,7469.0,0.0014727540500736377
Birmingham,J01000007,Birmingham 129,E02001955,15.0,7359.0,0.0020383204239706482
Birmingham,J01000007,Birmingham 130,E02001956,6.0,6743.0,0.0008898116565327006
Birmingham,J01000007,Birmingham 131,E02001957,9.0,7577.0,0.0011878051999472086
Birmingham,J01000007,Birmingham 132,E02006807,12.0,7741.0,0.001550187314300478
Birmingham,J01000007,Birmingham 133,E02006809,9.0,10098.0,0.00089126559714795
Birmingham,J01000007,Birmingham 134,E02006895,13.0,10127.0,0.0012836970474967907
Birmingham,J01000007,Birmingham 135,E02006896,21.0,7814.0,0.0026874840030714103
Birmingham,J01000007,Birmingham 136,E02006897,13.0,8736.0,0.001488095238095238
Birmingham,J01000007,Birmingham 137,E02006898,20.0,8690.0,0.0023014959723820483
Birmingham,J01000007,Birmingham 138,E02006899,85.0,8925.0,0.009523809523809525
Birmingham,J01000007,Birmingham 139,E02006900,34.0,15420.0,0.002204928664072633
Bradford,J01000013,Bradford 017,E02002199,4.0,6891.0,0.0005804672761573066
Bradford,J01000013,Bradford 019,E02002201,38.0,12244.0,0.003103560927801372
Bradford,J01000013,Bradford 024,E02002206,11.0,8607.0,0.0012780295108632508
Bradford,J01000013,Bradford 026,E02002208,15.0,8114.0,0.0018486566428395365
Bradford,J01000013,Bradford 027,E02002209,3.0,7058.0,0.0004250495891187305
Bradford,J01000013,Bradford 028,E02002210,3.0,7795.0,0.0003848620910840282
Bradford,J01000013,Bradford 029,E02002211,12.0,7402.0,0.0016211834639286678
Bradford,J01000013,Bradford 030,E02002212,11.0,8554.0,0.0012859480944587328
Bradford,J01000013,Bradford 032,E02002214,8.0,6092.0,0.0013131976362442547
Bradford,J01000013,Bradford 033,E02002215,9.0,10389.0,0.0008663008951775916
Bradford,J01000013,Bradford 034,E02002216,31.0,9517.0,0.003257328990228013
Bradford,J01000013,Bradford 035,E02002217,28.0,10098.0,0.002772826302238067
Bradford,J01000013,Bradford 036,E02002218,12.0,10281.0,0.0011672016340822876
Bradford,J01000013,Bradford 037,E02002219,9.0,8417.0,0.0010692645835808483
Bradford,J01000013,Bradford 038,E02002220,10.0,9245.0,0.001081665765278529
Bradford,J01000013,Bradford 040,E02002222,6.0,8886.0,0.0006752194463200541
Bradford,J01000013,Bradford 041,E02002223,11.0,8051.0,0.0013662899018755433
Bradford,J01000013,Bradford 042,E02002224,13.0,10836.0,0.001199704688076781
Bradford,J01000013,Bradford 044,E02002226,19.0,15218.0,0.0012485214877119202
Bradford,J01000013,Bradford 045,E02002227,10.0,6596.0,0.0015160703456640388
Bradford,J01000013,Bradford 046,E02002228,9.0,7688.0,0.0011706555671175858
Bradford,J01000013,Bradford 047,E02002229,14.0,7779.0,0.0017997171872991388
Bradford,J01000013,Bradford 048,E02002230,17.0,9769.0,0.0017401985873682056
Bradford,J01000013,Bradford 049,E02002231,10.0,13174.0,0.0007590708972218005
Bradford,J01000013,Bradford 050,E02002232,9.0,7517.0,0.0011972861513901822
Bradford,J01000013,Bradford 051,E02002233,2.0,9883.0,0.0002023677021147425
Bradford,J01000013,Bradford 052,E02002234,6.0,8226.0,0.0007293946024799417
Bradford,J01000013,Bradford 053,E02002235,21.0,7581.0,0.002770083102493075
Bradford,J01000013,Bradford 054,E02002236,11.0,6237.0,0.001763668430335097
Bradford,J01000013,Bradford 055,E02002237,8.0,8756.0,0.0009136592051164915
Bradford,J01000013,Bradford 056,E02002238,6.0,6385.0,0.0009397024275646045
Bradford,J01000013,Bradford 057,E02002239,12.0,11140.0,0.0010771992818671453
Bradford,J01000013,Bradford 058,E02002240,14.0,11074.0,0.0012642225031605564
Bradford,J01000013,Bradford 059,E02002241,22.0,12083.0,0.0018207398824795166
Bradford,J01000013,Bradford 060,E02002242,6.0,7864.0,0.000762970498474059
Bradford,J01000013,Bradford 061,E02002243,20.0,9339.0,0.002141556911874933
Brighton & Hove,J01000014,Brighton and Hove 001,E02003491,14.0,7824.0,0.0017893660531697342
Brighton & Hove,J01000014,Brighton and Hove 002,E02003492,10.0,11904.0,0.0008400537634408602
Brighton & Hove,J01000014,Brighton and Hove 003,E02003493,17.0,8184.0,0.0020772238514173997
Brighton & Hove,J01000014,Brighton and Hove 004,E02003494,8.0,6524.0,0.001226241569589209
Brighton & Hove,J01000014,Brighton and Hove 006,E02003496,15.0,7510.0,0.0019973368841544607
Brighton & Hove,J01000014,Brighton and Hove 007,E02003497,11.0,7601.0,0.001447178002894356
Brighton & Hove,J01000014,Brighton and Hove 008,E02003498,5.0,9100.0,0.0005494505494505495
Brighton & Hove,J01000014,Brighton and Hove 009,E02003499,7.0,7959.0,0.0008795074758135445
Brighton & Hove,J01000014,Brighton and Hove 010,E02003500,26.0,8227.0,0.0031603257566549165
Brighton & Hove,J01000014,Brighton and Hove 011,E02003501,41.0,8797.0,0.004660679777196771
Brighton & Hove,J01000014,Brighton and Hove 013,E02003503,15.0,8870.0,0.0016910935738444193
Brighton & Hove,J01000014,Brighton and Hove 014,E02003504,37.0,8730.0,0.004238258877434135
Brighton & Hove,J01000014,Brighton and Hove 015,E02003505,18.0,10460.0,0.0017208413001912047
Brighton & Hove,J01000014,Brighton and Hove 016,E02003506,17.0,7283.0,0.0023342029383495813
Brighton & Hove,J01000014,Brighton and Hove 018,E02003508,12.0,9826.0,0.0012212497455729697
Brighton & Hove,J01000014,Brighton and Hove 019,E02003509,42.0,9451.0,0.004443974182626177
Brighton & Hove,J01000014,Brighton and Hove 020,E02003510,31.0,8955.0,0.003461753210496929
Brighton & Hove,J01000014,Brighton and Hove 021,E02003511,35.0,8593.0,0.004073082741766554
Brighton & Hove,J01000014,Brighton and Hove 022,E02003512,7.0,9911.0,0.0007062859449096964
Brighton & Hove,J01000014,Brighton and Hove 023,E02003513,28.0,6511.0,0.004300414682844417
Brighton & Hove,J01000014,Brighton and Hove 024,E02003514,18.0,9536.0,0.0018875838926174498
Brighton & Hove,J01000014,Brighton and Hove 025,E02003515,6.0,9157.0,0.0006552364311455717
Brighton & Hove,J01000014,Brighton and Hove 026,E02003516,71.0,9132.0,0.007774857643451599
Brighton & Hove,J01000014,Brighton and Hove 027,E02003517,128.0,13184.0,0.009708737864077669
Brighton & Hove,J01000014,Brighton and Hove 028,E02003518,50.0,8063.0,0.0062011658191740045
Brighton & Hove,J01000014,Brighton and Hove 029,E02003519,24.0,10019.0,0.002395448647569618
Brighton & Hove,J01000014,Brighton and Hove 030,E02003520,45.0,9690.0,0.0046439628482972135
Brighton & Hove,J01000014,Brighton and Hove 031,E02003521,23.0,8549.0,0.0026903731430576675
Brighton & Hove,J01000014,Brighton and Hove 032,E02003522,19.0,7790.0,0.0024390243902439024
Bristol,J01000015,Bristol 001,E02003012,20.0,11655.0,0.001716001716001716
Bristol,J01000015,Bristol 002,E02003013,18.0,12022.0,0.0014972550324405256
Bristol,J01000015,Bristol 003,E02003014,16.0,8292.0,0.001929570670525808
Bristol,J01000015,Bristol 004,E02003015,10.0,6692.0,0.0014943215780035865
Bristol,J01000015,Bristol 005,E02003016,14.0,8169.0,0.001713796058269066
Bristol,J01000015,Bristol 006,E02003017,41.0,6118.0,0.006701536449820203
Bristol,J01000015,Bristol 007,E02003018,6.0,5870.0,0.0010221465076660989
Bristol,J01000015,Bristol 008,E02003019,15.0,9839.0,0.0015245451773554222
Bristol,J01000015,Bristol 009,E02003020,20.0,6416.0,0.003117206982543641
Bristol,J01000015,Bristol 010,E02003021,19.0,7468.0,0.002544188537761114
Bristol,J01000015,Bristol 011,E02003022,14.0,5934.0,0.0023592854735422987
Bristol,J01000015,Bristol 012,E02003023,17.0,6607.0,0.002573028606023914
Bristol,J01000015,Bristol 013,E02003024,29.0,9795.0,0.0029606942317508935
Bristol,J01000015,Bristol 014,E02003025,8.0,7645.0,0.0010464355788096795
Bristol,J01000015,Bristol 015,E02003026,18.0,9308.0,0.0019338203695745595
Bristol,J01000015,Bristol 016,E02003027,27.0,12695.0,0.002126821583300512
Bristol,J01000015,Bristol 017,E02003028,36.0,8435.0,0.004267931238885595
Bristol,J01000015,Bristol 018,E02003029,4.0,6408.0,0.0006242197253433209
Bristol,J01000015,Bristol 019,E02003030,12.0,7957.0,0.0015081060701269322
Bristol,J01000015,Bristol 020,E02003031,37.0,10538.0,0.003511102676029607
Bristol,J01000015,Bristol 021,E02003032,12.0,8258.0,0.001453136352627755
Bristol,J01000015,Bristol 022,E02003033,30.0,8901.0,0.003370407819346141
Bristol,J01000015,Bristol 025,E02003036,19.0,10742.0,0.001768758145596723
Bristol,J01000015,Bristol 026,E02003037,47.0,8907.0,0.00527674862467722
Bristol,J01000015,Bristol 027,E02003038,10.0,6562.0,0.0015239256324291375
Bristol,J01000015,Bristol 028,E02003039,11.0,8693.0,0.0012653859427125273
Bristol,J01000015,Bristol 029,E02003040,17.0,10092.0,0.001684502576298058
Bristol,J01000015,Bristol 030,E02003041,69.0,6257.0,0.011027649033082947
Bristol,J01000015,Bristol 033,E02003044,5.0,5740.0,0.0008710801393728223
Bristol,J01000015,Bristol 034,E02003045,10.0,7515.0,0.0013306719893546241
Bristol,J01000015,Bristol 035,E02003046,23.0,9879.0,0.0023281708674967104
Bristol,J01000015,Bristol 036,E02003047,20.0,11149.0,0.001793882859449278
Bristol,J01000015,Bristol 037,E02003048,6.0,7058.0,0.000850099178237461
Bristol,J01000015,Bristol 038,E02003049,5.0,7567.0,0.0006607638430025109
Bristol,J01000015,Bristol 039,E02003050,46.0,10074.0,0.0045662100456621
Bristol,J01000015,Bristol 040,E02003051,9.0,7460.0,0.0012064343163538875
Bristol,J01000015,Bristol 041,E02003052,6.0,6815.0,0.0008804108584005869
Bristol,J01000015,Bristol 042,E02003053,30.0,8184.0,0.0036656891495601175
Bristol,J01000015,Bristol 043,E02003054,18.0,6647.0,0.002707988566270498
Bristol,J01000015,Bristol 044,E02003055,1.0,8447.0,0.00011838522552385462
Bristol,J01000015,Bristol 045,E02003056,4.0,7456.0,0.000536480686695279
Bristol,J01000015,Bristol 046,E02003057,12.0,5887.0,0.0020383896721589945
Bristol,J01000015,Bristol 047,E02003058,5.0,9102.0,0.0005493298176225005
Bristol,J01000015,Bristol 048,E02003059,10.0,6214.0,0.0016092693916961698
Bristol,J01000015,Bristol 049,E02003060,16.0,10604.0,0.0015088645794039985
Bristol,J01000015,Bristol 050,E02003061,2.0,6083.0,0.0003287851389117212
Bristol,J01000015,Bristol 051,E02003062,2.0,5878.0,0.0003402517863218782
Bristol,J01000015,Bristol 052,E02003063,14.0,6729.0,0.0020805468866101945
Bristol,J01000015,Bristol 053,E02003064,8.0,7041.0,0.001136202243999432
Bristol,J01000015,Bristol 054,E02006887,16.0,10204.0,0.0015680125441003528
Bristol,J01000015,Bristol 055,E02006888,7.0,7267.0,0.0009632585661208202
Bristol,J01000015,Bristol 056,E02006889,14.0,8377.0,0.0016712426883132387
Bristol,J01000015,Bristol 057,E02006890,9.0,8816.0,0.0010208711433756805
Cambridge,J01000019,Cambridge 001,E02003719,8.0,8145.0,0.0009821976672805403
Cambridge,J01000019,Cambridge 002,E02003720,13.0,8477.0,0.0015335614014391884
Cambridge,J01000019,Cambridge 003,E02003721,20.0,8815.0,0.0022688598979013048
Cambridge,J01000019,Cambridge 004,E02003722,31.0,7711.0,0.0040202308390610815
Cambridge,J01000019,Cambridge 005,E02003723,11.0,10113.0,0.0010877088895481063
Cambridge,J01000019,Cambridge 006,E02003724,12.0,8984.0,0.0013357079252003562
Cambridge,J01000019,Cambridge 007,E02003725,78.0,15146.0,0.005149874554337779
Cambridge,J01000019,Cambridge 008,E02003726,34.0,8450.0,0.004023668639053254
Cambridge,J01000019,Cambridge 009,E02003727,22.0,8402.0,0.0026184241847179244
Cambridge,J01000019,Cambridge 010,E02003728,19.0,8893.0,0.0021365118632632406
Cambridge,J01000019,Cambridge 011,E02003729,12.0,7941.0,0.001511144692104269
Cambridge,J01000019,Cambridge 013,E02003731,34.0,9210.0,0.003691639522258415
Carlisle,J01000021,Carlisle 003,E02003989,3.0,7031.0,0.00042668183757644715
Carlisle,J01000021,Carlisle 004,E02003990,10.0,10428.0,0.0009589566551591868
Carlisle,J01000021,Carlisle 005,E02003991,2.0,7455.0,0.0002682763246143528
Carlisle,J01000021,Carlisle 006,E02003992,91.0,8092.0,0.01124567474048443
Carlisle,J01000021,Carlisle 008,E02003994,17.0,7196.0,0.0023624235686492494
Carlisle,J01000021,Carlisle 009,E02003995,4.0,9948.0,0.0004020908725371934
Carlisle,J01000021,Carlisle 010,E02003996,17.0,9398.0,0.0018088955096829114
Carlisle,J01000021,Carlisle 011,E02003997,4.0,9376.0,0.0004266211604095563
Carlisle,J01000021,Carlisle 012,E02003998,2.0,6707.0,0.0002981959147159684
Carlisle,J01000021,Carlisle 013,E02003999,13.0,11509.0,0.0011295507863411244
Coventry,J01000028,Coventry 001,E02001958,8.0,8350.0,0.0009580838323353293
Coventry,J01000028,Coventry 002,E02001959,15.0,6990.0,0.002145922746781116
Coventry,J01000028,Coventry 004,E02001961,17.0,8606.0,0.0019753660237043923
Coventry,J01000028,Coventry 005,E02001962,5.0,7652.0,0.0006534239414532148
Coventry,J01000028,Coventry 006,E02001963,6.0,6302.0,0.000952078705172961
Coventry,J01000028,Coventry 007,E02001964,13.0,10715.0,0.0012132524498366776
Coventry,J01000028,Coventry 008,E02001965,9.0,8606.0,0.0010457820125493841
Coventry,J01000028,Coventry 009,E02001966,13.0,7894.0,0.0016468203699011909
Coventry,J01000028,Coventry 010,E02001967,10.0,6881.0,0.0014532771399505887
Coventry,J01000028,Coventry 011,E02001968,9.0,8570.0,0.0010501750291715287
Coventry,J01000028,Coventry 012,E02001969,25.0,7282.0,0.0034331227684702005
Coventry,J01000028,Coventry 013,E02001970,5.0,6319.0,0.0007912644405760405
Coventry,J01000028,Coventry 014,E02001971,7.0,6117.0,0.0011443518064410659
Coventry,J01000028,Coventry 015,E02001972,27.0,12536.0,0.0021537970644543714
Coventry,J01000028,Coventry 016,E02001973,6.0,9512.0,0.0006307821698906644
Coventry,J01000028,Coventry 017,E02001974,11.0,9858.0,0.0011158449989855954
Coventry,J01000028,Coventry 018,E02001975,11.0,8450.0,0.0013017751479289942
Coventry,J01000028,Coventry 019,E02001976,14.0,7941.0,0.0017630021407883138
Coventry,J01000028,Coventry 020,E02001977,17.0,11843.0,0.0014354470995524783
Coventry,J01000028,Coventry 021,E02001978,16.0,7209.0,0.0022194479123318076
Coventry,J01000028,Coventry 022,E02001979,9.0,5926.0,0.0015187310158623017
Coventry,J01000028,Coventry 023,E02001980,7.0,5927.0,0.001181035937236376
Coventry,J01000028,Coventry 024,E02001981,11.0,16033.0,0.0006860849497910559
Coventry,J01000028,Coventry 025,E02001982,5.0,9033.0,0.0005535259603675413
Coventry,J01000028,Coventry 026,E02001983,4.0,8267.0,0.00048385145760251603
Coventry,J01000028,Coventry 027,E02001984,18.0,11157.0,0.0016133369185264857
Coventry,J01000028,Coventry 028,E02001985,21.0,12441.0,0.0016879672052085846
Coventry,J01000028,Coventry 029,E02001986,10.0,9039.0,0.0011063170704723973
Coventry,J01000028,Coventry 030,E02001987,16.0,7142.0,0.0022402688322598714
Coventry,J01000028,Coventry 031,E02001988,76.0,18747.0,0.004053981970448605
Coventry,J01000028,Coventry 032,E02001989,7.0,6709.0,0.001043374571471158
Coventry,J01000028,Coventry 033,E02001990,17.0,9394.0,0.0018096657440919736
Coventry,J01000028,Coventry 034,E02001991,44.0,9062.0,0.0048554403001544915
Coventry,J01000028,Coventry 035,E02001992,14.0,11006.0,0.0012720334363074686
Coventry,J01000028,Coventry 036,E02001993,23.0,9071.0,0.0025355528607650755
Coventry,J01000028,Coventry 037,E02001994,21.0,9274.0,0.0022643950830278196
Coventry,J01000028,Coventry 038,E02001995,10.0,11088.0,0.0009018759018759019
Coventry,J01000028,Coventry 039,E02001996,14.0,7716.0,0.0018144116122343183
Coventry,J01000028,Coventry 040,E02001997,9.0,8936.0,0.0010071620411817369
Coventry,J01000028,Coventry 041,E02001998,5.0,5933.0,0.0008427439743805831
Coventry,J01000028,Coventry 042,E02001999,9.0,10151.0,0.0008866121564377894
Coventry,J01000028,Coventry 043,E02006805,9.0,9702.0,0.0009276437847866419
Derby,J01000031,Derby 001,E02002796,7.0,5977.0,0.0011711560983771122
Derby,J01000031,Derby 002,E02002797,10.0,7256.0,0.0013781697905181918
Derby,J01000031,Derby 003,E02002798,4.0,9655.0,0.0004142931123770067
Derby,J01000031,Derby 004,E02002799,10.0,5993.0,0.0016686133822793258
Derby,J01000031,Derby 005,E02002800,17.0,6960.0,0.002442528735632184
Derby,J01000031,Derby 006,E02002801,9.0,7389.0,0.001218026796589525
Derby,J01000031,Derby 007,E02002802,18.0,7851.0,0.0022927015666794038
Derby,J01000031,Derby 008,E02002803,17.0,8610.0,0.0019744483159117305
Derby,J01000031,Derby 009,E02002804,7.0,8717.0,0.0008030285648732362
Derby,J01000031,Derby 010,E02002805,12.0,5425.0,0.0022119815668202765
Derby,J01000031,Derby 011,E02002806,14.0,6312.0,0.002217997465145754
Derby,J01000031,Derby 012,E02002807,12.0,8632.0,0.0013901760889712697
Derby,J01000031,Derby 013,E02002808,59.0,13142.0,0.00448942322325369
Derby,J01000031,Derby 014,E02002809,7.0,6702.0,0.0010444643390032826
Derby,J01000031,Derby 015,E02002810,5.0,8484.0,0.0005893446487505894
Derby,J01000031,Derby 016,E02002811,41.0,11482.0,0.003570806479707368
Derby,J01000031,Derby 017,E02002812,26.0,7567.0,0.003435971983613057
Derby,J01000031,Derby 018,E02002813,22.0,11785.0,0.0018667798048366568
Derby,J01000031,Derby 019,E02002814,22.0,6912.0,0.00318287037037037
Derby,J01000031,Derby 020,E02002815,9.0,8876.0,0.001013970256872465
Derby,J01000031,Derby 021,E02002816,15.0,9476.0,0.0015829463908822287
Derby,J01000031,Derby 022,E02002817,6.0,6182.0,0.0009705596894208993
Derby,J01000031,Derby 023,E02002818,19.0,8584.0,0.002213420316868593
Derby,J01000031,Derby 024,E02002819,13.0,7863.0,0.0016533129848658272
Derby,J01000031,Derby 025,E02002820,19.0,9594.0,0.0019804044194288097
Derby,J01000031,Derby 026,E02002821,12.0,12060.0,0.0009950248756218905
Derby,J01000031,Derby 027,E02002822,2.0,6630.0,0.00030165912518853697
Derby,J01000031,Derby 028,E02002823,3.0,7306.0,0.0004106214070626882
Derby,J01000031,Derby 029,E02002824,18.0,9883.0,0.0018213093190326823
Derby,J01000031,Derby 030,E02002825,7.0,8523.0,0.0008213070515076851
Derby,J01000031,Derby 031,E02002826,7.0,6986.0,0.001002004008016032
Doncaster,J01000032,Doncaster 007,E02001545,4.0,8251.0,0.0004847897224578839
Doncaster,J01000032,Doncaster 011,E02001549,10.0,6193.0,0.0016147263038914905
Doncaster,J01000032,Doncaster 015,E02001553,7.0,10466.0,0.0006688324097076247
Doncaster,J01000032,Doncaster 018,E02001556,17.0,9589.0,0.0017728647408488893
Doncaster,J01000032,Doncaster 019,E02001557,55.0,10367.0,0.005305295649657567
Doncaster,J01000032,Doncaster 021,E02001559,10.0,7551.0,0.0013243279035889286
Doncaster,J01000032,Doncaster 022,E02001560,70.0,13496.0,0.005186721991701245
Doncaster,J01000032,Doncaster 023,E02001561,9.0,6764.0,0.0013305736250739208
Doncaster,J01000032,Doncaster 024,E02001562,16.0,5861.0,0.002729909571745436
Doncaster,J01000032,Doncaster 025,E02001563,14.0,8168.0,0.0017140058765915769
Doncaster,J01000032,Doncaster 027,E02001565,6.0,7475.0,0.000802675585284281
Doncaster,J01000032,Doncaster 028,E02001566,11.0,9278.0,0.0011856003449019184
Doncaster,J01000032,Doncaster 029,E02001567,10.0,8932.0,0.0011195700850873264
Doncaster,J01000032,Doncaster 033,E02001571,2.0,6101.0,0.00032781511227667593
Doncaster,J01000032,Doncaster 034,E02001572,12.0,7636.0,0.001571503404924044
Exeter,J01000035,Exeter 001,E02004149,4.0,11914.0,0.00033573946617424877
Exeter,J01000035,Exeter 002,E02004150,15.0,7058.0,0.0021252479455936527
Exeter,J01000035,Exeter 003,E02004151,22.0,9590.0,0.0022940563086548487
Exeter,J01000035,Exeter 004,E02004152,21.0,10262.0,0.0020463847203274215
Exeter,J01000035,Exeter 005,E02004153,4.0,7497.0,0.000533546752034147
Exeter,J01000035,Exeter 006,E02004154,17.0,8640.0,0.0019675925925925924
Exeter,J01000035,Exeter 007,E02004155,5.0,7538.0,0.0006633059166887769
Exeter,J01000035,Exeter 008,E02004156,97.0,12645.0,0.007671016211941479
Exeter,J01000035,Exeter 009,E02004157,46.0,6712.0,0.0068533969010727055
Exeter,J01000035,Exeter 010,E02004158,20.0,8151.0,0.00245368666421298
Exeter,J01000035,Exeter 011,E02004159,18.0,12666.0,0.0014211274277593558
Exeter,J01000035,Exeter 012,E02004160,8.0,7217.0,0.0011084938340030484
Exeter,J01000035,Exeter 013,E02004161,9.0,8366.0,0.0010757829309108295
Exeter,J01000035,Exeter 014,E02004162,22.0,7259.0,0.0030307204849152774
Leeds,J01000051,Leeds 012,E02002341,16.0,7291.0,0.002194486353037992
Leeds,J01000051,Leeds 013,E02002342,1.0,5550.0,0.00018018018018018018
Leeds,J01000051,Leeds 015,E02002344,12.0,7572.0,0.001584786053882726
Leeds,J01000051,Leeds 016,E02002345,19.0,5701.0,0.00333274864058937
Leeds,J01000051,Leeds 017,E02002346,19.0,5864.0,0.0032401091405184173
Leeds,J01000051,Leeds 018,E02002347,11.0,6320.0,0.001740506329113924
Leeds,J01000051,Leeds 019,E02002348,18.0,6214.0,0.002896684905053106
Leeds,J01000051,Leeds 020,E02002349,13.0,5779.0,0.002249524139124416
Leeds,J01000051,Leeds 023,E02002352,15.0,7389.0,0.0020300446609825416
Leeds,J01000051,Leeds 024,E02002353,14.0,5908.0,0.002369668246445498
Leeds,J01000051,Leeds 025,E02002354,17.0,7685.0,0.0022121014964216006
Leeds,J01000051,Leeds 029,E02002358,15.0,7888.0,0.0019016227180527383
Leeds,J01000051,Leeds 031,E02002360,16.0,6689.0,0.0023919868440723576
Leeds,J01000051,Leeds 032,E02002361,22.0,5856.0,0.003756830601092896
Leeds,J01000051,Leeds 033,E02002362,10.0,7773.0,0.0012865045670912131
Leeds,J01000051,Leeds 034,E02002363,34.0,6826.0,0.004980955171403457
Leeds,J01000051,Leeds 035,E02002364,12.0,5680.0,0.002112676056338028
Leeds,J01000051,Leeds 037,E02002366,10.0,8121.0,0.0012313754463735994
Leeds,J01000051,Leeds 038,E02002367,3.0,6178.0,0.00048559404337973454
Leeds,J01000051,Leeds 040,E02002369,11.0,7384.0,0.0014897074756229686
Leeds,J01000051,Leeds 041,E02002370,3.0,7111.0,0.00042188159189987344
Leeds,J01000051,Leeds 042,E02002371,43.0,10293.0,0.004177596424754688
Leeds,J01000051,Leeds 044,E02002373,18.0,9605.0,0.0018740239458615304
Leeds,J01000051,Leeds 045,E02002374,11.0,6977.0,0.0015766088576752186
Leeds,J01000051,Leeds 046,E02002375,0.0,6401.0,0.0
Leeds,J01000051,Leeds 047,E02002376,5.0,7898.0,0.0006330716637123322
Leeds,J01000051,Leeds 048,E02002377,12.0,7955.0,0.001508485229415462
Leeds,J01000051,Leeds 050,E02002379,11.0,5659.0,0.0019438063262060435
Leeds,J01000051,Leeds 051,E02002380,6.0,5144.0,0.0011664074650077762
Leeds,J01000051,Leeds 052,E02002381,8.0,6088.0,0.001314060446780552
Leeds,J01000051,Leeds 053,E02002382,15.0,8806.0,0.0017033840563252327
Leeds,J01000051,Leeds 054,E02002383,3.0,8263.0,0.0003630642623744403
Leeds,J01000051,Leeds 055,E02002384,26.0,13745.0,0.0018915969443433977
Leeds,J01000051,Leeds 056,E02002385,9.0,8978.0,0.0010024504343951882
Leeds,J01000051,Leeds 057,E02002386,38.0,8559.0,0.004439771001285197
Leeds,J01000051,Leeds 058,E02002387,14.0,5645.0,0.0024800708591674048
Leeds,J01000051,Leeds 059,E02002388,6.0,7688.0,0.0007804370447450572
Leeds,J01000051,Leeds 060,E02002389,2.0,7359.0,0.00027177605652941976
Leeds,J01000051,Leeds 061,E02002390,12.0,6509.0,0.0018436011676140728
Leeds,J01000051,Leeds 063,E02002392,17.0,11669.0,0.001456851486845488
Leeds,J01000051,Leeds 064,E02002393,14.0,9576.0,0.0014619883040935672
Leeds,J01000051,Leeds 065,E02002394,17.0,8406.0,0.0020223649773970973
Leeds,J01000051,Leeds 067,E02002396,11.0,8898.0,0.0012362328613171499
Leeds,J01000051,Leeds 068,E02002397,9.0,7501.0,0.0011998400213304892
Leeds,J01000051,Leeds 069,E02002398,14.0,7173.0,0.0019517635577861424
Leeds,J01000051,Leeds 070,E02002399,10.0,6102.0,0.0016388069485414618
Leeds,J01000051,Leeds 071,E02002400,31.0,8975.0,0.0034540389972144846
Leeds,J01000051,Leeds 072,E02002401,1.0,6569.0,0.00015223017202009437
Leeds,J01000051,Leeds 073,E02002402,13.0,5367.0,0.002422209800633501
Leeds,J01000051,Leeds 075,E02002404,16.0,11208.0,0.0014275517487508922
Leeds,J01000051,Leeds 078,E02002407,3.0,6520.0,0.00046012269938650307
Leeds,J01000051,Leeds 080,E02002409,10.0,5889.0,0.0016980811682798438
Leeds,J01000051,Leeds 081,E02002410,8.0,6574.0,0.001216915120170368
Leeds,J01000051,Leeds 082,E02002411,11.0,9005.0,0.0012215435868961689
Leeds,J01000051,Leeds 083,E02002412,7.0,7088.0,0.0009875846501128669
Leeds,J01000051,Leeds 085,E02002414,14.0,6887.0,0.0020328154493974154
Leeds,J01000051,Leeds 086,E02002415,10.0,7698.0,0.0012990387113535984
Leeds,J01000051,Leeds 090,E02002419,12.0,8260.0,0.0014527845036319612
Leeds,J01000051,Leeds 091,E02002420,9.0,8543.0,0.0010534940887276132
Leeds,J01000051,Leeds 092,E02002421,2.0,6072.0,0.00032938076416337287
Leeds,J01000051,Leeds 094,E02002423,3.0,5750.0,0.0005217391304347826
Leeds,J01000051,Leeds 099,E02002428,22.0,7949.0,0.0027676437287709145
Leeds,J01000051,Leeds 101,E02002430,10.0,7785.0,0.0012845215157353885
Leeds,J01000051,Leeds 109,E02006852,28.0,11799.0,0.0023730824646156453
Leeds,J01000051,Leeds 110,E02006861,15.0,13722.0,0.0010931351114997813
Leeds,J01000051,Leeds 111,E02006875,143.0,14425.0,0.009913344887348354
Leeds,J01000051,Leeds 112,E02006876,34.0,8638.0,0.003936096318592266
Leicester,J01000052,Leicester 001,E02002827,4.0,6344.0,0.0006305170239596469
Leicester,J01000052,Leicester 002,E02002828,3.0,7568.0,0.0003964059196617336
Leicester,J01000052,Leicester 003,E02002829,11.0,11204.0,0.0009817922170653338
Leicester,J01000052,Leicester 004,E02002830,25.0,10069.0,0.0024828682093554475
Leicester,J01000052,Leicester 005,E02002831,6.0,6687.0,0.0008972633467922835
Leicester,J01000052,Leicester 006,E02002832,24.0,9223.0,0.002602190176732083
Leicester,J01000052,Leicester 007,E02002833,7.0,8404.0,0.0008329366968110424
Leicester,J01000052,Leicester 008,E02002834,18.0,11737.0,0.0015336116554485813
Leicester,J01000052,Leicester 010,E02002836,17.0,9644.0,0.0017627540439651597
Leicester,J01000052,Leicester 011,E02002837,15.0,8514.0,0.0017618040873854828
Leicester,J01000052,Leicester 012,E02002838,6.0,8015.0,0.0007485963817841547
Leicester,J01000052,Leicester 013,E02002839,10.0,7862.0,0.0012719409819384382
Leicester,J01000052,Leicester 016,E02002842,12.0,8592.0,0.0013966480446927375
Leicester,J01000052,Leicester 017,E02002843,23.0,14193.0,0.001620517156344677
Leicester,J01000052,Leicester 018,E02002844,11.0,11531.0,0.0009539502211430058
Leicester,J01000052,Leicester 019,E02002845,30.0,10770.0,0.002785515320334262
Leicester,J01000052,Leicester 020,E02002846,6.0,7039.0,0.0008523938059383435
Leicester,J01000052,Leicester 021,E02002847,6.0,10009.0,0.0005994604855629933
Leicester,J01000052,Leicester 022,E02002848,24.0,11193.0,0.0021441972661484857
Leicester,J01000052,Leicester 023,E02002849,40.0,14638.0,0.0027326137450471378
Leicester,J01000052,Leicester 025,E02002851,12.0,8258.0,0.001453136352627755
Leicester,J01000052,Leicester 026,E02002852,3.0,6895.0,0.00043509789702683103
Leicester,J01000052,Leicester 027,E02002853,34.0,13199.0,0.002575952723691189
Leicester,J01000052,Leicester 028,E02002854,10.0,8149.0,0.0012271444348999877
Leicester,J01000052,Leicester 029,E02002855,11.0,8066.0,0.0013637490701710886
Leicester,J01000052,Leicester 030,E02002856,48.0,11613.0,0.0041332988891759235
Leicester,J01000052,Leicester 031,E02002857,10.0,6694.0,0.0014938751120406335
Leicester,J01000052,Leicester 032,E02002858,15.0,6865.0,0.0021849963583394027
Leicester,J01000052,Leicester 034,E02002860,20.0,7757.0,0.0025783163594173004
Leicester,J01000052,Leicester 035,E02002861,8.0,7393.0,0.0010821046936291085
Leicester,J01000052,Leicester 036,E02002862,16.0,7923.0,0.002019437081913417
Leicester,J01000052,Leicester 037,E02006815,12.0,10724.0,0.0011189854531891085
Leicester,J01000052,Leicester 038,E02006817,10.0,8844.0,0.0011307100859339666
Leicester,J01000052,Leicester 039,E02006819,3.0,8076.0,0.0003714710252600297
Leicester,J01000052,Leicester 040,E02006850,36.0,13594.0,0.002648227159040753
Leicester,J01000052,Leicester 041,E02006851,58.0,12146.0,0.004775234645150667
Lincoln,J01000053,Lincoln 001,E02005442,3.0,6037.0,0.0004969355640218651
Lincoln,J01000053,Lincoln 002,E02005443,21.0,7252.0,0.0028957528957528956
Lincoln,J01000053,Lincoln 003,E02005444,34.0,12453.0,0.0027302657994057655
Lincoln,J01000053,Lincoln 004,E02005445,31.0,12135.0,0.002554594149155336
Lincoln,J01000053,Lincoln 005,E02005446,38.0,11461.0,0.003315592007678213
Lincoln,J01000053,Lincoln 006,E02005447,35.0,7672.0,0.004562043795620438
Lincoln,J01000053,Lincoln 007,E02005448,8.0,7018.0,0.001139925904816187
Lincoln,J01000053,Lincoln 008,E02005449,14.0,9406.0,0.001488411652136934
Lincoln,J01000053,Lincoln 009,E02005450,8.0,7914.0,0.0010108668182966893
Lincoln,J01000053,Lincoln 010,E02005451,10.0,7934.0,0.0012603982858583312
Lincoln,J01000053,Lincoln 011,E02005452,15.0,10767.0,0.0013931457230426303
Liverpool,J01000054,Liverpool 001,E02001347,13.0,7832.0,0.0016598569969356485
Liverpool,J01000054,Liverpool 002,E02001348,16.0,6685.0,0.002393418100224383
Liverpool,J01000054,Liverpool 003,E02001349,19.0,7742.0,0.0024541462154482048
Liverpool,J01000054,Liverpool 004,E02001350,12.0,7958.0,0.0015079165619502387
Liverpool,J01000054,Liverpool 005,E02001351,22.0,8646.0,0.002544529262086514
Liverpool,J01000054,Liverpool 006,E02001352,9.0,7378.0,0.0012198427758200055
Liverpool,J01000054,Liverpool 007,E02001353,4.0,7195.0,0.0005559416261292564
Liverpool,J01000054,Liverpool 008,E02001354,8.0,7541.0,0.0010608672589842195
Liverpool,J01000054,Liverpool 009,E02001355,15.0,6668.0,0.0022495500899820035
Liverpool,J01000054,Liverpool 010,E02001356,18.0,8512.0,0.0021146616541353382
Liverpool,J01000054,Liverpool 011,E02001357,9.0,7055.0,0.0012756909992912829
Liverpool,J01000054,Liverpool 012,E02001358,7.0,7069.0,0.0009902390720045269
Liverpool,J01000054,Liverpool 013,E02001359,2.0,5279.0,0.00037885963250615644
Liverpool,J01000054,Liverpool 014,E02001360,14.0,8647.0,0.0016190586330519256
Liverpool,J01000054,Liverpool 015,E02001361,4.0,7321.0,0.0005463734462505122
Liverpool,J01000054,Liverpool 016,E02001362,10.0,7110.0,0.0014064697609001407
Liverpool,J01000054,Liverpool 017,E02001363,4.0,7727.0,0.0005176653293645658
Liverpool,J01000054,Liverpool 018,E02001364,10.0,6002.0,0.0016661112962345886
Liverpool,J01000054,Liverpool 019,E02001365,12.0,9590.0,0.001251303441084463
Liverpool,J01000054,Liverpool 020,E02001366,11.0,8907.0,0.0012349837206691366
Liverpool,J01000054,Liverpool 021,E02001367,14.0,9463.0,0.0014794462643981823
Liverpool,J01000054,Liverpool 022,E02001368,19.0,6948.0,0.002734599884858952
Liverpool,J01000054,Liverpool 023,E02001369,12.0,8246.0,0.0014552510308028135
Liverpool,J01000054,Liverpool 024,E02001370,23.0,7190.0,0.003198887343532684
Liverpool,J01000054,Liverpool 025,E02001371,9.0,7142.0,0.0012601512181461775
Liverpool,J01000054,Liverpool 026,E02001372,22.0,5894.0,0.0037326094333220224
Liverpool,J01000054,Liverpool 027,E02001373,27.0,9110.0,0.0029637760702524696
Liverpool,J01000054,Liverpool 028,E02001374,10.0,9676.0,0.0010334849111202976
Liverpool,J01000054,Liverpool 029,E02001375,13.0,6665.0,0.0019504876219054764
Liverpool,J01000054,Liverpool 030,E02001376,7.0,9569.0,0.000731528895391368
Liverpool,J01000054,Liverpool 031,E02001377,34.0,16570.0,0.002051901025950513
Liverpool,J01000054,Liverpool 032,E02001378,6.0,7561.0,0.0007935458272715249
Liverpool,J01000054,Liverpool 034,E02001380,6.0,7590.0,0.0007905138339920949
Liverpool,J01000054,Liverpool 035,E02001381,14.0,10021.0,0.0013970661610617702
Liverpool,J01000054,Liverpool 036,E02001382,6.0,6659.0,0.0009010361916203634
Liverpool,J01000054,Liverpool 037,E02001383,13.0,9961.0,0.0013050898504166249
Liverpool,J01000054,Liverpool 038,E02001384,16.0,11050.0,0.0014479638009049773
Liverpool,J01000054,Liverpool 039,E02001385,14.0,10212.0,0.0013709361535448493
Liverpool,J01000054,Liverpool 040,E02001386,21.0,7718.0,0.0027209121534076184
Liverpool,J01000054,Liverpool 041,E02001387,26.0,7712.0,0.0033713692946058093
Liverpool,J01000054,Liverpool 042,E02001388,24.0,8757.0,0.0027406646111682084
Liverpool,J01000054,Liverpool 043,E02001389,5.0,7070.0,0.0007072135785007072
Liverpool,J01000054,Liverpool 044,E02001390,29.0,9584.0,0.0030258764607679466
Liverpool,J01000054,Liverpool 045,E02001391,6.0,5741.0,0.0010451140916216688
Liverpool,J01000054,Liverpool 046,E02001392,11.0,6141.0,0.0017912392118547469
Liverpool,J01000054,Liverpool 047,E02001393,6.0,7537.0,0.000796072707973995
Liverpool,J01000054,Liverpool 048,E02001394,18.0,9067.0,0.001985221131576045
Liverpool,J01000054,Liverpool 049,E02001395,18.0,6079.0,0.0029610133245599607
Liverpool,J01000054,Liverpool 050,E02001396,10.0,7890.0,0.0012674271229404308
Liverpool,J01000054,Liverpool 051,E02001397,17.0,7208.0,0.0023584905660377358
Liverpool,J01000054,Liverpool 052,E02001398,23.0,7720.0,0.0029792746113989636
Liverpool,J01000054,Liverpool 053,E02001399,5.0,7047.0,0.0007095217823187171
Liverpool,J01000054,Liverpool 054,E02001400,11.0,6689.0,0.0016444909552997457
Liverpool,J01000054,Liverpool 055,E02001401,19.0,7724.0,0.0024598653547384776
Liverpool,J01000054,Liverpool 056,E02001402,12.0,9208.0,0.0013032145960034753
Liverpool,J01000054,Liverpool 057,E02001403,12.0,6674.0,0.0017980221756068325
Liverpool,J01000054,Liverpool 059,E02001405,13.0,9905.0,0.0013124684502776375
Liverpool,J01000054,Liverpool 060,E02006932,132.0,19410.0,0.0068006182380216385
Liverpool,J01000054,Liverpool 061,E02006933,32.0,8828.0,0.0036248300860897147
Liverpool,J01000054,Liverpool 062,E02006934,21.0,8738.0,0.0024032959487296866
Manchester,J01000058,Manchester 001,E02001045,8.0,8107.0,0.0009868015295423707
Manchester,J01000058,Manchester 002,E02001046,19.0,10427.0,0.0018221923851539272
Manchester,J01000058,Manchester 003,E02001047,12.0,9935.0,0.0012078510317060896
Manchester,J01000058,Manchester 004,E02001048,5.0,8954.0,0.0005584096493187402
Manchester,J01000058,Manchester 005,E02001049,9.0,9643.0,0.0009333195063776833
Manchester,J01000058,Manchester 006,E02001050,25.0,8513.0,0.002936685069893105
Manchester,J01000058,Manchester 007,E02001051,14.0,8998.0,0.001555901311402534
Manchester,J01000058,Manchester 008,E02001052,32.0,14260.0,0.002244039270687237
Manchester,J01000058,Manchester 009,E02001053,11.0,11142.0,0.0009872554299048646
Manchester,J01000058,Manchester 011,E02001055,25.0,9108.0,0.0027448397013614405
Manchester,J01000058,Manchester 012,E02001056,8.0,8189.0,0.0009769202588838686
Manchester,J01000058,Manchester 015,E02001059,25.0,11937.0,0.0020943285582642203
Manchester,J01000058,Manchester 017,E02001061,20.0,10149.0,0.0019706375012316485
Manchester,J01000058,Manchester 018,E02001062,23.0,11269.0,0.002040997426568462
Manchester,J01000058,Manchester 019,E02001063,27.0,14693.0,0.0018376097461376166
Manchester,J01000058,Manchester 020,E02001064,15.0,10407.0,0.0014413375612568463
Manchester,J01000058,Manchester 021,E02001065,5.0,9718.0,0.0005145091582630171
Manchester,J01000058,Manchester 022,E02001066,35.0,13077.0,0.002676454844383268
Manchester,J01000058,Manchester 023,E02001067,6.0,11296.0,0.0005311614730878187
Manchester,J01000058,Manchester 024,E02001068,7.0,10691.0,0.000654756337105977
Manchester,J01000058,Manchester 025,E02001069,13.0,12723.0,0.001021771594749666
Manchester,J01000058,Manchester 026,E02001070,18.0,13603.0,0.0013232375211350436
Manchester,J01000058,Manchester 028,E02001072,30.0,9046.0,0.0033163829316825116
Manchester,J01000058,Manchester 029,E02001073,32.0,9502.0,0.003367712060618817
Manchester,J01000058,Manchester 030,E02001074,16.0,11728.0,0.001364256480218281
Manchester,J01000058,Manchester 031,E02001075,21.0,8728.0,0.0024060494958753438
Manchester,J01000058,Manchester 032,E02001076,8.0,11853.0,0.0006749346157091031
Manchester,J01000058,Manchester 033,E02001077,27.0,7199.0,0.003750520905681345
Manchester,J01000058,Manchester 034,E02001078,10.0,10337.0,0.0009673986649898423
Manchester,J01000058,Manchester 035,E02001079,7.0,8905.0,0.0007860752386299832
Manchester,J01000058,Manchester 036,E02001080,17.0,9476.0,0.001794005909666526
Manchester,J01000058,Manchester 037,E02001081,10.0,6235.0,0.0016038492381716118
Manchester,J01000058,Manchester 038,E02001082,31.0,6645.0,0.004665161775771256
Manchester,J01000058,Manchester 039,E02001083,18.0,8262.0,0.002178649237472767
Manchester,J01000058,Manchester 040,E02001084,14.0,8242.0,0.0016986168405726766
Manchester,J01000058,Manchester 041,E02001085,6.0,8202.0,0.000731528895391368
Manchester,J01000058,Manchester 042,E02001086,8.0,6775.0,0.0011808118081180813
Manchester,J01000058,Manchester 043,E02001087,41.0,9388.0,0.004367277375372816
Manchester,J01000058,Manchester 045,E02001089,14.0,7917.0,0.0017683465959328027
Manchester,J01000058,Manchester 054,E02006902,138.0,7494.0,0.018414731785428344
Manchester,J01000058,Manchester 055,E02006912,37.0,19715.0,0.0018767435962465128
Manchester,J01000058,Manchester 056,E02006913,19.0,7313.0,0.0025981129495419118
Manchester,J01000058,Manchester 057,E02006914,7.0,11096.0,0.0006308579668348954
Manchester,J01000058,Manchester 058,E02006915,8.0,9502.0,0.0008419280151547042
Manchester,J01000058,Manchester 059,E02006916,5.0,6759.0,0.0007397544015386891
Manchester,J01000058,Manchester 060,E02006917,84.0,7650.0,0.010980392156862745
Newcastle-upon-Tyne,J01000062,Newcastle upon Tyne 002,E02001709,13.0,10190.0,0.0012757605495583907
Newcastle-upon-Tyne,J01000062,Newcastle upon Tyne 003,E02001710,14.0,9638.0,0.0014525835235526042
Newcastle-upon-Tyne,J01000062,Newcastle upon Tyne 004,E02001711,17.0,9642.0,0.0017631196847127152
Newcastle-upon-Tyne,J01000062,Newcastle upon Tyne 005,E02001712,14.0,9553.0,0.0014655082173139328
Newcastle-upon-Tyne,J01000062,Newcastle upon Tyne 006,E02001713,46.0,10387.0,0.004428612688938096
Newcastle-upon-Tyne,J01000062,Newcastle upon Tyne 007,E02001714,15.0,9588.0,0.0015644555694618273
Newcastle-upon-Tyne,J01000062,Newcastle upon Tyne 008,E02001715,17.0,11515.0,0.0014763352149370387
Newcastle-upon-Tyne,J01000062,Newcastle upon Tyne 011,E02001718,4.0,6175.0,0.0006477732793522267
Newcastle-upon-Tyne,J01000062,Newcastle upon Tyne 012,E02001719,14.0,8554.0,0.0016366612111292963
Newcastle-upon-Tyne,J01000062,Newcastle upon Tyne 013,E02001720,30.0,9429.0,0.003181673560292714
Newcastle-upon-Tyne,J01000062,Newcastle upon Tyne 015,E02001722,9.0,9955.0,0.0009040683073832245
Newcastle-upon-Tyne,J01000062,Newcastle upon Tyne 016,E02001723,18.0,6742.0,0.0026698309107089885
Newcastle-upon-Tyne,J01000062,Newcastle upon Tyne 017,E02001724,35.0,8952.0,0.003909740840035746
Newcastle-upon-Tyne,J01000062,Newcastle upon Tyne 018,E02001725,33.0,10196.0,0.0032365633581796782
Newcastle-upon-Tyne,J01000062,Newcastle upon Tyne 019,E02001726,11.0,12193.0,0.0009021569753137046
Newcastle-upon-Tyne,J01000062,Newcastle upon Tyne 020,E02001727,4.0,8354.0,0.00047881254488867607
Newcastle-upon-Tyne,J01000062,Newcastle upon Tyne 021,E02001728,8.0,9234.0,0.0008663634394628547
Newcastle-upon-Tyne,J01000062,Newcastle upon Tyne 022,E02001729,18.0,14448.0,0.0012458471760797341
Newcastle-upon-Tyne,J01000062,Newcastle upon Tyne 025,E02001732,19.0,5316.0,0.0035741158765989467
Newcastle-upon-Tyne,J01000062,Newcastle upon Tyne 027,E02001734,18.0,8493.0,0.0021193924408336277
Newcastle-upon-Tyne,J01000062,Newcastle upon Tyne 028,E02001735,8.0,6713.0,0.0011917175629375838
Newcastle-upon-Tyne,J01000062,Newcastle upon Tyne 030,E02001737,10.0,6091.0,0.0016417665407978984
Newcastle-upon-Tyne,J01000062,Newcastle upon Tyne 031,E02006893,19.0,10178.0,0.0018667714678718805
Norwich,J01000066,Norwich 001,E02005584,13.0,10947.0,0.0011875399652872933
Norwich,J01000066,Norwich 002,E02005585,7.0,11078.0,0.0006318830113738942
Norwich,J01000066,Norwich 003,E02005586,14.0,9908.0,0.0014129995962858296
Norwich,J01000066,Norwich 004,E02005587,15.0,9935.0,0.001509813789632612
Norwich,J01000066,Norwich 005,E02005588,22.0,12254.0,0.0017953321364452424
Norwich,J01000066,Norwich 006,E02005589,15.0,11837.0,0.0012672129762608768
Norwich,J01000066,Norwich 009,E02005592,26.0,9348.0,0.0027813436029097134
Norwich,J01000066,Norwich 010,E02005593,5.0,13052.0,0.0003830830524057616
Norwich,J01000066,Norwich 011,E02005594,36.0,11153.0,0.003227831076840312
Norwich,J01000066,Norwich 012,E02005595,10.0,9035.0,0.0011068068622025456
Norwich,J01000066,Norwich 013,E02005596,6.0,9341.0,0.0006423295150412161
Norwich,J01000066,Norwich 014,E02006907,26.0,6982.0,0.0037238613577771414
Norwich,J01000066,Norwich 015,E02006908,18.0,5750.0,0.003130434782608696
Nottingham,J01000067,Nottingham 001,E02002868,9.0,5764.0,0.001561415683553088
Nottingham,J01000067,Nottingham 002,E02002869,19.0,7574.0,0.002508581991021917
Nottingham,J01000067,Nottingham 004,E02002871,10.0,7588.0,0.0013178703215603585
Nottingham,J01000067,Nottingham 005,E02002872,7.0,8754.0,0.0007996344528215673
Nottingham,J01000067,Nottingham 006,E02002873,11.0,9500.0,0.0011578947368421054
Nottingham,J01000067,Nottingham 007,E02002874,13.0,8300.0,0.0015662650602409638
Nottingham,J01000067,Nottingham 008,E02002875,3.0,8630.0,0.0003476245654692932
Nottingham,J01000067,Nottingham 009,E02002876,4.0,8150.0,0.00049079754601227
Nottingham,J01000067,Nottingham 010,E02002877,32.0,7768.0,0.004119464469618949
Nottingham,J01000067,Nottingham 011,E02002878,10.0,9661.0,0.0010350895352447987
Nottingham,J01000067,Nottingham 012,E02002879,8.0,9844.0,0.0008126777732629012
Nottingham,J01000067,Nottingham 013,E02002880,6.0,9102.0,0.0006591957811470006
Nottingham,J01000067,Nottingham 014,E02002881,7.0,6880.0,0.0010174418604651163
Nottingham,J01000067,Nottingham 015,E02002882,39.0,8618.0,0.004525411928521699
Nottingham,J01000067,Nottingham 016,E02002883,4.0,7942.0,0.000503651473180559
Nottingham,J01000067,Nottingham 017,E02002884,20.0,7120.0,0.0028089887640449437
Nottingham,J01000067,Nottingham 018,E02002885,18.0,9332.0,0.0019288469781397343
Nottingham,J01000067,Nottingham 019,E02002886,10.0,9782.0,0.0010222858311183807
Nottingham,J01000067,Nottingham 020,E02002887,12.0,6492.0,0.0018484288354898336
Nottingham,J01000067,Nottingham 021,E02002888,12.0,7619.0,0.0015750098438115237
Nottingham,J01000067,Nottingham 022,E02002889,23.0,13877.0,0.0016574187504503856
Nottingham,J01000067,Nottingham 023,E02002890,33.0,14483.0,0.0022785334530138783
Nottingham,J01000067,Nottingham 024,E02002891,12.0,8139.0,0.001474382602285293
Nottingham,J01000067,Nottingham 025,E02002892,5.0,6096.0,0.0008202099737532808
Nottingham,J01000067,Nottingham 026,E02002893,11.0,16371.0,0.0006719198582859935
Nottingham,J01000067,Nottingham 028,E02002895,47.0,8861.0,0.0053041417447240715
Nottingham,J01000067,Nottingham 029,E02002896,22.0,10631.0,0.0020694196218605963
Nottingham,J01000067,Nottingham 030,E02002897,10.0,8179.0,0.001222643354933366
Nottingham,J01000067,Nottingham 031,E02002898,15.0,11275.0,0.0013303769401330377
Nottingham,J01000067,Nottingham 038,E02006834,7.0,7495.0,0.0009339559706470981
Nottingham,J01000067,Nottingham 039,E02006904,62.0,13194.0,0.00469910565408519
Nottingham,J01000067,Nottingham 040,E02006905,10.0,7864.0,0.001271617497456765
Oxford,J01000070,Oxford 001,E02005940,7.0,5464.0,0.001281112737920937
Oxford,J01000070,Oxford 002,E02005941,35.0,6903.0,0.005070259307547443
Oxford,J01000070,Oxford 003,E02005942,16.0,6604.0,0.0024227740763173833
Oxford,J01000070,Oxford 004,E02005943,5.0,6093.0,0.0008206138191367143
Oxford,J01000070,Oxford 005,E02005944,13.0,6996.0,0.0018582046883933677
Oxford,J01000070,Oxford 006,E02005945,40.0,14878.0,0.0026885334050275574
Oxford,J01000070,Oxford 007,E02005946,17.0,7292.0,0.002331321996708722
Oxford,J01000070,Oxford 008,E02005947,80.0,18665.0,0.004286096972944013
Oxford,J01000070,Oxford 009,E02005948,8.0,6816.0,0.0011737089201877935
Oxford,J01000070,Oxford 010,E02005949,10.0,7055.0,0.001417434443656981
Oxford,J01000070,Oxford 011,E02005950,31.0,10525.0,0.0029453681710213775
Oxford,J01000070,Oxford 012,E02005951,9.0,5382.0,0.0016722408026755853
Oxford,J01000070,Oxford 014,E02005953,6.0,4920.0,0.0012195121951219512
Oxford,J01000070,Oxford 015,E02005954,33.0,9025.0,0.003656509695290859
Oxford,J01000070,Oxford 016,E02005955,16.0,9678.0,0.0016532341392849763
Oxford,J01000070,Oxford 017,E02005956,7.0,5709.0,0.0012261341741110527
Oxford,J01000070,Oxford 018,E02005957,5.0,5999.0,0.000833472245374229
Plymouth,J01000072,Plymouth 001,E02003122,20.0,7124.0,0.002807411566535654
Plymouth,J01000072,Plymouth 002,E02003123,3.0,8772.0,0.0003419972640218878
Plymouth,J01000072,Plymouth 003,E02003124,7.0,8075.0,0.0008668730650154799
Plymouth,J01000072,Plymouth 004,E02003125,1.0,5989.0,0.0001669727834362999
Plymouth,J01000072,Plymouth 005,E02003126,44.0,7944.0,0.0055387713997985906
Plymouth,J01000072,Plymouth 006,E02003127,17.0,7433.0,0.0022870980761469126
Plymouth,J01000072,Plymouth 007,E02003128,14.0,8959.0,0.001562674405625628
Plymouth,J01000072,Plymouth 008,E02003129,12.0,6156.0,0.001949317738791423
Plymouth,J01000072,Plymouth 009,E02003130,13.0,10418.0,0.001247840276444615
Plymouth,J01000072,Plymouth 010,E02003131,0.0,7272.0,0.0
Plymouth,J01000072,Plymouth 011,E02003132,6.0,9039.0,0.0006637902422834385
Plymouth,J01000072,Plymouth 012,E02003133,5.0,7116.0,0.0007026419336706015
Plymouth,J01000072,Plymouth 013,E02003134,6.0,6813.0,0.0008806693086745927
Plymouth,J01000072,Plymouth 014,E02003135,4.0,7620.0,0.0005249343832020997
Plymouth,J01000072,Plymouth 015,E02003136,21.0,7645.0,0.002746893394375409
Plymouth,J01000072,Plymouth 016,E02003137,29.0,7794.0,0.003720810880164229
Plymouth,J01000072,Plymouth 017,E02003138,21.0,7636.0,0.002750130958617077
Plymouth,J01000072,Plymouth 018,E02003139,4.0,6586.0,0.0006073489219556636
Plymouth,J01000072,Plymouth 019,E02003140,14.0,7635.0,0.00183366077275704
Plymouth,J01000072,Plymouth 020,E02003141,21.0,7916.0,0.002652854977261243
Plymouth,J01000072,Plymouth 021,E02003142,15.0,9036.0,0.0016600265604249668
Plymouth,J01000072,Plymouth 022,E02003143,9.0,7330.0,0.0012278308321964529
Plymouth,J01000072,Plymouth 023,E02003144,53.0,9092.0,0.005829300483941927
Plymouth,J01000072,Plymouth 024,E02003145,34.0,6829.0,0.004978767022990189
Plymouth,J01000072,Plymouth 025,E02003146,13.0,8653.0,0.0015023691205362302
Plymouth,J01000072,Plymouth 026,E02003147,10.0,9290.0,0.001076426264800861
Plymouth,J01000072,Plymouth 027,E02003148,62.0,10903.0,0.005686508300467761
Plymouth,J01000072,Plymouth 028,E02003149,18.0,9614.0,0.0018722696068233825
Plymouth,J01000072,Plymouth 030,E02003151,4.0,7884.0,0.0005073566717402334
Plymouth,J01000072,Plymouth 031,E02003152,28.0,10507.0,0.002664890073284477
Plymouth,J01000072,Plymouth 032,E02003153,14.0,7409.0,0.0018895937373464705
Portsmouth,J01000074,Portsmouth 001,E02003524,4.0,7896.0,0.0005065856129685917
Portsmouth,J01000074,Portsmouth 002,E02003525,34.0,6478.0,0.005248533497993208
Portsmouth,J01000074,Portsmouth 003,E02003526,15.0,6710.0,0.0022354694485842027
Portsmouth,J01000074,Portsmouth 004,E02003527,5.0,6311.0,0.0007922674694977025
Portsmouth,J01000074,Portsmouth 006,E02003529,13.0,8181.0,0.0015890477936682558
Portsmouth,J01000074,Portsmouth 007,E02003530,3.0,7658.0,0.0003917471924784539
Portsmouth,J01000074,Portsmouth 008,E02003531,5.0,7739.0,0.0006460783046905285
Portsmouth,J01000074,Portsmouth 009,E02003532,13.0,7693.0,0.0016898479136877682
Portsmouth,J01000074,Portsmouth 010,E02003533,4.0,5675.0,0.0007048458149779736
Portsmouth,J01000074,Portsmouth 011,E02003534,23.0,9025.0,0.002548476454293629
Portsmouth,J01000074,Portsmouth 012,E02003535,9.0,9785.0,0.0009197751660705161
Portsmouth,J01000074,Portsmouth 013,E02003536,14.0,8156.0,0.0017165277096615988
Portsmouth,J01000074,Portsmouth 014,E02003537,5.0,10333.0,0.0004838865769863544
Portsmouth,J01000074,Portsmouth 015,E02003538,10.0,10564.0,0.000946611132146914
Portsmouth,J01000074,Portsmouth 017,E02003540,20.0,9405.0,0.002126528442317916
Portsmouth,J01000074,Portsmouth 018,E02003541,12.0,12648.0,0.0009487666034155598
Portsmouth,J01000074,Portsmouth 019,E02003542,3.0,9439.0,0.00031783027863121094
Portsmouth,J01000074,Portsmouth 020,E02003543,24.0,9037.0,0.002655748589133562
Portsmouth,J01000074,Portsmouth 021,E02003544,21.0,6283.0,0.003342352379436575
Portsmouth,J01000074,Portsmouth 022,E02003545,29.0,7444.0,0.003895754970445997
Portsmouth,J01000074,Portsmouth 023,E02003546,8.0,8538.0,0.0009369875849144999
Portsmouth,J01000074,Portsmouth 024,E02003547,25.0,9474.0,0.002638800928857927
Portsmouth,J01000074,Portsmouth 025,E02003548,14.0,6622.0,0.0021141649048625794
Portsmouth,J01000074,Portsmouth 026,E02006821,8.0,6550.0,0.0012213740458015267
Preston,J01000075,Preston 003,E02005255,17.0,8933.0,0.0019030560841822456
Preston,J01000075,Preston 004,E02005256,15.0,6554.0,0.0022886786695148
Preston,J01000075,Preston 005,E02005257,8.0,5893.0,0.0013575428474461226
Preston,J01000075,Preston 006,E02005258,30.0,7822.0,0.0038353362311429303
Preston,J01000075,Preston 007,E02005259,19.0,10298.0,0.0018450184501845018
Preston,J01000075,Preston 008,E02005260,9.0,6474.0,0.0013901760889712697
Preston,J01000075,Preston 009,E02005261,9.0,10100.0,0.0008910891089108911
Preston,J01000075,Preston 010,E02005262,8.0,6632.0,0.0012062726176115801
Preston,J01000075,Preston 011,E02005263,36.0,7110.0,0.005063291139240506
Preston,J01000075,Preston 012,E02005264,13.0,12702.0,0.0010234608723035743
Preston,J01000075,Preston 013,E02005265,15.0,10606.0,0.0014142937959645485
Preston,J01000075,Preston 014,E02005266,17.0,8879.0,0.001914630025903818
Preston,J01000075,Preston 015,E02005267,7.0,7363.0,0.0009506994431617547
Preston,J01000075,Preston 016,E02005268,14.0,9274.0,0.0015095967220185465
Preston,J01000075,Preston 017,E02005269,52.0,11113.0,0.0046792045352290115
Salford,J01000080,Salford 010,E02001166,13.0,7351.0,0.0017684668752550674
Salford,J01000080,Salford 011,E02001167,7.0,7291.0,0.0009600877794541216
Salford,J01000080,Salford 017,E02001173,27.0,8366.0,0.0032273487927324887
Salford,J01000080,Salford 018,E02001174,13.0,5520.0,0.002355072463768116
Salford,J01000080,Salford 021,E02001177,24.0,13392.0,0.0017921146953405018
Salford,J01000080,Salford 023,E02001179,18.0,6865.0,0.002621995630007283
Salford,J01000080,Salford 024,E02001180,10.0,6669.0,0.00149947518368571
Sheffield,J01000082,Sheffield 005,E02001615,16.0,7211.0,0.002218832339481348
Sheffield,J01000082,Sheffield 006,E02001616,3.0,7202.0,0.00041655095806720355
Sheffield,J01000082,Sheffield 007,E02001617,4.0,5849.0,0.0006838775859121217
Sheffield,J01000082,Sheffield 009,E02001619,15.0,9782.0,0.001533428746677571
Sheffield,J01000082,Sheffield 010,E02001620,8.0,7021.0,0.0011394388263780088
Sheffield,J01000082,Sheffield 011,E02001621,6.0,6129.0,0.0009789525208027412
Sheffield,J01000082,Sheffield 012,E02001622,8.0,8850.0,0.000903954802259887
Sheffield,J01000082,Sheffield 013,E02001623,10.0,8458.0,0.0011823126034523528
Sheffield,J01000082,Sheffield 014,E02001624,14.0,9943.0,0.0014080257467565121
Sheffield,J01000082,Sheffield 015,E02001625,11.0,7909.0,0.0013908205841446453
Sheffield,J01000082,Sheffield 016,E02001626,9.0,5769.0,0.0015600624024961
Sheffield,J01000082,Sheffield 017,E02001627,28.0,6165.0,0.004541768045417681
Sheffield,J01000082,Sheffield 018,E02001628,27.0,7145.0,0.0037788663400979707
Sheffield,J01000082,Sheffield 019,E02001629,15.0,6988.0,0.0021465369204350317
Sheffield,J01000082,Sheffield 020,E02001630,11.0,9814.0,0.0011208477684939882
Sheffield,J01000082,Sheffield 021,E02001631,5.0,7690.0,0.0006501950585175553
Sheffield,J01000082,Sheffield 022,E02001632,21.0,14892.0,0.0014101531023368251
Sheffield,J01000082,Sheffield 023,E02001633,5.0,7481.0,0.000668359844940516
Sheffield,J01000082,Sheffield 024,E02001634,24.0,9276.0,0.00258732212160414
Sheffield,J01000082,Sheffield 025,E02001635,9.0,6105.0,0.0014742014742014742
Sheffield,J01000082,Sheffield 026,E02001636,13.0,11830.0,0.001098901098901099
Sheffield,J01000082,Sheffield 027,E02001637,11.0,8616.0,0.00127669452181987
Sheffield,J01000082,Sheffield 028,E02001638,8.0,6000.0,0.0013333333333333333
Sheffield,J01000082,Sheffield 029,E02001639,12.0,6150.0,0.001951219512195122
Sheffield,J01000082,Sheffield 030,E02001640,41.0,8041.0,0.005098868299962691
Sheffield,J01000082,Sheffield 032,E02001642,17.0,10329.0,0.0016458514861070772
Sheffield,J01000082,Sheffield 033,E02001643,9.0,6304.0,0.0014276649746192893
Sheffield,J01000082,Sheffield 036,E02001646,27.0,8946.0,0.0030181086519114686
Sheffield,J01000082,Sheffield 037,E02001647,9.0,6166.0,0.0014596172559195588
Sheffield,J01000082,Sheffield 038,E02001648,21.0,10005.0,0.002098950524737631
Sheffield,J01000082,Sheffield 039,E02001649,7.0,10459.0,0.0006692800458934888
Sheffield,J01000082,Sheffield 040,E02001650,19.0,10995.0,0.0017280582082764894
Sheffield,J01000082,Sheffield 041,E02001651,9.0,7841.0,0.0011478127789822726
Sheffield,J01000082,Sheffield 042,E02001652,42.0,13444.0,0.003124070217197263
Sheffield,J01000082,Sheffield 043,E02001653,5.0,7723.0,0.0006474168069403081
Sheffield,J01000082,Sheffield 044,E02001654,3.0,6288.0,0.00047709923664122136
Sheffield,J01000082,Sheffield 045,E02001655,12.0,7687.0,0.0015610771432288278
Sheffield,J01000082,Sheffield 046,E02001656,23.0,8174.0,0.002813799853193051
Sheffield,J01000082,Sheffield 047,E02001657,18.0,9259.0,0.0019440544335241386
Sheffield,J01000082,Sheffield 048,E02001658,11.0,5474.0,0.002009499451954695
Sheffield,J01000082,Sheffield 049,E02001659,16.0,6004.0,0.002664890073284477
Sheffield,J01000082,Sheffield 050,E02001660,30.0,10281.0,0.0029180040852057193
Sheffield,J01000082,Sheffield 051,E02001661,14.0,8182.0,0.0017110730872647274
Sheffield,J01000082,Sheffield 052,E02001662,7.0,7439.0,0.0009409866917596451
Sheffield,J01000082,Sheffield 053,E02001663,12.0,7682.0,0.0015620932048945586
Sheffield,J01000082,Sheffield 054,E02001664,24.0,6331.0,0.003790870320644448
Sheffield,J01000082,Sheffield 055,E02001665,27.0,9671.0,0.002791851928445869
Sheffield,J01000082,Sheffield 056,E02001666,18.0,5911.0,0.0030451700219928947
Sheffield,J01000082,Sheffield 059,E02001669,25.0,7640.0,0.0032722513089005235
Sheffield,J01000082,Sheffield 060,E02001670,3.0,6376.0,0.00047051442910915934
Sheffield,J01000082,Sheffield 061,E02001671,6.0,5657.0,0.0010606328442637441
Sheffield,J01000082,Sheffield 062,E02001672,8.0,6118.0,0.0013076168682576005
Sheffield,J01000082,Sheffield 063,E02001673,2.0,5261.0,0.00038015586390420075
Sheffield,J01000082,Sheffield 064,E02001674,20.0,8694.0,0.002300437083045779
Sheffield,J01000082,Sheffield 065,E02001675,12.0,8670.0,0.001384083044982699
Sheffield,J01000082,Sheffield 066,E02001676,10.0,5734.0,0.0017439832577607255
Sheffield,J01000082,Sheffield 068,E02001678,27.0,10365.0,0.0026049204052098407
Sheffield,J01000082,Sheffield 069,E02001679,8.0,6591.0,0.0012137763617053557
Sheffield,J01000082,Sheffield 070,E02001680,10.0,6480.0,0.0015432098765432098
Sheffield,J01000082,Sheffield 071,E02001681,12.0,7600.0,0.0015789473684210526
Sheffield,J01000082,Sheffield 072,E02006803,7.0,9128.0,0.0007668711656441718
Sheffield,J01000082,Sheffield 073,E02006843,47.0,23504.0,0.0019996596324029954
Sheffield,J01000082,Sheffield 074,E02006844,41.0,11821.0,0.0034684036883512394
Sheffield,J01000082,Sheffield 075,E02006868,25.0,13678.0,0.0018277525954086854
Sheffield,J01000082,Sheffield 076,E02006869,13.0,11004.0,0.0011813885859687386
Southampton,J01000087,Southampton 001,E02003549,4.0,9271.0,0.00043145291770035595
Southampton,J01000087,Southampton 002,E02003550,4.0,7724.0,0.0005178663904712584
Southampton,J01000087,Southampton 003,E02003551,5.0,6897.0,0.0007249528780629259
Southampton,J01000087,Southampton 004,E02003552,5.0,5930.0,0.0008431703204047217
Southampton,J01000087,Southampton 005,E02003553,13.0,7976.0,0.001629889669007021
Southampton,J01000087,Southampton 006,E02003554,16.0,6158.0,0.0025982461838259174
Southampton,J01000087,Southampton 007,E02003555,4.0,8193.0,0.00048822165263029415
Southampton,J01000087,Southampton 008,E02003556,6.0,5714.0,0.0010500525026251313
Southampton,J01000087,Southampton 009,E02003557,20.0,6971.0,0.002869028833739779
Southampton,J01000087,Southampton 010,E02003558,29.0,7075.0,0.004098939929328622
Southampton,J01000087,Southampton 011,E02003559,13.0,7804.0,0.0016658124038954382
Southampton,J01000087,Southampton 012,E02003560,1.0,7418.0,0.00013480722566729578
Southampton,J01000087,Southampton 013,E02003561,19.0,8699.0,0.0021841590987469826
Southampton,J01000087,Southampton 014,E02003562,16.0,8398.0,0.0019052155275065491
Southampton,J01000087,Southampton 015,E02003563,15.0,7792.0,0.0019250513347022586
Southampton,J01000087,Southampton 016,E02003564,12.0,7665.0,0.0015655577299412916
Southampton,J01000087,Southampton 017,E02003565,25.0,7455.0,0.00335345405767941
Southampton,J01000087,Southampton 018,E02003566,5.0,6132.0,0.0008153946510110893
Southampton,J01000087,Southampton 019,E02003567,15.0,7707.0,0.001946282600233554
Southampton,J01000087,Southampton 020,E02003568,33.0,9052.0,0.003645603181617322
Southampton,J01000087,Southampton 021,E02003569,16.0,8020.0,0.00199501246882793
Southampton,J01000087,Southampton 022,E02003570,31.0,12399.0,0.0025002016291636423
Southampton,J01000087,Southampton 023,E02003571,51.0,11362.0,0.004488646365076571
Southampton,J01000087,Southampton 024,E02003572,22.0,6048.0,0.0036375661375661374
Southampton,J01000087,Southampton 025,E02003573,9.0,7553.0,0.0011915795048325168
Southampton,J01000087,Southampton 026,E02003574,1.0,7240.0,0.00013812154696132598
Southampton,J01000087,Southampton 027,E02003575,3.0,6518.0,0.00046026388462718626
Southampton,J01000087,Southampton 028,E02003576,8.0,8005.0,0.0009993753903810119
Southampton,J01000087,Southampton 030,E02003578,3.0,5991.0,0.000500751126690035
Southampton,J01000087,Southampton 031,E02003579,27.0,9163.0,0.002946633198734039
Southampton,J01000087,Southampton 032,E02003580,5.0,6018.0,0.0008308408109006315
Southend-on-Sea,J01000088,Southend-on-Sea 001,E02003279,14.0,9425.0,0.0014854111405835544
Southend-on-Sea,J01000088,Southend-on-Sea 002,E02003280,10.0,10599.0,0.0009434852344560807
Southend-on-Sea,J01000088,Southend-on-Sea 003,E02003281,14.0,9665.0,0.0014485256078634247
Southend-on-Sea,J01000088,Southend-on-Sea 004,E02003282,27.0,10724.0,0.0025177172696754942
Southend-on-Sea,J01000088,Southend-on-Sea 005,E02003283,11.0,11159.0,0.0009857514114167936
Southend-on-Sea,J01000088,Southend-on-Sea 006,E02003284,11.0,11237.0,0.0009789089614665836
Southend-on-Sea,J01000088,Southend-on-Sea 007,E02003285,22.0,11205.0,0.001963409192324855
Southend-on-Sea,J01000088,Southend-on-Sea 008,E02003286,21.0,9459.0,0.0022201078338090706
Southend-on-Sea,J01000088,Southend-on-Sea 009,E02003287,11.0,9977.0,0.0011025358324145535
Southend-on-Sea,J01000088,Southend-on-Sea 010,E02003288,24.0,13025.0,0.0018426103646833013
Southend-on-Sea,J01000088,Southend-on-Sea 011,E02003289,34.0,10288.0,0.0033048211508553654
Southend-on-Sea,J01000088,Southend-on-Sea 012,E02003290,51.0,10398.0,0.0049047893825735715
Southend-on-Sea,J01000088,Southend-on-Sea 013,E02003291,19.0,11939.0,0.0015914230672585644
Southend-on-Sea,J01000088,Southend-on-Sea 014,E02003292,18.0,12215.0,0.0014735980352026197
Southend-on-Sea,J01000088,Southend-on-Sea 015,E02003293,93.0,11762.0,0.007906818568270703
Southend-on-Sea,J01000088,Southend-on-Sea 016,E02003294,29.0,9281.0,0.003124663290593686
Southend-on-Sea,J01000088,Southend-on-Sea 017,E02003295,18.0,10415.0,0.001728276524243879
Stoke on Trent,J01000095,Stoke-on-Trent 001,E02002951,7.0,7516.0,0.0009313464608834486
Stoke on Trent,J01000095,Stoke-on-Trent 002,E02002952,13.0,7534.0,0.0017255110167241838
Stoke on Trent,J01000095,Stoke-on-Trent 003,E02002953,7.0,7323.0,0.0009558923938276663
Stoke on Trent,J01000095,Stoke-on-Trent 004,E02002954,6.0,8156.0,0.0007356547327121138
Stoke on Trent,J01000095,Stoke-on-Trent 005,E02002955,34.0,7766.0,0.004378058202420809
Stoke on Trent,J01000095,Stoke-on-Trent 006,E02002956,11.0,9167.0,0.0011999563652230827
Stoke on Trent,J01000095,Stoke-on-Trent 007,E02002957,13.0,9468.0,0.0013730460498521334
Stoke on Trent,J01000095,Stoke-on-Trent 008,E02002958,6.0,8241.0,0.0007280669821623589
Stoke on Trent,J01000095,Stoke-on-Trent 009,E02002959,16.0,9447.0,0.0016936593627606647
Stoke on Trent,J01000095,Stoke-on-Trent 010,E02002960,6.0,5705.0,0.0010517090271691498
Stoke on Trent,J01000095,Stoke-on-Trent 011,E02002961,6.0,7276.0,0.0008246289169873557
Stoke on Trent,J01000095,Stoke-on-Trent 012,E02002962,8.0,7314.0,0.0010937927262783702
Stoke on Trent,J01000095,Stoke-on-Trent 013,E02002963,7.0,7301.0,0.0009587727708533077
Stoke on Trent,J01000095,Stoke-on-Trent 014,E02002964,10.0,8406.0,0.0011896264572924102
Stoke on Trent,J01000095,Stoke-on-Trent 015,E02002965,67.0,8530.0,0.007854630715123096
Stoke on Trent,J01000095,Stoke-on-Trent 016,E02002966,18.0,10194.0,0.0017657445556209534
Stoke on Trent,J01000095,Stoke-on-Trent 017,E02002967,9.0,10306.0,0.0008732777023093344
Stoke on Trent,J01000095,Stoke-on-Trent 018,E02002968,26.0,9455.0,0.002749867794817557
Stoke on Trent,J01000095,Stoke-on-Trent 019,E02002969,21.0,9574.0,0.002193440568205557
Stoke on Trent,J01000095,Stoke-on-Trent 020,E02002970,9.0,8135.0,0.0011063306699446835
Stoke on Trent,J01000095,Stoke-on-Trent 023,E02002973,10.0,8431.0,0.0011860989206499823
Stoke on Trent,J01000095,Stoke-on-Trent 024,E02002974,12.0,5969.0,0.002010386999497403
Stoke on Trent,J01000095,Stoke-on-Trent 025,E02002975,6.0,6993.0,0.000858000858000858
Stoke on Trent,J01000095,Stoke-on-Trent 026,E02002976,7.0,5972.0,0.001172136637642331
Stoke on Trent,J01000095,Stoke-on-Trent 027,E02002977,6.0,5669.0,0.0010583877227024166
Stoke on Trent,J01000095,Stoke-on-Trent 028,E02002978,6.0,6808.0,0.0008813160987074031
Stoke on Trent,J01000095,Stoke-on-Trent 029,E02002979,17.0,6091.0,0.0027910031193564273
Stoke on Trent,J01000095,Stoke-on-Trent 030,E02002980,12.0,5931.0,0.0020232675771370764
Stoke on Trent,J01000095,Stoke-on-Trent 031,E02002981,11.0,8400.0,0.0013095238095238095
Stoke on Trent,J01000095,Stoke-on-Trent 032,E02002982,4.0,8138.0,0.0004915212582944212
Stoke on Trent,J01000095,Stoke-on-Trent 033,E02002983,6.0,4989.0,0.0012026458208057728
Stoke on Trent,J01000095,Stoke-on-Trent 034,E02002984,5.0,5291.0,0.000945000945000945
Sunderland,J01000096,Sunderland 001,E02001791,8.0,5512.0,0.001451378809869376
Sunderland,J01000096,Sunderland 002,E02001792,12.0,6622.0,0.001812141347025068
Sunderland,J01000096,Sunderland 003,E02001793,4.0,8242.0,0.000485319097306479
Sunderland,J01000096,Sunderland 004,E02001794,8.0,8743.0,0.000915017728468489
Sunderland,J01000096,Sunderland 005,E02001795,19.0,7447.0,0.00255136296495233
Sunderland,J01000096,Sunderland 006,E02001796,11.0,9597.0,0.0011461915181827655
Sunderland,J01000096,Sunderland 008,E02001798,17.0,8237.0,0.0020638582008012628
Sunderland,J01000096,Sunderland 011,E02001801,23.0,6855.0,0.0033552151714077317
Sunderland,J01000096,Sunderland 012,E02001802,1.0,6970.0,0.00014347202295552367
Sunderland,J01000096,Sunderland 013,E02001803,61.0,10304.0,0.005920031055900621
Sunderland,J01000096,Sunderland 014,E02001804,9.0,6565.0,0.0013709063214013709
Sunderland,J01000096,Sunderland 015,E02001805,7.0,5742.0,0.0012190874259839777
Sunderland,J01000096,Sunderland 016,E02001806,30.0,8124.0,0.003692762186115214
Sunderland,J01000096,Sunderland 018,E02001808,11.0,6075.0,0.0018106995884773663
Sunderland,J01000096,Sunderland 021,E02001811,4.0,8785.0,0.0004553215708594195
Sunderland,J01000096,Sunderland 022,E02001812,23.0,10059.0,0.0022865095933989462
Sunderland,J01000096,Sunderland 023,E02001813,14.0,9854.0,0.0014207428455449563
Sunderland,J01000096,Sunderland 024,E02001814,11.0,6141.0,0.0017912392118547469
Sunderland,J01000096,Sunderland 026,E02001816,7.0,6804.0,0.00102880658436214
Sunderland,J01000096,Sunderland 027,E02001817,9.0,6614.0,0.001360749924402782
Sunderland,J01000096,Sunderland 028,E02001818,8.0,9354.0,0.0008552490912978405
Sunderland,J01000096,Sunderland 029,E02001819,16.0,6657.0,0.0024034850533273247
Sunderland,J01000096,Sunderland 031,E02001821,1.0,5566.0,0.00017966223499820338
York,J01000112,York 004,E02002775,5.0,5802.0,0.0008617718028266115
York,J01000112,York 005,E02002776,11.0,6808.0,0.0016157461809635722
York,J01000112,York 006,E02002777,27.0,8540.0,0.003161592505854801
York,J01000112,York 007,E02002778,18.0,8324.0,0.002162421912542047
York,J01000112,York 008,E02002779,14.0,9672.0,0.0014474772539288668
York,J01000112,York 009,E02002780,4.0,8712.0,0.0004591368227731864
York,J01000112,York 010,E02002781,17.0,11394.0,0.0014920133403545726
York,J01000112,York 012,E02002783,15.0,10460.0,0.0014340344168260039
York,J01000112,York 013,E02002784,96.0,13932.0,0.0068906115417743325
York,J01000112,York 014,E02002785,12.0,8529.0,0.0014069644741470278
York,J01000112,York 015,E02002786,14.0,11237.0,0.0012458841327756519
York,J01000112,York 016,E02002787,29.0,9342.0,0.0031042603296938557
York,J01000112,York 017,E02002788,15.0,9065.0,0.001654715940430226
York,J01000112,York 018,E02002789,8.0,9084.0,0.0008806693086745927
York,J01000112,York 019,E02002790,18.0,13285.0,0.0013549115543846444
York,J01000112,York 021,E02002792,10.0,7938.0,0.0012597631645250692
York,J01000112,York 022,E02002793,6.0,9347.0,0.000641917192682144
