CityName,CityCode,LTLAName,LTLACode,Time,Aggregation,Price
Birmingham,J01000007,Birmingham,E08000025,2019-03,Mean,213444
Birmingham,J01000007,Birmingham,E08000025,2019-06,Mean,214388
Birmingham,J01000007,Birmingham,E08000025,2019-09,Mean,214843
Birmingham,J01000007,Birmingham,E08000025,2019-12,Mean,213963
Birmingham,J01000007,Birmingham,E08000025,2020-03,Mean,215975
Birmingham,J01000007,Birmingham,E08000025,2020-06,Mean,217770
Birmingham,J01000007,Birmingham,E08000025,2020-09,Mean,220599
Birmingham,J01000007,Birmingham,E08000025,2020-12,Mean,230274
Birmingham,J01000007,Birmingham,E08000025,2021-03,Mean,242134
Birmingham,J01000007,Birmingham,E08000025,2021-06,Mean,250291
Birmingham,J01000007,Birmingham,E08000025,2021-09,Mean,251050
Birmingham,J01000007,Birmingham,E08000025,2021-12,Mean,252239
Birmingham,J01000007,Birmingham,E08000025,2022-03,Mean,249485
Birmingham,J01000007,Birmingham,E08000025,2019-03,Median,178000
Birmingham,J01000007,Birmingham,E08000025,2019-06,Median,180000
Birmingham,J01000007,Birmingham,E08000025,2019-09,Median,180000
Birmingham,J01000007,Birmingham,E08000025,2019-12,Median,180000
Birmingham,J01000007,Birmingham,E08000025,2020-03,Median,182995
Birmingham,J01000007,Birmingham,E08000025,2020-06,Median,185000
Birmingham,J01000007,Birmingham,E08000025,2020-09,Median,187500
Birmingham,J01000007,Birmingham,E08000025,2020-12,Median,194000
Birmingham,J01000007,Birmingham,E08000025,2021-03,Median,200000
Birmingham,J01000007,Birmingham,E08000025,2021-06,Median,208000
Birmingham,J01000007,Birmingham,E08000025,2021-09,Median,210000
Birmingham,J01000007,Birmingham,E08000025,2021-12,Median,210000
Birmingham,J01000007,Birmingham,E08000025,2022-03,Median,210000
Bradford,J01000013,Bradford,E08000032,2019-03,Mean,169152
Bradford,J01000013,Bradford,E08000032,2019-06,Mean,170658
Bradford,J01000013,Bradford,E08000032,2019-09,Mean,170383
Bradford,J01000013,Bradford,E08000032,2019-12,Mean,171544
Bradford,J01000013,Bradford,E08000032,2020-03,Mean,172913
Bradford,J01000013,Bradford,E08000032,2020-06,Mean,170798
Bradford,J01000013,Bradford,E08000032,2020-09,Mean,174301
Bradford,J01000013,Bradford,E08000032,2020-12,Mean,181518
Bradford,J01000013,Bradford,E08000032,2021-03,Mean,190059
Bradford,J01000013,Bradford,E08000032,2021-06,Mean,196548
Bradford,J01000013,Bradford,E08000032,2021-09,Mean,194991
Bradford,J01000013,Bradford,E08000032,2021-12,Mean,192142
Bradford,J01000013,Bradford,E08000032,2022-03,Mean,189456
Bradford,J01000013,Bradford,E08000032,2019-03,Median,137000
Bradford,J01000013,Bradford,E08000032,2019-06,Median,139950
Bradford,J01000013,Bradford,E08000032,2019-09,Median,138000
Bradford,J01000013,Bradford,E08000032,2019-12,Median,139950
Bradford,J01000013,Bradford,E08000032,2020-03,Median,140000
Bradford,J01000013,Bradford,E08000032,2020-06,Median,138000
Bradford,J01000013,Bradford,E08000032,2020-09,Median,140000
Bradford,J01000013,Bradford,E08000032,2020-12,Median,146000
Bradford,J01000013,Bradford,E08000032,2021-03,Median,151000
Bradford,J01000013,Bradford,E08000032,2021-06,Median,155000
Bradford,J01000013,Bradford,E08000032,2021-09,Median,155000
Bradford,J01000013,Bradford,E08000032,2021-12,Median,150000
Bradford,J01000013,Bradford,E08000032,2022-03,Median,150000
Brighton & Hove,J01000014,Brighton and Hove,E06000043,2019-03,Mean,407360
Brighton & Hove,J01000014,Brighton and Hove,E06000043,2019-06,Mean,410697
Brighton & Hove,J01000014,Brighton and Hove,E06000043,2019-09,Mean,414660
Brighton & Hove,J01000014,Brighton and Hove,E06000043,2019-12,Mean,414315
Brighton & Hove,J01000014,Brighton and Hove,E06000043,2020-03,Mean,418718
Brighton & Hove,J01000014,Brighton and Hove,E06000043,2020-06,Mean,416140
Brighton & Hove,J01000014,Brighton and Hove,E06000043,2020-09,Mean,423796
Brighton & Hove,J01000014,Brighton and Hove,E06000043,2020-12,Mean,439798
Brighton & Hove,J01000014,Brighton and Hove,E06000043,2021-03,Mean,460708
Brighton & Hove,J01000014,Brighton and Hove,E06000043,2021-06,Mean,473274
Brighton & Hove,J01000014,Brighton and Hove,E06000043,2021-09,Mean,472631
Brighton & Hove,J01000014,Brighton and Hove,E06000043,2021-12,Mean,470258
Brighton & Hove,J01000014,Brighton and Hove,E06000043,2022-03,Mean,466462
Brighton & Hove,J01000014,Brighton and Hove,E06000043,2019-03,Median,355000
Brighton & Hove,J01000014,Brighton and Hove,E06000043,2019-06,Median,357500
Brighton & Hove,J01000014,Brighton and Hove,E06000043,2019-09,Median,360000
Brighton & Hove,J01000014,Brighton and Hove,E06000043,2019-12,Median,353000
Brighton & Hove,J01000014,Brighton and Hove,E06000043,2020-03,Median,357625
Brighton & Hove,J01000014,Brighton and Hove,E06000043,2020-06,Median,355000
Brighton & Hove,J01000014,Brighton and Hove,E06000043,2020-09,Median,360000
Brighton & Hove,J01000014,Brighton and Hove,E06000043,2020-12,Median,380000
Brighton & Hove,J01000014,Brighton and Hove,E06000043,2021-03,Median,400000
Brighton & Hove,J01000014,Brighton and Hove,E06000043,2021-06,Median,412000
Brighton & Hove,J01000014,Brighton and Hove,E06000043,2021-09,Median,409250
Brighton & Hove,J01000014,Brighton and Hove,E06000043,2021-12,Median,403345
Brighton & Hove,J01000014,Brighton and Hove,E06000043,2022-03,Median,392556
Bristol,J01000015,"Bristol, City of",E06000023,2019-03,Mean,310276
Bristol,J01000015,"Bristol, City of",E06000023,2019-06,Mean,312164
Bristol,J01000015,"Bristol, City of",E06000023,2019-09,Mean,314428
Bristol,J01000015,"Bristol, City of",E06000023,2019-12,Mean,317018
Bristol,J01000015,"Bristol, City of",E06000023,2020-03,Mean,319358
Bristol,J01000015,"Bristol, City of",E06000023,2020-06,Mean,324986
Bristol,J01000015,"Bristol, City of",E06000023,2020-09,Mean,330866
Bristol,J01000015,"Bristol, City of",E06000023,2020-12,Mean,344306
Bristol,J01000015,"Bristol, City of",E06000023,2021-03,Mean,360907
Bristol,J01000015,"Bristol, City of",E06000023,2021-06,Mean,367642
Bristol,J01000015,"Bristol, City of",E06000023,2021-09,Mean,364794
Bristol,J01000015,"Bristol, City of",E06000023,2021-12,Mean,366613
Bristol,J01000015,"Bristol, City of",E06000023,2022-03,Mean,366732
Bristol,J01000015,"Bristol, City of",E06000023,2019-03,Median,265860
Bristol,J01000015,"Bristol, City of",E06000023,2019-06,Median,266995
Bristol,J01000015,"Bristol, City of",E06000023,2019-09,Median,269000
Bristol,J01000015,"Bristol, City of",E06000023,2019-12,Median,270000
Bristol,J01000015,"Bristol, City of",E06000023,2020-03,Median,271125
Bristol,J01000015,"Bristol, City of",E06000023,2020-06,Median,275000
Bristol,J01000015,"Bristol, City of",E06000023,2020-09,Median,280000
Bristol,J01000015,"Bristol, City of",E06000023,2020-12,Median,290000
Bristol,J01000015,"Bristol, City of",E06000023,2021-03,Median,305550
Bristol,J01000015,"Bristol, City of",E06000023,2021-06,Median,315000
Bristol,J01000015,"Bristol, City of",E06000023,2021-09,Median,315000
Bristol,J01000015,"Bristol, City of",E06000023,2021-12,Median,315000
Bristol,J01000015,"Bristol, City of",E06000023,2022-03,Median,313360
Cambridge,J01000019,Cambridge,E07000008,2019-03,Mean,527152
Cambridge,J01000019,Cambridge,E07000008,2019-06,Mean,523880
Cambridge,J01000019,Cambridge,E07000008,2019-09,Mean,518278
Cambridge,J01000019,Cambridge,E07000008,2019-12,Mean,517219
Cambridge,J01000019,Cambridge,E07000008,2020-03,Mean,514480
Cambridge,J01000019,Cambridge,E07000008,2020-06,Mean,504871
Cambridge,J01000019,Cambridge,E07000008,2020-09,Mean,522597
Cambridge,J01000019,Cambridge,E07000008,2020-12,Mean,520207
Cambridge,J01000019,Cambridge,E07000008,2021-03,Mean,533926
Cambridge,J01000019,Cambridge,E07000008,2021-06,Mean,543995
Cambridge,J01000019,Cambridge,E07000008,2021-09,Mean,547815
Cambridge,J01000019,Cambridge,E07000008,2021-12,Mean,552462
Cambridge,J01000019,Cambridge,E07000008,2022-03,Mean,557737
Cambridge,J01000019,Cambridge,E07000008,2019-03,Median,435000
Cambridge,J01000019,Cambridge,E07000008,2019-06,Median,437500
Cambridge,J01000019,Cambridge,E07000008,2019-09,Median,435000
Cambridge,J01000019,Cambridge,E07000008,2019-12,Median,435000
Cambridge,J01000019,Cambridge,E07000008,2020-03,Median,426000
Cambridge,J01000019,Cambridge,E07000008,2020-06,Median,425000
Cambridge,J01000019,Cambridge,E07000008,2020-09,Median,435000
Cambridge,J01000019,Cambridge,E07000008,2020-12,Median,440000
Cambridge,J01000019,Cambridge,E07000008,2021-03,Median,450000
Cambridge,J01000019,Cambridge,E07000008,2021-06,Median,450000
Cambridge,J01000019,Cambridge,E07000008,2021-09,Median,450000
Cambridge,J01000019,Cambridge,E07000008,2021-12,Median,450000
Cambridge,J01000019,Cambridge,E07000008,2022-03,Median,455000
Carlisle,J01000021,Carlisle,E07000028,2019-03,Mean,165853
Carlisle,J01000021,Carlisle,E07000028,2019-06,Mean,165075
Carlisle,J01000021,Carlisle,E07000028,2019-09,Mean,164353
Carlisle,J01000021,Carlisle,E07000028,2019-12,Mean,164321
Carlisle,J01000021,Carlisle,E07000028,2020-03,Mean,163311
Carlisle,J01000021,Carlisle,E07000028,2020-06,Mean,164985
Carlisle,J01000021,Carlisle,E07000028,2020-09,Mean,166084
Carlisle,J01000021,Carlisle,E07000028,2020-12,Mean,173437
Carlisle,J01000021,Carlisle,E07000028,2021-03,Mean,179636
Carlisle,J01000021,Carlisle,E07000028,2021-06,Mean,180842
Carlisle,J01000021,Carlisle,E07000028,2021-09,Mean,180462
Carlisle,J01000021,Carlisle,E07000028,2021-12,Mean,175927
Carlisle,J01000021,Carlisle,E07000028,2022-03,Mean,171758
Carlisle,J01000021,Carlisle,E07000028,2019-03,Median,142000
Carlisle,J01000021,Carlisle,E07000028,2019-06,Median,143800
Carlisle,J01000021,Carlisle,E07000028,2019-09,Median,145000
Carlisle,J01000021,Carlisle,E07000028,2019-12,Median,145000
Carlisle,J01000021,Carlisle,E07000028,2020-03,Median,145000
Carlisle,J01000021,Carlisle,E07000028,2020-06,Median,144998
Carlisle,J01000021,Carlisle,E07000028,2020-09,Median,145000
Carlisle,J01000021,Carlisle,E07000028,2020-12,Median,152000
Carlisle,J01000021,Carlisle,E07000028,2021-03,Median,156000
Carlisle,J01000021,Carlisle,E07000028,2021-06,Median,156000
Carlisle,J01000021,Carlisle,E07000028,2021-09,Median,155000
Carlisle,J01000021,Carlisle,E07000028,2021-12,Median,147500
Carlisle,J01000021,Carlisle,E07000028,2022-03,Median,143550
Coventry,J01000028,Coventry,E08000026,2019-03,Mean,200353
Coventry,J01000028,Coventry,E08000026,2019-06,Mean,201114
Coventry,J01000028,Coventry,E08000026,2019-09,Mean,202751
Coventry,J01000028,Coventry,E08000026,2019-12,Mean,202600
Coventry,J01000028,Coventry,E08000026,2020-03,Mean,204151
Coventry,J01000028,Coventry,E08000026,2020-06,Mean,205389
Coventry,J01000028,Coventry,E08000026,2020-09,Mean,205948
Coventry,J01000028,Coventry,E08000026,2020-12,Mean,210664
Coventry,J01000028,Coventry,E08000026,2021-03,Mean,218472
Coventry,J01000028,Coventry,E08000026,2021-06,Mean,223678
Coventry,J01000028,Coventry,E08000026,2021-09,Mean,226360
Coventry,J01000028,Coventry,E08000026,2021-12,Mean,227539
Coventry,J01000028,Coventry,E08000026,2022-03,Mean,227278
Coventry,J01000028,Coventry,E08000026,2019-03,Median,180000
Coventry,J01000028,Coventry,E08000026,2019-06,Median,180000
Coventry,J01000028,Coventry,E08000026,2019-09,Median,181998
Coventry,J01000028,Coventry,E08000026,2019-12,Median,181998
Coventry,J01000028,Coventry,E08000026,2020-03,Median,183000
Coventry,J01000028,Coventry,E08000026,2020-06,Median,184000
Coventry,J01000028,Coventry,E08000026,2020-09,Median,185000
Coventry,J01000028,Coventry,E08000026,2020-12,Median,187000
Coventry,J01000028,Coventry,E08000026,2021-03,Median,192000
Coventry,J01000028,Coventry,E08000026,2021-06,Median,196500
Coventry,J01000028,Coventry,E08000026,2021-09,Median,200000
Coventry,J01000028,Coventry,E08000026,2021-12,Median,205000
Coventry,J01000028,Coventry,E08000026,2022-03,Median,205000
Derby,J01000031,Derby,E06000015,2019-03,Mean,181029
Derby,J01000031,Derby,E06000015,2019-06,Mean,185841
Derby,J01000031,Derby,E06000015,2019-09,Mean,186193
Derby,J01000031,Derby,E06000015,2019-12,Mean,189973
Derby,J01000031,Derby,E06000015,2020-03,Mean,190646
Derby,J01000031,Derby,E06000015,2020-06,Mean,189030
Derby,J01000031,Derby,E06000015,2020-09,Mean,191026
Derby,J01000031,Derby,E06000015,2020-12,Mean,195930
Derby,J01000031,Derby,E06000015,2021-03,Mean,205778
Derby,J01000031,Derby,E06000015,2021-06,Mean,211200
Derby,J01000031,Derby,E06000015,2021-09,Mean,211067
Derby,J01000031,Derby,E06000015,2021-12,Mean,209789
Derby,J01000031,Derby,E06000015,2022-03,Mean,207734
Derby,J01000031,Derby,E06000015,2019-03,Median,159950
Derby,J01000031,Derby,E06000015,2019-06,Median,165000
Derby,J01000031,Derby,E06000015,2019-09,Median,165000
Derby,J01000031,Derby,E06000015,2019-12,Median,170000
Derby,J01000031,Derby,E06000015,2020-03,Median,170000
Derby,J01000031,Derby,E06000015,2020-06,Median,170000
Derby,J01000031,Derby,E06000015,2020-09,Median,170000
Derby,J01000031,Derby,E06000015,2020-12,Median,172500
Derby,J01000031,Derby,E06000015,2021-03,Median,180000
Derby,J01000031,Derby,E06000015,2021-06,Median,184975
Derby,J01000031,Derby,E06000015,2021-09,Median,185000
Derby,J01000031,Derby,E06000015,2021-12,Median,185000
Derby,J01000031,Derby,E06000015,2022-03,Median,182750
Doncaster,J01000032,Doncaster,E08000017,2019-03,Mean,149862
Doncaster,J01000032,Doncaster,E08000017,2019-06,Mean,150461
Doncaster,J01000032,Doncaster,E08000017,2019-09,Mean,152445
Doncaster,J01000032,Doncaster,E08000017,2019-12,Mean,153715
Doncaster,J01000032,Doncaster,E08000017,2020-03,Mean,155668
Doncaster,J01000032,Doncaster,E08000017,2020-06,Mean,155765
Doncaster,J01000032,Doncaster,E08000017,2020-09,Mean,159145
Doncaster,J01000032,Doncaster,E08000017,2020-12,Mean,162637
Doncaster,J01000032,Doncaster,E08000017,2021-03,Mean,170601
Doncaster,J01000032,Doncaster,E08000017,2021-06,Mean,177474
Doncaster,J01000032,Doncaster,E08000017,2021-09,Mean,177779
Doncaster,J01000032,Doncaster,E08000017,2021-12,Mean,177279
Doncaster,J01000032,Doncaster,E08000017,2022-03,Mean,175030
Doncaster,J01000032,Doncaster,E08000017,2019-03,Median,130000
Doncaster,J01000032,Doncaster,E08000017,2019-06,Median,130000
Doncaster,J01000032,Doncaster,E08000017,2019-09,Median,131500
Doncaster,J01000032,Doncaster,E08000017,2019-12,Median,133000
Doncaster,J01000032,Doncaster,E08000017,2020-03,Median,135000
Doncaster,J01000032,Doncaster,E08000017,2020-06,Median,135000
Doncaster,J01000032,Doncaster,E08000017,2020-09,Median,138000
Doncaster,J01000032,Doncaster,E08000017,2020-12,Median,140000
Doncaster,J01000032,Doncaster,E08000017,2021-03,Median,145248
Doncaster,J01000032,Doncaster,E08000017,2021-06,Median,150000
Doncaster,J01000032,Doncaster,E08000017,2021-09,Median,151000
Doncaster,J01000032,Doncaster,E08000017,2021-12,Median,151000
Doncaster,J01000032,Doncaster,E08000017,2022-03,Median,150000
Exeter,J01000035,Exeter,E07000041,2019-03,Mean,277487
Exeter,J01000035,Exeter,E07000041,2019-06,Mean,280969
Exeter,J01000035,Exeter,E07000041,2019-09,Mean,285066
Exeter,J01000035,Exeter,E07000041,2019-12,Mean,287419
Exeter,J01000035,Exeter,E07000041,2020-03,Mean,293126
Exeter,J01000035,Exeter,E07000041,2020-06,Mean,293313
Exeter,J01000035,Exeter,E07000041,2020-09,Mean,295970
Exeter,J01000035,Exeter,E07000041,2020-12,Mean,298749
Exeter,J01000035,Exeter,E07000041,2021-03,Mean,304539
Exeter,J01000035,Exeter,E07000041,2021-06,Mean,314618
Exeter,J01000035,Exeter,E07000041,2021-09,Mean,313305
Exeter,J01000035,Exeter,E07000041,2021-12,Mean,313455
Exeter,J01000035,Exeter,E07000041,2022-03,Mean,321802
Exeter,J01000035,Exeter,E07000041,2019-03,Median,250000
Exeter,J01000035,Exeter,E07000041,2019-06,Median,250000
Exeter,J01000035,Exeter,E07000041,2019-09,Median,249950
Exeter,J01000035,Exeter,E07000041,2019-12,Median,249995
Exeter,J01000035,Exeter,E07000041,2020-03,Median,250000
Exeter,J01000035,Exeter,E07000041,2020-06,Median,250000
Exeter,J01000035,Exeter,E07000041,2020-09,Median,259000
Exeter,J01000035,Exeter,E07000041,2020-12,Median,264700
Exeter,J01000035,Exeter,E07000041,2021-03,Median,274000
Exeter,J01000035,Exeter,E07000041,2021-06,Median,280000
Exeter,J01000035,Exeter,E07000041,2021-09,Median,277000
Exeter,J01000035,Exeter,E07000041,2021-12,Median,275000
Exeter,J01000035,Exeter,E07000041,2022-03,Median,275000
Leeds,J01000051,Leeds,E08000035,2019-03,Mean,212864
Leeds,J01000051,Leeds,E08000035,2019-06,Mean,213424
Leeds,J01000051,Leeds,E08000035,2019-09,Mean,214162
Leeds,J01000051,Leeds,E08000035,2019-12,Mean,218603
Leeds,J01000051,Leeds,E08000035,2020-03,Mean,222153
Leeds,J01000051,Leeds,E08000035,2020-06,Mean,224804
Leeds,J01000051,Leeds,E08000035,2020-09,Mean,230143
Leeds,J01000051,Leeds,E08000035,2020-12,Mean,238897
Leeds,J01000051,Leeds,E08000035,2021-03,Mean,250634
Leeds,J01000051,Leeds,E08000035,2021-06,Mean,259362
Leeds,J01000051,Leeds,E08000035,2021-09,Mean,258148
Leeds,J01000051,Leeds,E08000035,2021-12,Mean,259148
Leeds,J01000051,Leeds,E08000035,2022-03,Mean,254950
Leeds,J01000051,Leeds,E08000035,2019-03,Median,177500
Leeds,J01000051,Leeds,E08000035,2019-06,Median,179000
Leeds,J01000051,Leeds,E08000035,2019-09,Median,180000
Leeds,J01000051,Leeds,E08000035,2019-12,Median,184973
Leeds,J01000051,Leeds,E08000035,2020-03,Median,187000
Leeds,J01000051,Leeds,E08000035,2020-06,Median,189950
Leeds,J01000051,Leeds,E08000035,2020-09,Median,194000
Leeds,J01000051,Leeds,E08000035,2020-12,Median,200000
Leeds,J01000051,Leeds,E08000035,2021-03,Median,210000
Leeds,J01000051,Leeds,E08000035,2021-06,Median,220000
Leeds,J01000051,Leeds,E08000035,2021-09,Median,220000
Leeds,J01000051,Leeds,E08000035,2021-12,Median,217000
Leeds,J01000051,Leeds,E08000035,2022-03,Median,215000
Leicester,J01000052,Leicester,E06000016,2019-03,Mean,192005
Leicester,J01000052,Leicester,E06000016,2019-06,Mean,195552
Leicester,J01000052,Leicester,E06000016,2019-09,Mean,197671
Leicester,J01000052,Leicester,E06000016,2019-12,Mean,196995
Leicester,J01000052,Leicester,E06000016,2020-03,Mean,200857
Leicester,J01000052,Leicester,E06000016,2020-06,Mean,199537
Leicester,J01000052,Leicester,E06000016,2020-09,Mean,202564
Leicester,J01000052,Leicester,E06000016,2020-12,Mean,212048
Leicester,J01000052,Leicester,E06000016,2021-03,Mean,222784
Leicester,J01000052,Leicester,E06000016,2021-06,Mean,232905
Leicester,J01000052,Leicester,E06000016,2021-09,Mean,232973
Leicester,J01000052,Leicester,E06000016,2021-12,Mean,234215
Leicester,J01000052,Leicester,E06000016,2022-03,Mean,234392
Leicester,J01000052,Leicester,E06000016,2019-03,Median,173000
Leicester,J01000052,Leicester,E06000016,2019-06,Median,175000
Leicester,J01000052,Leicester,E06000016,2019-09,Median,177000
Leicester,J01000052,Leicester,E06000016,2019-12,Median,177000
Leicester,J01000052,Leicester,E06000016,2020-03,Median,180000
Leicester,J01000052,Leicester,E06000016,2020-06,Median,180000
Leicester,J01000052,Leicester,E06000016,2020-09,Median,183000
Leicester,J01000052,Leicester,E06000016,2020-12,Median,190000
Leicester,J01000052,Leicester,E06000016,2021-03,Median,200000
Leicester,J01000052,Leicester,E06000016,2021-06,Median,207000
Leicester,J01000052,Leicester,E06000016,2021-09,Median,210000
Leicester,J01000052,Leicester,E06000016,2021-12,Median,215000
Leicester,J01000052,Leicester,E06000016,2022-03,Median,217000
Lincoln,J01000053,Lincoln,E07000138,2019-03,Mean,169455
Lincoln,J01000053,Lincoln,E07000138,2019-06,Mean,173096
Lincoln,J01000053,Lincoln,E07000138,2019-09,Mean,173980
Lincoln,J01000053,Lincoln,E07000138,2019-12,Mean,173798
Lincoln,J01000053,Lincoln,E07000138,2020-03,Mean,173594
Lincoln,J01000053,Lincoln,E07000138,2020-06,Mean,174553
Lincoln,J01000053,Lincoln,E07000138,2020-09,Mean,176190
Lincoln,J01000053,Lincoln,E07000138,2020-12,Mean,185203
Lincoln,J01000053,Lincoln,E07000138,2021-03,Mean,189523
Lincoln,J01000053,Lincoln,E07000138,2021-06,Mean,197964
Lincoln,J01000053,Lincoln,E07000138,2021-09,Mean,199866
Lincoln,J01000053,Lincoln,E07000138,2021-12,Mean,197881
Lincoln,J01000053,Lincoln,E07000138,2022-03,Mean,199376
Lincoln,J01000053,Lincoln,E07000138,2019-03,Median,152500
Lincoln,J01000053,Lincoln,E07000138,2019-06,Median,155000
Lincoln,J01000053,Lincoln,E07000138,2019-09,Median,152500
Lincoln,J01000053,Lincoln,E07000138,2019-12,Median,155000
Lincoln,J01000053,Lincoln,E07000138,2020-03,Median,155000
Lincoln,J01000053,Lincoln,E07000138,2020-06,Median,155000
Lincoln,J01000053,Lincoln,E07000138,2020-09,Median,159950
Lincoln,J01000053,Lincoln,E07000138,2020-12,Median,160000
Lincoln,J01000053,Lincoln,E07000138,2021-03,Median,165000
Lincoln,J01000053,Lincoln,E07000138,2021-06,Median,170000
Lincoln,J01000053,Lincoln,E07000138,2021-09,Median,172000
Lincoln,J01000053,Lincoln,E07000138,2021-12,Median,172000
Lincoln,J01000053,Lincoln,E07000138,2022-03,Median,175000
Liverpool,J01000054,Liverpool,E08000012,2019-03,Mean,150162
Liverpool,J01000054,Liverpool,E08000012,2019-06,Mean,150597
Liverpool,J01000054,Liverpool,E08000012,2019-09,Mean,150891
Liverpool,J01000054,Liverpool,E08000012,2019-12,Mean,152042
Liverpool,J01000054,Liverpool,E08000012,2020-03,Mean,153558
Liverpool,J01000054,Liverpool,E08000012,2020-06,Mean,155016
Liverpool,J01000054,Liverpool,E08000012,2020-09,Mean,158635
Liverpool,J01000054,Liverpool,E08000012,2020-12,Mean,168559
Liverpool,J01000054,Liverpool,E08000012,2021-03,Mean,180392
Liverpool,J01000054,Liverpool,E08000012,2021-06,Mean,189753
Liverpool,J01000054,Liverpool,E08000012,2021-09,Mean,191159
Liverpool,J01000054,Liverpool,E08000012,2021-12,Mean,189245
Liverpool,J01000054,Liverpool,E08000012,2022-03,Mean,187992
Liverpool,J01000054,Liverpool,E08000012,2019-03,Median,125000
Liverpool,J01000054,Liverpool,E08000012,2019-06,Median,125728
Liverpool,J01000054,Liverpool,E08000012,2019-09,Median,126995
Liverpool,J01000054,Liverpool,E08000012,2019-12,Median,128000
Liverpool,J01000054,Liverpool,E08000012,2020-03,Median,130000
Liverpool,J01000054,Liverpool,E08000012,2020-06,Median,130000
Liverpool,J01000054,Liverpool,E08000012,2020-09,Median,130995
Liverpool,J01000054,Liverpool,E08000012,2020-12,Median,139000
Liverpool,J01000054,Liverpool,E08000012,2021-03,Median,149003
Liverpool,J01000054,Liverpool,E08000012,2021-06,Median,155000
Liverpool,J01000054,Liverpool,E08000012,2021-09,Median,157000
Liverpool,J01000054,Liverpool,E08000012,2021-12,Median,155000
Liverpool,J01000054,Liverpool,E08000012,2022-03,Median,150750
Manchester,J01000058,Manchester,E08000003,2019-03,Mean,207429
Manchester,J01000058,Manchester,E08000003,2019-06,Mean,210674
Manchester,J01000058,Manchester,E08000003,2019-09,Mean,211897
Manchester,J01000058,Manchester,E08000003,2019-12,Mean,213076
Manchester,J01000058,Manchester,E08000003,2020-03,Mean,218594
Manchester,J01000058,Manchester,E08000003,2020-06,Mean,219733
Manchester,J01000058,Manchester,E08000003,2020-09,Mean,225014
Manchester,J01000058,Manchester,E08000003,2020-12,Mean,235525
Manchester,J01000058,Manchester,E08000003,2021-03,Mean,245014
Manchester,J01000058,Manchester,E08000003,2021-06,Mean,252122
Manchester,J01000058,Manchester,E08000003,2021-09,Mean,254437
Manchester,J01000058,Manchester,E08000003,2021-12,Mean,254656
Manchester,J01000058,Manchester,E08000003,2022-03,Mean,250518
Manchester,J01000058,Manchester,E08000003,2019-03,Median,175000
Manchester,J01000058,Manchester,E08000003,2019-06,Median,177026
Manchester,J01000058,Manchester,E08000003,2019-09,Median,180000
Manchester,J01000058,Manchester,E08000003,2019-12,Median,181000
Manchester,J01000058,Manchester,E08000003,2020-03,Median,187000
Manchester,J01000058,Manchester,E08000003,2020-06,Median,190000
Manchester,J01000058,Manchester,E08000003,2020-09,Median,195000
Manchester,J01000058,Manchester,E08000003,2020-12,Median,205995
Manchester,J01000058,Manchester,E08000003,2021-03,Median,213000
Manchester,J01000058,Manchester,E08000003,2021-06,Median,219975
Manchester,J01000058,Manchester,E08000003,2021-09,Median,218000
Manchester,J01000058,Manchester,E08000003,2021-12,Median,216000
Manchester,J01000058,Manchester,E08000003,2022-03,Median,213000
Newcastle-upon-Tyne,J01000062,Newcastle upon Tyne,E08000021,2019-03,Mean,192845
Newcastle-upon-Tyne,J01000062,Newcastle upon Tyne,E08000021,2019-06,Mean,192918
Newcastle-upon-Tyne,J01000062,Newcastle upon Tyne,E08000021,2019-09,Mean,198555
Newcastle-upon-Tyne,J01000062,Newcastle upon Tyne,E08000021,2019-12,Mean,198487
Newcastle-upon-Tyne,J01000062,Newcastle upon Tyne,E08000021,2020-03,Mean,198706
Newcastle-upon-Tyne,J01000062,Newcastle upon Tyne,E08000021,2020-06,Mean,199918
Newcastle-upon-Tyne,J01000062,Newcastle upon Tyne,E08000021,2020-09,Mean,202622
Newcastle-upon-Tyne,J01000062,Newcastle upon Tyne,E08000021,2020-12,Mean,210438
Newcastle-upon-Tyne,J01000062,Newcastle upon Tyne,E08000021,2021-03,Mean,223529
Newcastle-upon-Tyne,J01000062,Newcastle upon Tyne,E08000021,2021-06,Mean,229231
Newcastle-upon-Tyne,J01000062,Newcastle upon Tyne,E08000021,2021-09,Mean,224632
Newcastle-upon-Tyne,J01000062,Newcastle upon Tyne,E08000021,2021-12,Mean,222997
Newcastle-upon-Tyne,J01000062,Newcastle upon Tyne,E08000021,2022-03,Mean,216832
Newcastle-upon-Tyne,J01000062,Newcastle upon Tyne,E08000021,2019-03,Median,161500
Newcastle-upon-Tyne,J01000062,Newcastle upon Tyne,E08000021,2019-06,Median,160500
Newcastle-upon-Tyne,J01000062,Newcastle upon Tyne,E08000021,2019-09,Median,164995
Newcastle-upon-Tyne,J01000062,Newcastle upon Tyne,E08000021,2019-12,Median,164995
Newcastle-upon-Tyne,J01000062,Newcastle upon Tyne,E08000021,2020-03,Median,162500
Newcastle-upon-Tyne,J01000062,Newcastle upon Tyne,E08000021,2020-06,Median,164000
Newcastle-upon-Tyne,J01000062,Newcastle upon Tyne,E08000021,2020-09,Median,165000
Newcastle-upon-Tyne,J01000062,Newcastle upon Tyne,E08000021,2020-12,Median,172000
Newcastle-upon-Tyne,J01000062,Newcastle upon Tyne,E08000021,2021-03,Median,183000
Newcastle-upon-Tyne,J01000062,Newcastle upon Tyne,E08000021,2021-06,Median,186000
Newcastle-upon-Tyne,J01000062,Newcastle upon Tyne,E08000021,2021-09,Median,184000
Newcastle-upon-Tyne,J01000062,Newcastle upon Tyne,E08000021,2021-12,Median,179995
Newcastle-upon-Tyne,J01000062,Newcastle upon Tyne,E08000021,2022-03,Median,175000
Norwich,J01000066,Norwich,E07000148,2019-03,Mean,222573
Norwich,J01000066,Norwich,E07000148,2019-06,Mean,222878
Norwich,J01000066,Norwich,E07000148,2019-09,Mean,223903
Norwich,J01000066,Norwich,E07000148,2019-12,Mean,227748
Norwich,J01000066,Norwich,E07000148,2020-03,Mean,228971
Norwich,J01000066,Norwich,E07000148,2020-06,Mean,230866
Norwich,J01000066,Norwich,E07000148,2020-09,Mean,232752
Norwich,J01000066,Norwich,E07000148,2020-12,Mean,242453
Norwich,J01000066,Norwich,E07000148,2021-03,Mean,248584
Norwich,J01000066,Norwich,E07000148,2021-06,Mean,257186
Norwich,J01000066,Norwich,E07000148,2021-09,Mean,260723
Norwich,J01000066,Norwich,E07000148,2021-12,Mean,257545
Norwich,J01000066,Norwich,E07000148,2022-03,Mean,256463
Norwich,J01000066,Norwich,E07000148,2019-03,Median,194750
Norwich,J01000066,Norwich,E07000148,2019-06,Median,190000
Norwich,J01000066,Norwich,E07000148,2019-09,Median,192000
Norwich,J01000066,Norwich,E07000148,2019-12,Median,195000
Norwich,J01000066,Norwich,E07000148,2020-03,Median,195500
Norwich,J01000066,Norwich,E07000148,2020-06,Median,197500
Norwich,J01000066,Norwich,E07000148,2020-09,Median,197500
Norwich,J01000066,Norwich,E07000148,2020-12,Median,205000
Norwich,J01000066,Norwich,E07000148,2021-03,Median,210000
Norwich,J01000066,Norwich,E07000148,2021-06,Median,213000
Norwich,J01000066,Norwich,E07000148,2021-09,Median,218000
Norwich,J01000066,Norwich,E07000148,2021-12,Median,217500
Norwich,J01000066,Norwich,E07000148,2022-03,Median,219000
Nottingham,J01000067,Nottingham,E06000018,2019-03,Mean,166114
Nottingham,J01000067,Nottingham,E06000018,2019-06,Mean,167554
Nottingham,J01000067,Nottingham,E06000018,2019-09,Mean,167307
Nottingham,J01000067,Nottingham,E06000018,2019-12,Mean,165917
Nottingham,J01000067,Nottingham,E06000018,2020-03,Mean,167518
Nottingham,J01000067,Nottingham,E06000018,2020-06,Mean,169467
Nottingham,J01000067,Nottingham,E06000018,2020-09,Mean,175833
Nottingham,J01000067,Nottingham,E06000018,2020-12,Mean,185888
Nottingham,J01000067,Nottingham,E06000018,2021-03,Mean,193958
Nottingham,J01000067,Nottingham,E06000018,2021-06,Mean,199705
Nottingham,J01000067,Nottingham,E06000018,2021-09,Mean,203595
Nottingham,J01000067,Nottingham,E06000018,2021-12,Mean,201700
Nottingham,J01000067,Nottingham,E06000018,2022-03,Mean,200236
Nottingham,J01000067,Nottingham,E06000018,2019-03,Median,140000
Nottingham,J01000067,Nottingham,E06000018,2019-06,Median,140000
Nottingham,J01000067,Nottingham,E06000018,2019-09,Median,140000
Nottingham,J01000067,Nottingham,E06000018,2019-12,Median,140000
Nottingham,J01000067,Nottingham,E06000018,2020-03,Median,140000
Nottingham,J01000067,Nottingham,E06000018,2020-06,Median,143375
Nottingham,J01000067,Nottingham,E06000018,2020-09,Median,147925
Nottingham,J01000067,Nottingham,E06000018,2020-12,Median,153500
Nottingham,J01000067,Nottingham,E06000018,2021-03,Median,160000
Nottingham,J01000067,Nottingham,E06000018,2021-06,Median,162000
Nottingham,J01000067,Nottingham,E06000018,2021-09,Median,165000
Nottingham,J01000067,Nottingham,E06000018,2021-12,Median,166000
Nottingham,J01000067,Nottingham,E06000018,2022-03,Median,168000
Oxford,J01000070,Oxford,E07000178,2019-03,Mean,512525
Oxford,J01000070,Oxford,E07000178,2019-06,Mean,503768
Oxford,J01000070,Oxford,E07000178,2019-09,Mean,494682
Oxford,J01000070,Oxford,E07000178,2019-12,Mean,498174
Oxford,J01000070,Oxford,E07000178,2020-03,Mean,514471
Oxford,J01000070,Oxford,E07000178,2020-06,Mean,520464
Oxford,J01000070,Oxford,E07000178,2020-09,Mean,527208
Oxford,J01000070,Oxford,E07000178,2020-12,Mean,557024
Oxford,J01000070,Oxford,E07000178,2021-03,Mean,559647
Oxford,J01000070,Oxford,E07000178,2021-06,Mean,565325
Oxford,J01000070,Oxford,E07000178,2021-09,Mean,585141
Oxford,J01000070,Oxford,E07000178,2021-12,Mean,567446
Oxford,J01000070,Oxford,E07000178,2022-03,Mean,564287
Oxford,J01000070,Oxford,E07000178,2019-03,Median,399000
Oxford,J01000070,Oxford,E07000178,2019-06,Median,392500
Oxford,J01000070,Oxford,E07000178,2019-09,Median,390000
Oxford,J01000070,Oxford,E07000178,2019-12,Median,395000
Oxford,J01000070,Oxford,E07000178,2020-03,Median,395000
Oxford,J01000070,Oxford,E07000178,2020-06,Median,394000
Oxford,J01000070,Oxford,E07000178,2020-09,Median,400000
Oxford,J01000070,Oxford,E07000178,2020-12,Median,417500
Oxford,J01000070,Oxford,E07000178,2021-03,Median,420500
Oxford,J01000070,Oxford,E07000178,2021-06,Median,432000
Oxford,J01000070,Oxford,E07000178,2021-09,Median,430000
Oxford,J01000070,Oxford,E07000178,2021-12,Median,428750
Oxford,J01000070,Oxford,E07000178,2022-03,Median,430000
Plymouth,J01000072,Plymouth,E06000026,2019-03,Mean,197884
Plymouth,J01000072,Plymouth,E06000026,2019-06,Mean,198388
Plymouth,J01000072,Plymouth,E06000026,2019-09,Mean,199720
Plymouth,J01000072,Plymouth,E06000026,2019-12,Mean,200675
Plymouth,J01000072,Plymouth,E06000026,2020-03,Mean,201879
Plymouth,J01000072,Plymouth,E06000026,2020-06,Mean,202231
Plymouth,J01000072,Plymouth,E06000026,2020-09,Mean,205044
Plymouth,J01000072,Plymouth,E06000026,2020-12,Mean,208977
Plymouth,J01000072,Plymouth,E06000026,2021-03,Mean,215138
Plymouth,J01000072,Plymouth,E06000026,2021-06,Mean,219940
Plymouth,J01000072,Plymouth,E06000026,2021-09,Mean,221208
Plymouth,J01000072,Plymouth,E06000026,2021-12,Mean,219696
Plymouth,J01000072,Plymouth,E06000026,2022-03,Mean,219030
Plymouth,J01000072,Plymouth,E06000026,2019-03,Median,176000
Plymouth,J01000072,Plymouth,E06000026,2019-06,Median,177000
Plymouth,J01000072,Plymouth,E06000026,2019-09,Median,178000
Plymouth,J01000072,Plymouth,E06000026,2019-12,Median,179000
Plymouth,J01000072,Plymouth,E06000026,2020-03,Median,180000
Plymouth,J01000072,Plymouth,E06000026,2020-06,Median,180000
Plymouth,J01000072,Plymouth,E06000026,2020-09,Median,182250
Plymouth,J01000072,Plymouth,E06000026,2020-12,Median,185000
Plymouth,J01000072,Plymouth,E06000026,2021-03,Median,190000
Plymouth,J01000072,Plymouth,E06000026,2021-06,Median,195000
Plymouth,J01000072,Plymouth,E06000026,2021-09,Median,195000
Plymouth,J01000072,Plymouth,E06000026,2021-12,Median,195000
Plymouth,J01000072,Plymouth,E06000026,2022-03,Median,195000
Portsmouth,J01000074,Portsmouth,E06000044,2019-03,Mean,236231
Portsmouth,J01000074,Portsmouth,E06000044,2019-06,Mean,236852
Portsmouth,J01000074,Portsmouth,E06000044,2019-09,Mean,236477
Portsmouth,J01000074,Portsmouth,E06000044,2019-12,Mean,236789
Portsmouth,J01000074,Portsmouth,E06000044,2020-03,Mean,239171
Portsmouth,J01000074,Portsmouth,E06000044,2020-06,Mean,241382
Portsmouth,J01000074,Portsmouth,E06000044,2020-09,Mean,246345
Portsmouth,J01000074,Portsmouth,E06000044,2020-12,Mean,253929
Portsmouth,J01000074,Portsmouth,E06000044,2021-03,Mean,261657
Portsmouth,J01000074,Portsmouth,E06000044,2021-06,Mean,267171
Portsmouth,J01000074,Portsmouth,E06000044,2021-09,Mean,267824
Portsmouth,J01000074,Portsmouth,E06000044,2021-12,Mean,266169
Portsmouth,J01000074,Portsmouth,E06000044,2022-03,Mean,266401
Portsmouth,J01000074,Portsmouth,E06000044,2019-03,Median,212500
Portsmouth,J01000074,Portsmouth,E06000044,2019-06,Median,212000
Portsmouth,J01000074,Portsmouth,E06000044,2019-09,Median,210000
Portsmouth,J01000074,Portsmouth,E06000044,2019-12,Median,210000
Portsmouth,J01000074,Portsmouth,E06000044,2020-03,Median,212500
Portsmouth,J01000074,Portsmouth,E06000044,2020-06,Median,215000
Portsmouth,J01000074,Portsmouth,E06000044,2020-09,Median,218000
Portsmouth,J01000074,Portsmouth,E06000044,2020-12,Median,223000
Portsmouth,J01000074,Portsmouth,E06000044,2021-03,Median,230000
Portsmouth,J01000074,Portsmouth,E06000044,2021-06,Median,235000
Portsmouth,J01000074,Portsmouth,E06000044,2021-09,Median,235000
Portsmouth,J01000074,Portsmouth,E06000044,2021-12,Median,237000
Portsmouth,J01000074,Portsmouth,E06000044,2022-03,Median,239998
Preston,J01000075,Preston,E07000123,2019-03,Mean,169245
Preston,J01000075,Preston,E07000123,2019-06,Mean,171085
Preston,J01000075,Preston,E07000123,2019-09,Mean,174250
Preston,J01000075,Preston,E07000123,2019-12,Mean,176399
Preston,J01000075,Preston,E07000123,2020-03,Mean,175858
Preston,J01000075,Preston,E07000123,2020-06,Mean,174397
Preston,J01000075,Preston,E07000123,2020-09,Mean,175758
Preston,J01000075,Preston,E07000123,2020-12,Mean,180484
Preston,J01000075,Preston,E07000123,2021-03,Mean,189643
Preston,J01000075,Preston,E07000123,2021-06,Mean,193174
Preston,J01000075,Preston,E07000123,2021-09,Mean,193148
Preston,J01000075,Preston,E07000123,2021-12,Mean,188379
Preston,J01000075,Preston,E07000123,2022-03,Mean,182907
Preston,J01000075,Preston,E07000123,2019-03,Median,144500
Preston,J01000075,Preston,E07000123,2019-06,Median,143000
Preston,J01000075,Preston,E07000123,2019-09,Median,145000
Preston,J01000075,Preston,E07000123,2019-12,Median,150000
Preston,J01000075,Preston,E07000123,2020-03,Median,150000
Preston,J01000075,Preston,E07000123,2020-06,Median,148740
Preston,J01000075,Preston,E07000123,2020-09,Median,152000
Preston,J01000075,Preston,E07000123,2020-12,Median,152000
Preston,J01000075,Preston,E07000123,2021-03,Median,160000
Preston,J01000075,Preston,E07000123,2021-06,Median,160000
Preston,J01000075,Preston,E07000123,2021-09,Median,160000
Preston,J01000075,Preston,E07000123,2021-12,Median,158500
Preston,J01000075,Preston,E07000123,2022-03,Median,155000
Salford,J01000080,Salford,E08000006,2019-03,Mean,182482
Salford,J01000080,Salford,E08000006,2019-06,Mean,181273
Salford,J01000080,Salford,E08000006,2019-09,Mean,185746
Salford,J01000080,Salford,E08000006,2019-12,Mean,193659
Salford,J01000080,Salford,E08000006,2020-03,Mean,196828
Salford,J01000080,Salford,E08000006,2020-06,Mean,202234
Salford,J01000080,Salford,E08000006,2020-09,Mean,206662
Salford,J01000080,Salford,E08000006,2020-12,Mean,212011
Salford,J01000080,Salford,E08000006,2021-03,Mean,218703
Salford,J01000080,Salford,E08000006,2021-06,Mean,225808
Salford,J01000080,Salford,E08000006,2021-09,Mean,226883
Salford,J01000080,Salford,E08000006,2021-12,Mean,228002
Salford,J01000080,Salford,E08000006,2022-03,Mean,228308
Salford,J01000080,Salford,E08000006,2019-03,Median,160000
Salford,J01000080,Salford,E08000006,2019-06,Median,160000
Salford,J01000080,Salford,E08000006,2019-09,Median,164950
Salford,J01000080,Salford,E08000006,2019-12,Median,170500
Salford,J01000080,Salford,E08000006,2020-03,Median,173000
Salford,J01000080,Salford,E08000006,2020-06,Median,180000
Salford,J01000080,Salford,E08000006,2020-09,Median,185000
Salford,J01000080,Salford,E08000006,2020-12,Median,190000
Salford,J01000080,Salford,E08000006,2021-03,Median,197000
Salford,J01000080,Salford,E08000006,2021-06,Median,200000
Salford,J01000080,Salford,E08000006,2021-09,Median,202500
Salford,J01000080,Salford,E08000006,2021-12,Median,200000
Salford,J01000080,Salford,E08000006,2022-03,Median,200000
Sheffield,J01000082,Sheffield,E08000019,2019-03,Mean,196994
Sheffield,J01000082,Sheffield,E08000019,2019-06,Mean,195068
Sheffield,J01000082,Sheffield,E08000019,2019-09,Mean,195707
Sheffield,J01000082,Sheffield,E08000019,2019-12,Mean,199184
Sheffield,J01000082,Sheffield,E08000019,2020-03,Mean,201407
Sheffield,J01000082,Sheffield,E08000019,2020-06,Mean,205418
Sheffield,J01000082,Sheffield,E08000019,2020-09,Mean,208223
Sheffield,J01000082,Sheffield,E08000019,2020-12,Mean,209034
Sheffield,J01000082,Sheffield,E08000019,2021-03,Mean,221753
Sheffield,J01000082,Sheffield,E08000019,2021-06,Mean,228750
Sheffield,J01000082,Sheffield,E08000019,2021-09,Mean,229712
Sheffield,J01000082,Sheffield,E08000019,2021-12,Mean,233447
Sheffield,J01000082,Sheffield,E08000019,2022-03,Mean,226762
Sheffield,J01000082,Sheffield,E08000019,2019-03,Median,160000
Sheffield,J01000082,Sheffield,E08000019,2019-06,Median,159995
Sheffield,J01000082,Sheffield,E08000019,2019-09,Median,160000
Sheffield,J01000082,Sheffield,E08000019,2019-12,Median,162000
Sheffield,J01000082,Sheffield,E08000019,2020-03,Median,163528
Sheffield,J01000082,Sheffield,E08000019,2020-06,Median,165000
Sheffield,J01000082,Sheffield,E08000019,2020-09,Median,168500
Sheffield,J01000082,Sheffield,E08000019,2020-12,Median,168500
Sheffield,J01000082,Sheffield,E08000019,2021-03,Median,177500
Sheffield,J01000082,Sheffield,E08000019,2021-06,Median,181000
Sheffield,J01000082,Sheffield,E08000019,2021-09,Median,184000
Sheffield,J01000082,Sheffield,E08000019,2021-12,Median,185000
Sheffield,J01000082,Sheffield,E08000019,2022-03,Median,180000
Southampton,J01000087,Southampton,E06000045,2019-03,Mean,222735
Southampton,J01000087,Southampton,E06000045,2019-06,Mean,223119
Southampton,J01000087,Southampton,E06000045,2019-09,Mean,226984
Southampton,J01000087,Southampton,E06000045,2019-12,Mean,231279
Southampton,J01000087,Southampton,E06000045,2020-03,Mean,231392
Southampton,J01000087,Southampton,E06000045,2020-06,Mean,234194
Southampton,J01000087,Southampton,E06000045,2020-09,Mean,232943
Southampton,J01000087,Southampton,E06000045,2020-12,Mean,235635
Southampton,J01000087,Southampton,E06000045,2021-03,Mean,241785
Southampton,J01000087,Southampton,E06000045,2021-06,Mean,246358
Southampton,J01000087,Southampton,E06000045,2021-09,Mean,248834
Southampton,J01000087,Southampton,E06000045,2021-12,Mean,249404
Southampton,J01000087,Southampton,E06000045,2022-03,Mean,249479
Southampton,J01000087,Southampton,E06000045,2019-03,Median,210000
Southampton,J01000087,Southampton,E06000045,2019-06,Median,210000
Southampton,J01000087,Southampton,E06000045,2019-09,Median,215000
Southampton,J01000087,Southampton,E06000045,2019-12,Median,219500
Southampton,J01000087,Southampton,E06000045,2020-03,Median,219000
Southampton,J01000087,Southampton,E06000045,2020-06,Median,220000
Southampton,J01000087,Southampton,E06000045,2020-09,Median,220000
Southampton,J01000087,Southampton,E06000045,2020-12,Median,223250
Southampton,J01000087,Southampton,E06000045,2021-03,Median,225000
Southampton,J01000087,Southampton,E06000045,2021-06,Median,230000
Southampton,J01000087,Southampton,E06000045,2021-09,Median,233000
Southampton,J01000087,Southampton,E06000045,2021-12,Median,235000
Southampton,J01000087,Southampton,E06000045,2022-03,Median,238000
Southend-on-Sea,J01000088,Southend-on-Sea,E06000033,2019-03,Mean,321169
Southend-on-Sea,J01000088,Southend-on-Sea,E06000033,2019-06,Mean,325007
Southend-on-Sea,J01000088,Southend-on-Sea,E06000033,2019-09,Mean,325696
Southend-on-Sea,J01000088,Southend-on-Sea,E06000033,2019-12,Mean,323437
Southend-on-Sea,J01000088,Southend-on-Sea,E06000033,2020-03,Mean,324575
Southend-on-Sea,J01000088,Southend-on-Sea,E06000033,2020-06,Mean,329453
Southend-on-Sea,J01000088,Southend-on-Sea,E06000033,2020-09,Mean,329719
Southend-on-Sea,J01000088,Southend-on-Sea,E06000033,2020-12,Mean,340269
Southend-on-Sea,J01000088,Southend-on-Sea,E06000033,2021-03,Mean,358019
Southend-on-Sea,J01000088,Southend-on-Sea,E06000033,2021-06,Mean,366002
Southend-on-Sea,J01000088,Southend-on-Sea,E06000033,2021-09,Mean,365331
Southend-on-Sea,J01000088,Southend-on-Sea,E06000033,2021-12,Mean,366889
Southend-on-Sea,J01000088,Southend-on-Sea,E06000033,2022-03,Mean,364651
Southend-on-Sea,J01000088,Southend-on-Sea,E06000033,2019-03,Median,282000
Southend-on-Sea,J01000088,Southend-on-Sea,E06000033,2019-06,Median,285000
Southend-on-Sea,J01000088,Southend-on-Sea,E06000033,2019-09,Median,290000
Southend-on-Sea,J01000088,Southend-on-Sea,E06000033,2019-12,Median,285000
Southend-on-Sea,J01000088,Southend-on-Sea,E06000033,2020-03,Median,288000
Southend-on-Sea,J01000088,Southend-on-Sea,E06000033,2020-06,Median,292250
Southend-on-Sea,J01000088,Southend-on-Sea,E06000033,2020-09,Median,290000
Southend-on-Sea,J01000088,Southend-on-Sea,E06000033,2020-12,Median,300000
Southend-on-Sea,J01000088,Southend-on-Sea,E06000033,2021-03,Median,315000
Southend-on-Sea,J01000088,Southend-on-Sea,E06000033,2021-06,Median,325000
Southend-on-Sea,J01000088,Southend-on-Sea,E06000033,2021-09,Median,325000
Southend-on-Sea,J01000088,Southend-on-Sea,E06000033,2021-12,Median,325000
Southend-on-Sea,J01000088,Southend-on-Sea,E06000033,2022-03,Median,322000
Stoke on Trent,J01000095,Stoke-on-Trent,E06000021,2019-03,Mean,131605
Stoke on Trent,J01000095,Stoke-on-Trent,E06000021,2019-06,Mean,133313
Stoke on Trent,J01000095,Stoke-on-Trent,E06000021,2019-09,Mean,133137
Stoke on Trent,J01000095,Stoke-on-Trent,E06000021,2019-12,Mean,134415
Stoke on Trent,J01000095,Stoke-on-Trent,E06000021,2020-03,Mean,136198
Stoke on Trent,J01000095,Stoke-on-Trent,E06000021,2020-06,Mean,135470
Stoke on Trent,J01000095,Stoke-on-Trent,E06000021,2020-09,Mean,136834
Stoke on Trent,J01000095,Stoke-on-Trent,E06000021,2020-12,Mean,139658
Stoke on Trent,J01000095,Stoke-on-Trent,E06000021,2021-03,Mean,142591
Stoke on Trent,J01000095,Stoke-on-Trent,E06000021,2021-06,Mean,146599
Stoke on Trent,J01000095,Stoke-on-Trent,E06000021,2021-09,Mean,148411
Stoke on Trent,J01000095,Stoke-on-Trent,E06000021,2021-12,Mean,148011
Stoke on Trent,J01000095,Stoke-on-Trent,E06000021,2022-03,Mean,147751
Stoke on Trent,J01000095,Stoke-on-Trent,E06000021,2019-03,Median,117500
Stoke on Trent,J01000095,Stoke-on-Trent,E06000021,2019-06,Median,120000
Stoke on Trent,J01000095,Stoke-on-Trent,E06000021,2019-09,Median,120000
Stoke on Trent,J01000095,Stoke-on-Trent,E06000021,2019-12,Median,120000
Stoke on Trent,J01000095,Stoke-on-Trent,E06000021,2020-03,Median,122500
Stoke on Trent,J01000095,Stoke-on-Trent,E06000021,2020-06,Median,122000
Stoke on Trent,J01000095,Stoke-on-Trent,E06000021,2020-09,Median,124000
Stoke on Trent,J01000095,Stoke-on-Trent,E06000021,2020-12,Median,125250
Stoke on Trent,J01000095,Stoke-on-Trent,E06000021,2021-03,Median,128250
Stoke on Trent,J01000095,Stoke-on-Trent,E06000021,2021-06,Median,130000
Stoke on Trent,J01000095,Stoke-on-Trent,E06000021,2021-09,Median,134950
Stoke on Trent,J01000095,Stoke-on-Trent,E06000021,2021-12,Median,134000
Stoke on Trent,J01000095,Stoke-on-Trent,E06000021,2022-03,Median,134950
Sunderland,J01000096,Sunderland,E08000024,2019-03,Mean,142608
Sunderland,J01000096,Sunderland,E08000024,2019-06,Mean,142121
Sunderland,J01000096,Sunderland,E08000024,2019-09,Mean,143015
Sunderland,J01000096,Sunderland,E08000024,2019-12,Mean,144050
Sunderland,J01000096,Sunderland,E08000024,2020-03,Mean,143546
Sunderland,J01000096,Sunderland,E08000024,2020-06,Mean,142673
Sunderland,J01000096,Sunderland,E08000024,2020-09,Mean,144481
Sunderland,J01000096,Sunderland,E08000024,2020-12,Mean,147003
Sunderland,J01000096,Sunderland,E08000024,2021-03,Mean,155064
Sunderland,J01000096,Sunderland,E08000024,2021-06,Mean,159504
Sunderland,J01000096,Sunderland,E08000024,2021-09,Mean,159921
Sunderland,J01000096,Sunderland,E08000024,2021-12,Mean,158007
Sunderland,J01000096,Sunderland,E08000024,2022-03,Mean,154900
Sunderland,J01000096,Sunderland,E08000024,2019-03,Median,129950
Sunderland,J01000096,Sunderland,E08000024,2019-06,Median,129541
Sunderland,J01000096,Sunderland,E08000024,2019-09,Median,130000
Sunderland,J01000096,Sunderland,E08000024,2019-12,Median,130000
Sunderland,J01000096,Sunderland,E08000024,2020-03,Median,128000
Sunderland,J01000096,Sunderland,E08000024,2020-06,Median,125500
Sunderland,J01000096,Sunderland,E08000024,2020-09,Median,127000
Sunderland,J01000096,Sunderland,E08000024,2020-12,Median,128625
Sunderland,J01000096,Sunderland,E08000024,2021-03,Median,134000
Sunderland,J01000096,Sunderland,E08000024,2021-06,Median,137000
Sunderland,J01000096,Sunderland,E08000024,2021-09,Median,138000
Sunderland,J01000096,Sunderland,E08000024,2021-12,Median,135000
Sunderland,J01000096,Sunderland,E08000024,2022-03,Median,132000
York,J01000112,York,E06000014,2019-03,Mean,276474
York,J01000112,York,E06000014,2019-06,Mean,275270
York,J01000112,York,E06000014,2019-09,Mean,276598
York,J01000112,York,E06000014,2019-12,Mean,280256
York,J01000112,York,E06000014,2020-03,Mean,281944
York,J01000112,York,E06000014,2020-06,Mean,286310
York,J01000112,York,E06000014,2020-09,Mean,290532
York,J01000112,York,E06000014,2020-12,Mean,298446
York,J01000112,York,E06000014,2021-03,Mean,311543
York,J01000112,York,E06000014,2021-06,Mean,317723
York,J01000112,York,E06000014,2021-09,Mean,317404
York,J01000112,York,E06000014,2021-12,Mean,323683
York,J01000112,York,E06000014,2022-03,Mean,321628
York,J01000112,York,E06000014,2019-03,Median,240750
York,J01000112,York,E06000014,2019-06,Median,242000
York,J01000112,York,E06000014,2019-09,Median,243500
York,J01000112,York,E06000014,2019-12,Median,245000
York,J01000112,York,E06000014,2020-03,Median,247000
York,J01000112,York,E06000014,2020-06,Median,248000
York,J01000112,York,E06000014,2020-09,Median,250000
York,J01000112,York,E06000014,2020-12,Median,257000
York,J01000112,York,E06000014,2021-03,Median,269000
York,J01000112,York,E06000014,2021-06,Median,275000
York,J01000112,York,E06000014,2021-09,Median,275000
York,J01000112,York,E06000014,2021-12,Median,275000
York,J01000112,York,E06000014,2022-03,Median,275000
