CityName,CityCode,MSOAName,MSOACode,Population,PopulationDensity
Birmingham,J01000007,Birmingham 008,E02001834,6002.0,5621.67039951298
Birmingham,J01000007,Birmingham 011,E02001837,10327.0,6963.486491392728
Birmingham,J01000007,Birmingham 013,E02001839,6380.0,3456.926646701074
Birmingham,J01000007,Birmingham 014,E02001840,9544.0,6164.46602018302
Birmingham,J01000007,Birmingham 016,E02001842,7532.0,5305.765462622722
Birmingham,J01000007,Birmingham 017,E02001843,6625.0,5336.6559800021805
Birmingham,J01000007,Birmingham 019,E02001845,6502.0,5635.276582229863
Birmingham,J01000007,Birmingham 020,E02001846,8192.0,6242.837423076305
Birmingham,J01000007,Birmingham 022,E02001848,7088.0,3517.0628751029008
Birmingham,J01000007,Birmingham 023,E02001849,8376.0,6270.0207057962225
Birmingham,J01000007,Birmingham 024,E02001850,8297.0,3497.7499610356185
Birmingham,J01000007,Birmingham 025,E02001851,8781.0,3973.482675406026
Birmingham,J01000007,Birmingham 026,E02001852,7186.0,6031.128461579843
Birmingham,J01000007,Birmingham 029,E02001855,9648.0,3133.4296258273275
Birmingham,J01000007,Birmingham 030,E02001856,9679.0,5016.281758987032
Birmingham,J01000007,Birmingham 031,E02001857,14162.0,5194.932569895494
Birmingham,J01000007,Birmingham 032,E02001858,9170.0,5616.3054519067755
Birmingham,J01000007,Birmingham 033,E02001859,10558.0,3106.993094664787
Birmingham,J01000007,Birmingham 034,E02001860,9458.0,9569.01168831016
Birmingham,J01000007,Birmingham 035,E02001861,10900.0,9290.176243251448
Birmingham,J01000007,Birmingham 036,E02001862,10833.0,4864.070293631931
Birmingham,J01000007,Birmingham 037,E02001863,8008.0,3529.70604173146
Birmingham,J01000007,Birmingham 039,E02001865,11628.0,9534.219389613721
Birmingham,J01000007,Birmingham 040,E02001866,9091.0,10508.775473189664
Birmingham,J01000007,Birmingham 041,E02001867,7762.0,8450.169801141605
Birmingham,J01000007,Birmingham 042,E02001868,9560.0,5391.9854015931
Birmingham,J01000007,Birmingham 043,E02001869,6851.0,2492.8409527073622
Birmingham,J01000007,Birmingham 044,E02001870,12722.0,7250.004079015929
Birmingham,J01000007,Birmingham 045,E02001871,8238.0,4928.15759572579
Birmingham,J01000007,Birmingham 046,E02001872,7314.0,3752.878001274875
Birmingham,J01000007,Birmingham 047,E02001873,11982.0,6515.611448965682
Birmingham,J01000007,Birmingham 048,E02001874,10030.0,5299.684232403216
Birmingham,J01000007,Birmingham 049,E02001875,9631.0,6694.42375513271
Birmingham,J01000007,Birmingham 050,E02001876,15268.0,4768.700628288902
Birmingham,J01000007,Birmingham 051,E02001877,11690.0,9422.809479364278
Birmingham,J01000007,Birmingham 052,E02001878,9074.0,4131.611829469711
Birmingham,J01000007,Birmingham 053,E02001879,10504.0,6481.40837572036
Birmingham,J01000007,Birmingham 054,E02001880,9929.0,7427.447032820251
Birmingham,J01000007,Birmingham 055,E02001881,10386.0,6975.915802021546
Birmingham,J01000007,Birmingham 056,E02001882,8702.0,5597.651984542049
Birmingham,J01000007,Birmingham 057,E02001883,8371.0,3557.3180504658408
Birmingham,J01000007,Birmingham 058,E02001884,10140.0,7843.196408778304
Birmingham,J01000007,Birmingham 060,E02001886,10411.0,5180.724675448991
Birmingham,J01000007,Birmingham 062,E02001888,6748.0,5426.672427902687
Birmingham,J01000007,Birmingham 063,E02001889,8890.0,9478.408917479795
Birmingham,J01000007,Birmingham 064,E02001890,11398.0,4562.7221607891115
Birmingham,J01000007,Birmingham 066,E02001892,10977.0,5314.878233329868
Birmingham,J01000007,Birmingham 067,E02001893,8488.0,5292.8494534162755
Birmingham,J01000007,Birmingham 069,E02001895,8853.0,3589.9427480542877
Birmingham,J01000007,Birmingham 070,E02001896,9520.0,8478.019569767077
Birmingham,J01000007,Birmingham 071,E02001897,8452.0,4496.920626933774
Birmingham,J01000007,Birmingham 072,E02001898,6204.0,5639.885269866259
Birmingham,J01000007,Birmingham 073,E02001899,8378.0,3632.684199048768
Birmingham,J01000007,Birmingham 074,E02001900,7334.0,4611.348058860948
Birmingham,J01000007,Birmingham 075,E02001901,8632.0,5172.6597772749465
Birmingham,J01000007,Birmingham 076,E02001902,6010.0,5343.715712160515
Birmingham,J01000007,Birmingham 077,E02001903,7358.0,10077.20855261928
Birmingham,J01000007,Birmingham 078,E02001904,7768.0,3246.355541450538
Birmingham,J01000007,Birmingham 079,E02001905,12112.0,2765.912282338431
Birmingham,J01000007,Birmingham 080,E02001906,9163.0,4948.948149199147
Birmingham,J01000007,Birmingham 081,E02001907,10030.0,3486.5974861504733
Birmingham,J01000007,Birmingham 082,E02001908,8803.0,16652.73178597786
Birmingham,J01000007,Birmingham 083,E02001909,8189.0,9442.67143516482
Birmingham,J01000007,Birmingham 084,E02001910,7053.0,8010.9146437753825
Birmingham,J01000007,Birmingham 085,E02001911,8590.0,6196.780949849073
Birmingham,J01000007,Birmingham 087,E02001913,8990.0,3633.824155848841
Birmingham,J01000007,Birmingham 088,E02001914,6758.0,2859.494046038432
Birmingham,J01000007,Birmingham 089,E02001915,11996.0,6233.207736115631
Birmingham,J01000007,Birmingham 090,E02001916,9837.0,6745.654617949227
Birmingham,J01000007,Birmingham 092,E02001918,8898.0,5431.812097434166
Birmingham,J01000007,Birmingham 093,E02001919,6750.0,6158.141679073183
Birmingham,J01000007,Birmingham 094,E02001920,7591.0,2733.17647883446
Birmingham,J01000007,Birmingham 095,E02001921,8021.0,4011.4000748314115
Birmingham,J01000007,Birmingham 096,E02001922,17846.0,12525.0779020394
Birmingham,J01000007,Birmingham 097,E02001923,11133.0,6381.299594544617
Birmingham,J01000007,Birmingham 098,E02001924,6621.0,5726.051449164271
Birmingham,J01000007,Birmingham 099,E02001925,6836.0,3096.4813794580527
Birmingham,J01000007,Birmingham 100,E02001926,7880.0,4469.0554366456545
Birmingham,J01000007,Birmingham 101,E02001927,7838.0,5169.7613795148945
Birmingham,J01000007,Birmingham 102,E02001928,6781.0,4228.087301952956
Birmingham,J01000007,Birmingham 103,E02001929,10025.0,7180.271806052142
Birmingham,J01000007,Birmingham 104,E02001930,7687.0,5979.0591719992335
Birmingham,J01000007,Birmingham 105,E02001931,8103.0,3236.968459290071
Birmingham,J01000007,Birmingham 106,E02001932,7579.0,2271.1964850008485
Birmingham,J01000007,Birmingham 107,E02001933,7199.0,4336.7343745605585
Birmingham,J01000007,Birmingham 108,E02001934,7009.0,5809.3271845425825
Birmingham,J01000007,Birmingham 109,E02001935,7942.0,4035.0253879680968
Birmingham,J01000007,Birmingham 110,E02001936,6417.0,5206.623770419725
Birmingham,J01000007,Birmingham 111,E02001937,8102.0,4411.386577936067
Birmingham,J01000007,Birmingham 112,E02001938,8009.0,4331.348593223385
Birmingham,J01000007,Birmingham 113,E02001939,6202.0,3609.5727558551853
Birmingham,J01000007,Birmingham 115,E02001941,6204.0,4423.59362579966
Birmingham,J01000007,Birmingham 116,E02001942,6788.0,5837.022553527076
Birmingham,J01000007,Birmingham 117,E02001943,6329.0,3770.9559550256467
Birmingham,J01000007,Birmingham 118,E02001944,8075.0,4320.971203154135
Birmingham,J01000007,Birmingham 119,E02001945,7495.0,4663.352965234622
Birmingham,J01000007,Birmingham 120,E02001946,7434.0,4133.275504124731
Birmingham,J01000007,Birmingham 121,E02001947,6206.0,5055.553522669556
Birmingham,J01000007,Birmingham 122,E02001948,7216.0,5765.561629909758
Birmingham,J01000007,Birmingham 123,E02001949,5928.0,3109.327410656149
Birmingham,J01000007,Birmingham 124,E02001950,8308.0,4415.990857507248
Birmingham,J01000007,Birmingham 125,E02001951,8758.0,5420.092405145652
Birmingham,J01000007,Birmingham 126,E02001952,9252.0,5549.234339011672
Birmingham,J01000007,Birmingham 127,E02001953,6889.0,3161.107632097553
Birmingham,J01000007,Birmingham 128,E02001954,7469.0,4062.2440535065616
Birmingham,J01000007,Birmingham 129,E02001955,7359.0,2582.8885391779027
Birmingham,J01000007,Birmingham 130,E02001956,6743.0,4179.283251006413
Birmingham,J01000007,Birmingham 131,E02001957,7577.0,5651.543881892674
Birmingham,J01000007,Birmingham 132,E02006807,7741.0,5356.204104993646
Birmingham,J01000007,Birmingham 133,E02006809,10098.0,2709.855694539552
Birmingham,J01000007,Birmingham 134,E02006895,10127.0,11738.19566724488
Birmingham,J01000007,Birmingham 135,E02006896,7814.0,6212.984677798552
Birmingham,J01000007,Birmingham 136,E02006897,8736.0,10436.712286020907
Birmingham,J01000007,Birmingham 137,E02006898,8690.0,8385.781658712736
Birmingham,J01000007,Birmingham 138,E02006899,8925.0,7975.215768309126
Birmingham,J01000007,Birmingham 139,E02006900,15420.0,7677.93742002939
Bradford,J01000013,Bradford 017,E02002199,6891.0,772.9002443648651
Bradford,J01000013,Bradford 019,E02002201,12244.0,4501.834423182641
Bradford,J01000013,Bradford 024,E02002206,8607.0,4638.050934415259
Bradford,J01000013,Bradford 026,E02002208,8114.0,5420.72558352039
Bradford,J01000013,Bradford 027,E02002209,7058.0,4453.63827564051
Bradford,J01000013,Bradford 028,E02002210,7795.0,5588.030185128069
Bradford,J01000013,Bradford 029,E02002211,7402.0,3335.563291545608
Bradford,J01000013,Bradford 030,E02002212,8554.0,3339.504186001149
Bradford,J01000013,Bradford 032,E02002214,6092.0,5834.389783177639
Bradford,J01000013,Bradford 033,E02002215,10389.0,9495.203020836028
Bradford,J01000013,Bradford 034,E02002216,9517.0,5436.060603973879
Bradford,J01000013,Bradford 035,E02002217,10098.0,5095.150443515846
Bradford,J01000013,Bradford 036,E02002218,10281.0,3181.986802507795
Bradford,J01000013,Bradford 037,E02002219,8417.0,10785.123274131238
Bradford,J01000013,Bradford 038,E02002220,9245.0,6899.331308894388
Bradford,J01000013,Bradford 040,E02002222,8886.0,4992.421690343116
Bradford,J01000013,Bradford 041,E02002223,8051.0,3893.3094897742444
Bradford,J01000013,Bradford 042,E02002224,10836.0,10472.965401700245
Bradford,J01000013,Bradford 044,E02002226,15218.0,8357.189173849749
Bradford,J01000013,Bradford 045,E02002227,6596.0,3050.9087437015223
Bradford,J01000013,Bradford 046,E02002228,7688.0,3049.5260027430218
Bradford,J01000013,Bradford 047,E02002229,7779.0,1987.5974188229204
Bradford,J01000013,Bradford 048,E02002230,9769.0,6825.012682236382
Bradford,J01000013,Bradford 049,E02002231,13174.0,4790.679480013412
Bradford,J01000013,Bradford 050,E02002232,7517.0,7107.139528212217
Bradford,J01000013,Bradford 051,E02002233,9883.0,11446.137934912367
Bradford,J01000013,Bradford 052,E02002234,8226.0,5040.8244078316375
Bradford,J01000013,Bradford 053,E02002235,7581.0,4636.342476557068
Bradford,J01000013,Bradford 054,E02002236,6237.0,5349.64942730551
Bradford,J01000013,Bradford 055,E02002237,8756.0,6058.785248168411
Bradford,J01000013,Bradford 056,E02002238,6385.0,5820.614925092851
Bradford,J01000013,Bradford 057,E02002239,11140.0,908.4807668438377
Bradford,J01000013,Bradford 058,E02002240,11074.0,1528.7553936960883
Bradford,J01000013,Bradford 059,E02002241,12083.0,4386.102364406966
Bradford,J01000013,Bradford 060,E02002242,7864.0,2050.928816301121
Bradford,J01000013,Bradford 061,E02002243,9339.0,1663.5093907288208
Brighton & Hove,J01000014,Brighton and Hove 001,E02003491,7824.0,2460.879197141127
Brighton & Hove,J01000014,Brighton and Hove 002,E02003492,11904.0,1974.4881514319911
Brighton & Hove,J01000014,Brighton and Hove 003,E02003493,8184.0,797.3311970558617
Brighton & Hove,J01000014,Brighton and Hove 004,E02003494,6524.0,3867.4431938229263
Brighton & Hove,J01000014,Brighton and Hove 006,E02003496,7510.0,1316.0017587386362
Brighton & Hove,J01000014,Brighton and Hove 007,E02003497,7601.0,3186.2834547639654
Brighton & Hove,J01000014,Brighton and Hove 008,E02003498,9100.0,2534.7120285595183
Brighton & Hove,J01000014,Brighton and Hove 009,E02003499,7959.0,2596.175824866337
Brighton & Hove,J01000014,Brighton and Hove 010,E02003500,8227.0,11812.717771964883
Brighton & Hove,J01000014,Brighton and Hove 011,E02003501,8797.0,4770.199664840588
Brighton & Hove,J01000014,Brighton and Hove 013,E02003503,8870.0,4639.003759723234
Brighton & Hove,J01000014,Brighton and Hove 014,E02003504,8730.0,7572.661249359788
Brighton & Hove,J01000014,Brighton and Hove 015,E02003505,10460.0,17936.312001130937
Brighton & Hove,J01000014,Brighton and Hove 016,E02003506,7283.0,9753.771944943965
Brighton & Hove,J01000014,Brighton and Hove 018,E02003508,9826.0,11421.718281581641
Brighton & Hove,J01000014,Brighton and Hove 019,E02003509,9451.0,12762.157134634383
Brighton & Hove,J01000014,Brighton and Hove 020,E02003510,8955.0,10965.655868251573
Brighton & Hove,J01000014,Brighton and Hove 021,E02003511,8593.0,5356.105317743365
Brighton & Hove,J01000014,Brighton and Hove 022,E02003512,9911.0,21066.37561313217
Brighton & Hove,J01000014,Brighton and Hove 023,E02003513,6511.0,8075.197764296678
Brighton & Hove,J01000014,Brighton and Hove 024,E02003514,9536.0,20992.589168090493
Brighton & Hove,J01000014,Brighton and Hove 025,E02003515,9157.0,2513.8985477655856
Brighton & Hove,J01000014,Brighton and Hove 026,E02003516,9132.0,19444.338386157408
Brighton & Hove,J01000014,Brighton and Hove 027,E02003517,13184.0,9575.655075833029
Brighton & Hove,J01000014,Brighton and Hove 028,E02003518,8063.0,9821.019052416017
Brighton & Hove,J01000014,Brighton and Hove 029,E02003519,10019.0,22182.519865303166
Brighton & Hove,J01000014,Brighton and Hove 030,E02003520,9690.0,14966.187440186797
Brighton & Hove,J01000014,Brighton and Hove 031,E02003521,8549.0,10322.896193798952
Brighton & Hove,J01000014,Brighton and Hove 032,E02003522,7790.0,2992.5157853487367
Bristol,J01000015,Bristol 001,E02003012,11655.0,3354.3495248571016
Bristol,J01000015,Bristol 002,E02003013,12022.0,4353.0817831544055
Bristol,J01000015,Bristol 003,E02003014,8292.0,762.2658886017408
Bristol,J01000015,Bristol 004,E02003015,6692.0,4347.331522489038
Bristol,J01000015,Bristol 005,E02003016,8169.0,7605.261732456151
Bristol,J01000015,Bristol 006,E02003017,6118.0,4436.459742164095
Bristol,J01000015,Bristol 007,E02003018,5870.0,2155.3243300380236
Bristol,J01000015,Bristol 008,E02003019,9839.0,1310.7503666136186
Bristol,J01000015,Bristol 009,E02003020,6416.0,2532.998027941358
Bristol,J01000015,Bristol 010,E02003021,7468.0,6968.826310782841
Bristol,J01000015,Bristol 011,E02003022,5934.0,4641.667012830089
Bristol,J01000015,Bristol 012,E02003023,6607.0,2583.6752894698598
Bristol,J01000015,Bristol 013,E02003024,9795.0,5658.522727696457
Bristol,J01000015,Bristol 014,E02003025,7645.0,2385.1899504275248
Bristol,J01000015,Bristol 015,E02003026,9308.0,2050.9031498114564
Bristol,J01000015,Bristol 016,E02003027,12695.0,8272.240788346273
Bristol,J01000015,Bristol 017,E02003028,8435.0,6671.948734545702
Bristol,J01000015,Bristol 018,E02003029,6408.0,6358.790515289164
Bristol,J01000015,Bristol 019,E02003030,7957.0,4592.2479726507245
Bristol,J01000015,Bristol 020,E02003031,10538.0,8595.737937146472
Bristol,J01000015,Bristol 021,E02003032,8258.0,4849.900162110022
Bristol,J01000015,Bristol 022,E02003033,8901.0,11454.840788092688
Bristol,J01000015,Bristol 025,E02003036,10742.0,13403.058965837092
Bristol,J01000015,Bristol 026,E02003037,8907.0,10720.836503622184
Bristol,J01000015,Bristol 027,E02003038,6562.0,7015.96991870254
Bristol,J01000015,Bristol 028,E02003039,8693.0,7527.903975390897
Bristol,J01000015,Bristol 029,E02003040,10092.0,7575.730908788232
Bristol,J01000015,Bristol 030,E02003041,6257.0,5560.748356569832
Bristol,J01000015,Bristol 033,E02003044,5740.0,4183.773788077599
Bristol,J01000015,Bristol 034,E02003045,7515.0,11886.363783481707
Bristol,J01000015,Bristol 035,E02003046,9879.0,5507.97930554202
Bristol,J01000015,Bristol 036,E02003047,11149.0,5862.2323610582225
Bristol,J01000015,Bristol 037,E02003048,7058.0,7917.401003016234
Bristol,J01000015,Bristol 038,E02003049,7567.0,2413.4733125380626
Bristol,J01000015,Bristol 039,E02003050,10074.0,6811.849421491019
Bristol,J01000015,Bristol 040,E02003051,7460.0,7786.350134327092
Bristol,J01000015,Bristol 041,E02003052,6815.0,3902.2076437186606
Bristol,J01000015,Bristol 042,E02003053,8184.0,5705.5133937104465
Bristol,J01000015,Bristol 043,E02003054,6647.0,2718.631419541813
Bristol,J01000015,Bristol 044,E02003055,8447.0,5964.3006290022595
Bristol,J01000015,Bristol 045,E02003056,7456.0,4100.422476021584
Bristol,J01000015,Bristol 046,E02003057,5887.0,2461.941580979085
Bristol,J01000015,Bristol 047,E02003058,9102.0,3443.8544722168594
Bristol,J01000015,Bristol 048,E02003059,6214.0,3792.8357743789466
Bristol,J01000015,Bristol 049,E02003060,10604.0,3466.8247499947984
Bristol,J01000015,Bristol 050,E02003061,6083.0,5136.676237805404
Bristol,J01000015,Bristol 051,E02003062,5878.0,4625.141572211618
Bristol,J01000015,Bristol 052,E02003063,6729.0,3937.868793752244
Bristol,J01000015,Bristol 053,E02003064,7041.0,3362.606234070353
Bristol,J01000015,Bristol 054,E02006887,10204.0,5223.459319810618
Bristol,J01000015,Bristol 055,E02006888,7267.0,9953.725338454942
Bristol,J01000015,Bristol 056,E02006889,8377.0,5267.2161421696765
Bristol,J01000015,Bristol 057,E02006890,8816.0,8701.377616377691
Cambridge,J01000019,Cambridge 001,E02003719,8145.0,5183.257485187855
Cambridge,J01000019,Cambridge 002,E02003720,8477.0,5650.240973988554
Cambridge,J01000019,Cambridge 003,E02003721,8815.0,3385.1631332857864
Cambridge,J01000019,Cambridge 004,E02003722,7711.0,5070.211258891481
Cambridge,J01000019,Cambridge 005,E02003723,10113.0,2961.430926504962
Cambridge,J01000019,Cambridge 006,E02003724,8984.0,2272.5868513728155
Cambridge,J01000019,Cambridge 007,E02003725,15146.0,2466.869991841927
Cambridge,J01000019,Cambridge 008,E02003726,8450.0,8030.030571619455
Cambridge,J01000019,Cambridge 009,E02003727,8402.0,5634.118433906194
Cambridge,J01000019,Cambridge 010,E02003728,8893.0,4591.819352906979
Cambridge,J01000019,Cambridge 011,E02003729,7941.0,2166.8458939441207
Cambridge,J01000019,Cambridge 013,E02003731,9210.0,2039.1922803023892
Carlisle,J01000021,Carlisle 003,E02003989,7031.0,1776.1780265786624
Carlisle,J01000021,Carlisle 004,E02003990,10428.0,293.13135599174893
Carlisle,J01000021,Carlisle 005,E02003991,7455.0,128.66943065686738
Carlisle,J01000021,Carlisle 006,E02003992,8092.0,2129.727165655316
Carlisle,J01000021,Carlisle 008,E02003994,7196.0,3428.3789812126915
Carlisle,J01000021,Carlisle 009,E02003995,9948.0,4466.331521397222
Carlisle,J01000021,Carlisle 010,E02003996,9398.0,2891.0776542019025
Carlisle,J01000021,Carlisle 011,E02003997,9376.0,3893.0580906476607
Carlisle,J01000021,Carlisle 012,E02003998,6707.0,4277.668924798622
Carlisle,J01000021,Carlisle 013,E02003999,11509.0,133.3424877193663
Coventry,J01000028,Coventry 001,E02001958,8350.0,3114.2990462268795
Coventry,J01000028,Coventry 002,E02001959,6990.0,1630.7707331303836
Coventry,J01000028,Coventry 004,E02001961,8606.0,5698.5547775747955
Coventry,J01000028,Coventry 005,E02001962,7652.0,5360.263064281466
Coventry,J01000028,Coventry 006,E02001963,6302.0,4903.521638412059
Coventry,J01000028,Coventry 007,E02001964,10715.0,3252.089955162492
Coventry,J01000028,Coventry 008,E02001965,8606.0,3809.464663898352
Coventry,J01000028,Coventry 009,E02001966,7894.0,6719.090888372615
Coventry,J01000028,Coventry 010,E02001967,6881.0,420.8401006102823
Coventry,J01000028,Coventry 011,E02001968,8570.0,5397.30356542327
Coventry,J01000028,Coventry 012,E02001969,7282.0,7821.4975275400675
Coventry,J01000028,Coventry 013,E02001970,6319.0,3609.934040375048
Coventry,J01000028,Coventry 014,E02001971,6117.0,5492.55013498651
Coventry,J01000028,Coventry 015,E02001972,12536.0,6633.322383944599
Coventry,J01000028,Coventry 016,E02001973,9512.0,7355.932652842743
Coventry,J01000028,Coventry 017,E02001974,9858.0,4835.237567134409
Coventry,J01000028,Coventry 018,E02001975,8450.0,7067.316480719891
Coventry,J01000028,Coventry 019,E02001976,7941.0,2359.439764920244
Coventry,J01000028,Coventry 020,E02001977,11843.0,8051.826473803516
Coventry,J01000028,Coventry 021,E02001978,7209.0,7216.581831707327
Coventry,J01000028,Coventry 022,E02001979,5926.0,4273.28179630841
Coventry,J01000028,Coventry 023,E02001980,5927.0,4307.860234398241
Coventry,J01000028,Coventry 024,E02001981,16033.0,12926.362763439649
Coventry,J01000028,Coventry 025,E02001982,9033.0,4387.610085197607
Coventry,J01000028,Coventry 026,E02001983,8267.0,4016.0585434255668
Coventry,J01000028,Coventry 027,E02001984,11157.0,7030.72501107575
Coventry,J01000028,Coventry 028,E02001985,12441.0,10266.575520464714
Coventry,J01000028,Coventry 029,E02001986,9039.0,4537.621562999619
Coventry,J01000028,Coventry 030,E02001987,7142.0,8508.819071101901
Coventry,J01000028,Coventry 031,E02001988,18747.0,8584.244711478617
Coventry,J01000028,Coventry 032,E02001989,6709.0,5129.3447350385295
Coventry,J01000028,Coventry 033,E02001990,9394.0,4144.219615188978
Coventry,J01000028,Coventry 034,E02001991,9062.0,2709.2332838524435
Coventry,J01000028,Coventry 035,E02001992,11006.0,3853.801571333205
Coventry,J01000028,Coventry 036,E02001993,9071.0,2231.26222965463
Coventry,J01000028,Coventry 037,E02001994,9274.0,6748.05474846851
Coventry,J01000028,Coventry 038,E02001995,11088.0,2441.2703419355826
Coventry,J01000028,Coventry 039,E02001996,7716.0,5003.140560874475
Coventry,J01000028,Coventry 040,E02001997,8936.0,4133.974690407366
Coventry,J01000028,Coventry 041,E02001998,5933.0,4495.884084910275
Coventry,J01000028,Coventry 042,E02001999,10151.0,2172.857880799268
Coventry,J01000028,Coventry 043,E02006805,9702.0,7360.306579084228
Derby,J01000031,Derby 001,E02002796,5977.0,1784.4579268333478
Derby,J01000031,Derby 002,E02002797,7256.0,2330.938044566173
Derby,J01000031,Derby 003,E02002798,9655.0,4078.825175081991
Derby,J01000031,Derby 004,E02002799,5993.0,2879.607616003406
Derby,J01000031,Derby 005,E02002800,6960.0,2167.079278601895
Derby,J01000031,Derby 006,E02002801,7389.0,4602.567070580944
Derby,J01000031,Derby 007,E02002802,7851.0,2620.188296102339
Derby,J01000031,Derby 008,E02002803,8610.0,4422.401615116976
Derby,J01000031,Derby 009,E02002804,8717.0,4156.191429522183
Derby,J01000031,Derby 010,E02002805,5425.0,2437.008615938492
Derby,J01000031,Derby 011,E02002806,6312.0,8250.06243155452
Derby,J01000031,Derby 012,E02002807,8632.0,3055.588044316977
Derby,J01000031,Derby 013,E02002808,13142.0,5936.316275161438
Derby,J01000031,Derby 014,E02002809,6702.0,1169.6370565117895
Derby,J01000031,Derby 015,E02002810,8484.0,2903.2155741227484
Derby,J01000031,Derby 016,E02002811,11482.0,11498.150857882185
Derby,J01000031,Derby 017,E02002812,7567.0,2985.039169384301
Derby,J01000031,Derby 018,E02002813,11785.0,6404.409892804752
Derby,J01000031,Derby 019,E02002814,6912.0,3235.1478686342966
Derby,J01000031,Derby 020,E02002815,8876.0,10683.61434885148
Derby,J01000031,Derby 021,E02002816,9476.0,2829.6314457507106
Derby,J01000031,Derby 022,E02002817,6182.0,3657.794393316533
Derby,J01000031,Derby 023,E02002818,8584.0,6636.8952091852125
Derby,J01000031,Derby 024,E02002819,7863.0,1529.7418291044946
Derby,J01000031,Derby 025,E02002820,9594.0,5570.759722579684
Derby,J01000031,Derby 026,E02002821,12060.0,4148.46525135171
Derby,J01000031,Derby 027,E02002822,6630.0,3964.0416419820936
Derby,J01000031,Derby 028,E02002823,7306.0,3747.4967561474764
Derby,J01000031,Derby 029,E02002824,9883.0,1829.76053939178
Derby,J01000031,Derby 030,E02002825,8523.0,3056.504120619633
Derby,J01000031,Derby 031,E02002826,6986.0,3037.0752762514453
Doncaster,J01000032,Doncaster 007,E02001545,8251.0,614.7644546481977
Doncaster,J01000032,Doncaster 011,E02001549,6193.0,1482.4443322770546
Doncaster,J01000032,Doncaster 015,E02001553,10466.0,1958.8693901556303
Doncaster,J01000032,Doncaster 018,E02001556,9589.0,3482.133378425471
Doncaster,J01000032,Doncaster 019,E02001557,10367.0,2715.971546243241
Doncaster,J01000032,Doncaster 021,E02001559,7551.0,866.1280934450672
Doncaster,J01000032,Doncaster 022,E02001560,13496.0,3395.2932091591674
Doncaster,J01000032,Doncaster 023,E02001561,6764.0,5156.848426994843
Doncaster,J01000032,Doncaster 024,E02001562,5861.0,1930.3668385233473
Doncaster,J01000032,Doncaster 025,E02001563,8168.0,3147.1539920819077
Doncaster,J01000032,Doncaster 027,E02001565,7475.0,1343.2346151501808
Doncaster,J01000032,Doncaster 028,E02001566,9278.0,1548.9696043487584
Doncaster,J01000032,Doncaster 029,E02001567,8932.0,4104.361332406875
Doncaster,J01000032,Doncaster 033,E02001571,6101.0,192.33031843634566
Doncaster,J01000032,Doncaster 034,E02001572,7636.0,1014.9405204558516
Exeter,J01000035,Exeter 001,E02004149,11914.0,1663.3804338022878
Exeter,J01000035,Exeter 002,E02004150,7058.0,2363.1928712590516
Exeter,J01000035,Exeter 003,E02004151,9590.0,2595.2745670846884
Exeter,J01000035,Exeter 004,E02004152,10262.0,9880.664312838699
Exeter,J01000035,Exeter 005,E02004153,7497.0,2240.603801288137
Exeter,J01000035,Exeter 006,E02004154,8640.0,7945.730872855003
Exeter,J01000035,Exeter 007,E02004155,7538.0,4743.846792271937
Exeter,J01000035,Exeter 008,E02004156,12645.0,6607.207187660436
Exeter,J01000035,Exeter 009,E02004157,6712.0,4661.970008473032
Exeter,J01000035,Exeter 010,E02004158,8151.0,7733.671068911217
Exeter,J01000035,Exeter 011,E02004159,12666.0,1764.6315178656082
Exeter,J01000035,Exeter 012,E02004160,7217.0,2495.7218154241796
Exeter,J01000035,Exeter 013,E02004161,8366.0,4637.827590769573
Exeter,J01000035,Exeter 014,E02004162,7259.0,1437.812587819554
Leeds,J01000051,Leeds 012,E02002341,7291.0,544.3487922810451
Leeds,J01000051,Leeds 013,E02002342,5550.0,1833.490559618733
Leeds,J01000051,Leeds 015,E02002344,7572.0,4049.625114825653
Leeds,J01000051,Leeds 016,E02002345,5701.0,1077.8463409876408
Leeds,J01000051,Leeds 017,E02002346,5864.0,3992.379579404568
Leeds,J01000051,Leeds 018,E02002347,6320.0,3360.67889399189
Leeds,J01000051,Leeds 019,E02002348,6214.0,2617.3565461709054
Leeds,J01000051,Leeds 020,E02002349,5779.0,1247.2811664996834
Leeds,J01000051,Leeds 023,E02002352,7389.0,4593.945443012095
Leeds,J01000051,Leeds 024,E02002353,5908.0,4711.922655545577
Leeds,J01000051,Leeds 025,E02002354,7685.0,3858.681133070947
Leeds,J01000051,Leeds 029,E02002358,7888.0,2663.4921121109587
Leeds,J01000051,Leeds 031,E02002360,6689.0,4106.005286436798
Leeds,J01000051,Leeds 032,E02002361,5856.0,3048.70240183577
Leeds,J01000051,Leeds 033,E02002362,7773.0,3048.341312905738
Leeds,J01000051,Leeds 034,E02002363,6826.0,4799.009936969939
Leeds,J01000051,Leeds 035,E02002364,5680.0,3587.3366701338073
Leeds,J01000051,Leeds 037,E02002366,8121.0,3540.378488764316
Leeds,J01000051,Leeds 038,E02002367,6178.0,3454.0946937447598
Leeds,J01000051,Leeds 040,E02002369,7384.0,4309.894960844363
Leeds,J01000051,Leeds 041,E02002370,7111.0,3588.1401392093553
Leeds,J01000051,Leeds 042,E02002371,10293.0,5836.6378319905825
Leeds,J01000051,Leeds 044,E02002373,9605.0,11113.678677014348
Leeds,J01000051,Leeds 045,E02002374,6977.0,4165.524170932569
Leeds,J01000051,Leeds 046,E02002375,6401.0,2610.360011802641
Leeds,J01000051,Leeds 047,E02002376,7898.0,7136.791315697613
Leeds,J01000051,Leeds 048,E02002377,7955.0,15499.12292769522
Leeds,J01000051,Leeds 050,E02002379,5659.0,4525.365984565496
Leeds,J01000051,Leeds 051,E02002380,5144.0,3819.6943782452427
Leeds,J01000051,Leeds 052,E02002381,6088.0,2810.75216043063
Leeds,J01000051,Leeds 053,E02002382,8806.0,18591.56105380812
Leeds,J01000051,Leeds 054,E02002383,8263.0,20244.412861363904
Leeds,J01000051,Leeds 055,E02002384,13745.0,7042.233252379374
Leeds,J01000051,Leeds 056,E02002385,8978.0,6694.413744939792
Leeds,J01000051,Leeds 057,E02002386,8559.0,1222.634324067077
Leeds,J01000051,Leeds 058,E02002387,5645.0,4832.637646723241
Leeds,J01000051,Leeds 059,E02002388,7688.0,4233.449739812682
Leeds,J01000051,Leeds 060,E02002389,7359.0,3634.7479888570556
Leeds,J01000051,Leeds 061,E02002390,6509.0,3655.93310234582
Leeds,J01000051,Leeds 063,E02002392,11669.0,8790.281623546665
Leeds,J01000051,Leeds 064,E02002393,9576.0,6939.663466203643
Leeds,J01000051,Leeds 065,E02002394,8406.0,7782.882582722211
Leeds,J01000051,Leeds 067,E02002396,8898.0,4254.301513864266
Leeds,J01000051,Leeds 068,E02002397,7501.0,4087.9613530362617
Leeds,J01000051,Leeds 069,E02002398,7173.0,902.7144439693632
Leeds,J01000051,Leeds 070,E02002399,6102.0,1548.183135059544
Leeds,J01000051,Leeds 071,E02002400,8975.0,3469.2660920738563
Leeds,J01000051,Leeds 072,E02002401,6569.0,1752.9047068538177
Leeds,J01000051,Leeds 073,E02002402,5367.0,1272.763546954265
Leeds,J01000051,Leeds 075,E02002404,11208.0,6413.255427856026
Leeds,J01000051,Leeds 078,E02002407,6520.0,4956.921578183037
Leeds,J01000051,Leeds 080,E02002409,5889.0,1213.840388592092
Leeds,J01000051,Leeds 081,E02002410,6574.0,3118.617117099956
Leeds,J01000051,Leeds 082,E02002411,9005.0,4181.9718221495405
Leeds,J01000051,Leeds 083,E02002412,7088.0,1436.048987633423
Leeds,J01000051,Leeds 085,E02002414,6887.0,5292.5489151166175
Leeds,J01000051,Leeds 086,E02002415,7698.0,10754.477963246101
Leeds,J01000051,Leeds 090,E02002419,8260.0,2836.2367297856395
Leeds,J01000051,Leeds 091,E02002420,8543.0,4253.726270161265
Leeds,J01000051,Leeds 092,E02002421,6072.0,4387.90212358096
Leeds,J01000051,Leeds 094,E02002423,5750.0,3749.64161833448
Leeds,J01000051,Leeds 099,E02002428,7949.0,2082.4933755797183
Leeds,J01000051,Leeds 101,E02002430,7785.0,2906.6905530171252
Leeds,J01000051,Leeds 109,E02006852,11799.0,2652.655206978229
Leeds,J01000051,Leeds 110,E02006861,13722.0,9287.47230451886
Leeds,J01000051,Leeds 111,E02006875,14425.0,5727.04207678623
Leeds,J01000051,Leeds 112,E02006876,8638.0,1660.6196906479427
Leicester,J01000052,Leicester 001,E02002827,6344.0,1271.6749169087818
Leicester,J01000052,Leicester 002,E02002828,7568.0,2049.0835341878897
Leicester,J01000052,Leicester 003,E02002829,11204.0,3649.449921741106
Leicester,J01000052,Leicester 004,E02002830,10069.0,2566.5024930957597
Leicester,J01000052,Leicester 005,E02002831,6687.0,5309.177594394619
Leicester,J01000052,Leicester 006,E02002832,9223.0,6901.515105486193
Leicester,J01000052,Leicester 007,E02002833,8404.0,9863.937374926762
Leicester,J01000052,Leicester 008,E02002834,11737.0,3717.9687153497707
Leicester,J01000052,Leicester 010,E02002836,9644.0,8245.67015851183
Leicester,J01000052,Leicester 011,E02002837,8514.0,7574.296907267089
Leicester,J01000052,Leicester 012,E02002838,8015.0,4392.970699179061
Leicester,J01000052,Leicester 013,E02002839,7862.0,5418.972615949018
Leicester,J01000052,Leicester 016,E02002842,8592.0,10891.425057978784
Leicester,J01000052,Leicester 017,E02002843,14193.0,14531.593991397443
Leicester,J01000052,Leicester 018,E02002844,11531.0,11945.725081099556
Leicester,J01000052,Leicester 019,E02002845,10770.0,4836.643292854018
Leicester,J01000052,Leicester 020,E02002846,7039.0,2533.045194379468
Leicester,J01000052,Leicester 021,E02002847,10009.0,7226.4384086869595
Leicester,J01000052,Leicester 022,E02002848,11193.0,21142.818912862844
Leicester,J01000052,Leicester 023,E02002849,14638.0,11639.437464521792
Leicester,J01000052,Leicester 025,E02002851,8258.0,2604.9134361019983
Leicester,J01000052,Leicester 026,E02002852,6895.0,3321.9082485970025
Leicester,J01000052,Leicester 027,E02002853,13199.0,9417.182985324223
Leicester,J01000052,Leicester 028,E02002854,8149.0,5517.3838519184
Leicester,J01000052,Leicester 029,E02002855,8066.0,5402.163053679829
Leicester,J01000052,Leicester 030,E02002856,11613.0,4486.1531451589
Leicester,J01000052,Leicester 031,E02002857,6694.0,4327.003880047917
Leicester,J01000052,Leicester 032,E02002858,6865.0,3257.3858332701025
Leicester,J01000052,Leicester 034,E02002860,7757.0,2347.262544007712
Leicester,J01000052,Leicester 035,E02002861,7393.0,4507.062791824221
Leicester,J01000052,Leicester 036,E02002862,7923.0,5811.887872082582
Leicester,J01000052,Leicester 037,E02006815,10724.0,5055.649558542804
Leicester,J01000052,Leicester 038,E02006817,8844.0,4118.077769367029
Leicester,J01000052,Leicester 039,E02006819,8076.0,3980.0088962590758
Leicester,J01000052,Leicester 040,E02006850,13594.0,11708.667474808706
Leicester,J01000052,Leicester 041,E02006851,12146.0,9765.11725398416
Lincoln,J01000053,Lincoln 001,E02005442,6037.0,5137.118439701873
Lincoln,J01000053,Lincoln 002,E02005443,7252.0,4006.80516839342
Lincoln,J01000053,Lincoln 003,E02005444,12453.0,1862.3116970859678
Lincoln,J01000053,Lincoln 004,E02005445,12135.0,2993.8596915879075
Lincoln,J01000053,Lincoln 005,E02005446,11461.0,6156.990727307305
Lincoln,J01000053,Lincoln 006,E02005447,7672.0,2243.8798260159715
Lincoln,J01000053,Lincoln 007,E02005448,7018.0,3680.383967944806
Lincoln,J01000053,Lincoln 008,E02005449,9406.0,1618.8920536227843
Lincoln,J01000053,Lincoln 009,E02005450,7914.0,2072.7315558845603
Lincoln,J01000053,Lincoln 010,E02005451,7934.0,4591.690733271555
Lincoln,J01000053,Lincoln 011,E02005452,10767.0,3150.7458247971085
Liverpool,J01000054,Liverpool 001,E02001347,7832.0,3460.3898198539528
Liverpool,J01000054,Liverpool 002,E02001348,6685.0,6317.983826706323
Liverpool,J01000054,Liverpool 003,E02001349,7742.0,6202.558307338658
Liverpool,J01000054,Liverpool 004,E02001350,7958.0,2750.056283256718
Liverpool,J01000054,Liverpool 005,E02001351,8646.0,2846.7917956761185
Liverpool,J01000054,Liverpool 006,E02001352,7378.0,6952.770174742739
Liverpool,J01000054,Liverpool 007,E02001353,7195.0,3049.468824573646
Liverpool,J01000054,Liverpool 008,E02001354,7541.0,4511.562984865375
Liverpool,J01000054,Liverpool 009,E02001355,6668.0,4961.551595662308
Liverpool,J01000054,Liverpool 010,E02001356,8512.0,6677.411266344335
Liverpool,J01000054,Liverpool 011,E02001357,7055.0,6413.603159065778
Liverpool,J01000054,Liverpool 012,E02001358,7069.0,11817.408374658542
Liverpool,J01000054,Liverpool 013,E02001359,5279.0,1823.7888065689717
Liverpool,J01000054,Liverpool 014,E02001360,8647.0,3602.6623771072086
Liverpool,J01000054,Liverpool 015,E02001361,7321.0,4854.7693199977475
Liverpool,J01000054,Liverpool 016,E02001362,7110.0,5296.68595099254
Liverpool,J01000054,Liverpool 017,E02001363,7727.0,4948.017417575701
Liverpool,J01000054,Liverpool 018,E02001364,6002.0,5801.693885205847
Liverpool,J01000054,Liverpool 019,E02001365,9590.0,10949.006133471965
Liverpool,J01000054,Liverpool 020,E02001366,8907.0,5814.580425788182
Liverpool,J01000054,Liverpool 021,E02001367,9463.0,3823.6385962565346
Liverpool,J01000054,Liverpool 022,E02001368,6948.0,2029.1539322720866
Liverpool,J01000054,Liverpool 023,E02001369,8246.0,4025.666838105277
Liverpool,J01000054,Liverpool 024,E02001370,7190.0,6488.659097906448
Liverpool,J01000054,Liverpool 025,E02001371,7142.0,7727.657713440467
Liverpool,J01000054,Liverpool 026,E02001372,5894.0,3340.3265204865693
Liverpool,J01000054,Liverpool 027,E02001373,9110.0,5564.902876891936
Liverpool,J01000054,Liverpool 028,E02001374,9676.0,4154.7027804809895
Liverpool,J01000054,Liverpool 029,E02001375,6665.0,7196.407690422867
Liverpool,J01000054,Liverpool 030,E02001376,9569.0,10934.173254956344
Liverpool,J01000054,Liverpool 031,E02001377,16570.0,9482.521092318182
Liverpool,J01000054,Liverpool 032,E02001378,7561.0,5614.792488035748
Liverpool,J01000054,Liverpool 034,E02001380,7590.0,4951.006264453766
Liverpool,J01000054,Liverpool 035,E02001381,10021.0,7751.006630518256
Liverpool,J01000054,Liverpool 036,E02001382,6659.0,5115.852416099435
Liverpool,J01000054,Liverpool 037,E02001383,9961.0,9034.756070266205
Liverpool,J01000054,Liverpool 038,E02001384,11050.0,11259.710074415603
Liverpool,J01000054,Liverpool 039,E02001385,10212.0,10806.171381666809
Liverpool,J01000054,Liverpool 040,E02001386,7718.0,4188.830024627618
Liverpool,J01000054,Liverpool 041,E02001387,7712.0,4711.290242233405
Liverpool,J01000054,Liverpool 042,E02001388,8757.0,7039.346090461276
Liverpool,J01000054,Liverpool 043,E02001389,7070.0,6401.969850808126
Liverpool,J01000054,Liverpool 044,E02001390,9584.0,7678.619183297582
Liverpool,J01000054,Liverpool 045,E02001391,5741.0,2180.3130228178507
Liverpool,J01000054,Liverpool 046,E02001392,6141.0,3517.1214763608396
Liverpool,J01000054,Liverpool 047,E02001393,7537.0,2186.607162747848
Liverpool,J01000054,Liverpool 048,E02001394,9067.0,4019.7656237801393
Liverpool,J01000054,Liverpool 049,E02001395,6079.0,4740.1297592670435
Liverpool,J01000054,Liverpool 050,E02001396,7890.0,5295.293614585159
Liverpool,J01000054,Liverpool 051,E02001397,7208.0,5236.828168187255
Liverpool,J01000054,Liverpool 052,E02001398,7720.0,3373.469880887948
Liverpool,J01000054,Liverpool 053,E02001399,7047.0,4862.639240620841
Liverpool,J01000054,Liverpool 054,E02001400,6689.0,2126.6905062032165
Liverpool,J01000054,Liverpool 055,E02001401,7724.0,2499.0255326272613
Liverpool,J01000054,Liverpool 056,E02001402,9208.0,3646.662191715731
Liverpool,J01000054,Liverpool 057,E02001403,6674.0,3770.0041387894153
Liverpool,J01000054,Liverpool 059,E02001405,9905.0,4623.037500443745
Liverpool,J01000054,Liverpool 060,E02006932,19410.0,13199.75205544049
Liverpool,J01000054,Liverpool 061,E02006933,8828.0,5431.918606934159
Liverpool,J01000054,Liverpool 062,E02006934,8738.0,6692.959710192389
Manchester,J01000058,Manchester 001,E02001045,8107.0,3351.310068391243
Manchester,J01000058,Manchester 002,E02001046,10427.0,4218.893249651837
Manchester,J01000058,Manchester 003,E02001047,9935.0,4246.542629993501
Manchester,J01000058,Manchester 004,E02001048,8954.0,1884.323889665337
Manchester,J01000058,Manchester 005,E02001049,9643.0,4462.795145508143
Manchester,J01000058,Manchester 006,E02001050,8513.0,5096.060730457624
Manchester,J01000058,Manchester 007,E02001051,8998.0,6640.470882067494
Manchester,J01000058,Manchester 008,E02001052,14260.0,7069.4341903177
Manchester,J01000058,Manchester 009,E02001053,11142.0,4074.052597396195
Manchester,J01000058,Manchester 011,E02001055,9108.0,2665.8161808083773
Manchester,J01000058,Manchester 012,E02001056,8189.0,4492.561365541512
Manchester,J01000058,Manchester 015,E02001059,11937.0,3233.852526514199
Manchester,J01000058,Manchester 017,E02001061,10149.0,5269.630803490443
Manchester,J01000058,Manchester 018,E02001062,11269.0,4344.439575606083
Manchester,J01000058,Manchester 019,E02001063,14693.0,8586.663994966175
Manchester,J01000058,Manchester 020,E02001064,10407.0,4010.7127034088144
Manchester,J01000058,Manchester 021,E02001065,9718.0,5059.978807018553
Manchester,J01000058,Manchester 022,E02001066,13077.0,11594.138465914337
Manchester,J01000058,Manchester 023,E02001067,11296.0,6561.019590978664
Manchester,J01000058,Manchester 024,E02001068,10691.0,8508.424097462332
Manchester,J01000058,Manchester 025,E02001069,12723.0,14477.195705828046
Manchester,J01000058,Manchester 026,E02001070,13603.0,8822.513782966611
Manchester,J01000058,Manchester 028,E02001072,9046.0,8307.22784183584
Manchester,J01000058,Manchester 029,E02001073,9502.0,7146.348152545794
Manchester,J01000058,Manchester 030,E02001074,11728.0,6065.018272988115
Manchester,J01000058,Manchester 031,E02001075,8728.0,7447.2398770157515
Manchester,J01000058,Manchester 032,E02001076,11853.0,8708.372324196262
Manchester,J01000058,Manchester 033,E02001077,7199.0,5524.236645469017
Manchester,J01000058,Manchester 034,E02001078,10337.0,6248.230354657157
Manchester,J01000058,Manchester 035,E02001079,8905.0,5242.030312295716
Manchester,J01000058,Manchester 036,E02001080,9476.0,9206.147341479978
Manchester,J01000058,Manchester 037,E02001081,6235.0,2810.9058542237394
Manchester,J01000058,Manchester 038,E02001082,6645.0,7427.470946960546
Manchester,J01000058,Manchester 039,E02001083,8262.0,5814.368588294721
Manchester,J01000058,Manchester 040,E02001084,8242.0,6005.667636876888
Manchester,J01000058,Manchester 041,E02001085,8202.0,6054.887276171587
Manchester,J01000058,Manchester 042,E02001086,6775.0,3240.702939396844
Manchester,J01000058,Manchester 043,E02001087,9388.0,4616.041907050191
Manchester,J01000058,Manchester 045,E02001089,7917.0,3023.777962007598
Manchester,J01000058,Manchester 054,E02006902,7494.0,4559.140133079078
Manchester,J01000058,Manchester 055,E02006912,19715.0,13479.862168525977
Manchester,J01000058,Manchester 056,E02006913,7313.0,4277.066849597306
Manchester,J01000058,Manchester 057,E02006914,11096.0,17460.87016023016
Manchester,J01000058,Manchester 058,E02006915,9502.0,5256.219703850724
Manchester,J01000058,Manchester 059,E02006916,6759.0,10370.855051660834
Manchester,J01000058,Manchester 060,E02006917,7650.0,7918.68003245967
Newcastle-upon-Tyne,J01000062,Newcastle upon Tyne 002,E02001709,10190.0,1261.1664019126674
Newcastle-upon-Tyne,J01000062,Newcastle upon Tyne 003,E02001710,9638.0,4845.751941806096
Newcastle-upon-Tyne,J01000062,Newcastle upon Tyne 004,E02001711,9642.0,539.7784126416308
Newcastle-upon-Tyne,J01000062,Newcastle upon Tyne 005,E02001712,9553.0,4630.523958824793
Newcastle-upon-Tyne,J01000062,Newcastle upon Tyne 006,E02001713,10387.0,4363.261554276945
Newcastle-upon-Tyne,J01000062,Newcastle upon Tyne 007,E02001714,9588.0,3192.140659306986
Newcastle-upon-Tyne,J01000062,Newcastle upon Tyne 008,E02001715,11515.0,3308.15751618842
Newcastle-upon-Tyne,J01000062,Newcastle upon Tyne 011,E02001718,6175.0,4694.114207130441
Newcastle-upon-Tyne,J01000062,Newcastle upon Tyne 012,E02001719,8554.0,4308.288621294439
Newcastle-upon-Tyne,J01000062,Newcastle upon Tyne 013,E02001720,9429.0,7163.090367442644
Newcastle-upon-Tyne,J01000062,Newcastle upon Tyne 015,E02001722,9955.0,4682.715738016343
Newcastle-upon-Tyne,J01000062,Newcastle upon Tyne 016,E02001723,6742.0,5089.787201619481
Newcastle-upon-Tyne,J01000062,Newcastle upon Tyne 017,E02001724,8952.0,7265.99219023521
Newcastle-upon-Tyne,J01000062,Newcastle upon Tyne 018,E02001725,10196.0,9530.012508512133
Newcastle-upon-Tyne,J01000062,Newcastle upon Tyne 019,E02001726,12193.0,5020.229648991632
Newcastle-upon-Tyne,J01000062,Newcastle upon Tyne 020,E02001727,8354.0,3931.0114020416577
Newcastle-upon-Tyne,J01000062,Newcastle upon Tyne 021,E02001728,9234.0,2388.4141474158628
Newcastle-upon-Tyne,J01000062,Newcastle upon Tyne 022,E02001729,14448.0,8790.420746188054
Newcastle-upon-Tyne,J01000062,Newcastle upon Tyne 025,E02001732,5316.0,2591.0802863159424
Newcastle-upon-Tyne,J01000062,Newcastle upon Tyne 027,E02001734,8493.0,4171.977605176161
Newcastle-upon-Tyne,J01000062,Newcastle upon Tyne 028,E02001735,6713.0,6267.327426042465
Newcastle-upon-Tyne,J01000062,Newcastle upon Tyne 030,E02001737,6091.0,3324.0452983689634
Newcastle-upon-Tyne,J01000062,Newcastle upon Tyne 031,E02006893,10178.0,3508.625258651993
Norwich,J01000066,Norwich 001,E02005584,10947.0,1930.5166260113228
Norwich,J01000066,Norwich 002,E02005585,11078.0,4029.1300175410775
Norwich,J01000066,Norwich 003,E02005586,9908.0,7358.981231559416
Norwich,J01000066,Norwich 004,E02005587,9935.0,4315.106901614054
Norwich,J01000066,Norwich 005,E02005588,12254.0,3796.397011123628
Norwich,J01000066,Norwich 006,E02005589,11837.0,3172.8845120234887
Norwich,J01000066,Norwich 009,E02005592,9348.0,8115.3511855256365
Norwich,J01000066,Norwich 010,E02005593,13052.0,4565.738860680684
Norwich,J01000066,Norwich 011,E02005594,11153.0,5660.179927661017
Norwich,J01000066,Norwich 012,E02005595,9035.0,1823.2903981850059
Norwich,J01000066,Norwich 013,E02005596,9341.0,2927.230172991994
Norwich,J01000066,Norwich 014,E02006907,6982.0,3255.8812168856366
Norwich,J01000066,Norwich 015,E02006908,5750.0,4236.145965375974
Nottingham,J01000067,Nottingham 001,E02002868,5764.0,3640.8622208504726
Nottingham,J01000067,Nottingham 002,E02002869,7574.0,2590.960254616757
Nottingham,J01000067,Nottingham 004,E02002871,7588.0,4386.103139154295
Nottingham,J01000067,Nottingham 005,E02002872,8754.0,3583.927173556612
Nottingham,J01000067,Nottingham 006,E02002873,9500.0,5936.287535621602
Nottingham,J01000067,Nottingham 007,E02002874,8300.0,4468.470389662934
Nottingham,J01000067,Nottingham 008,E02002875,8630.0,5679.909443597974
Nottingham,J01000067,Nottingham 009,E02002876,8150.0,3590.307028856108
Nottingham,J01000067,Nottingham 010,E02002877,7768.0,5164.458965501567
Nottingham,J01000067,Nottingham 011,E02002878,9661.0,5910.1182151610565
Nottingham,J01000067,Nottingham 012,E02002879,9844.0,6712.735544212389
Nottingham,J01000067,Nottingham 013,E02002880,9102.0,7660.470907914452
Nottingham,J01000067,Nottingham 014,E02002881,6880.0,3485.6759708742748
Nottingham,J01000067,Nottingham 015,E02002882,8618.0,4309.843145322045
Nottingham,J01000067,Nottingham 016,E02002883,7942.0,5554.984073073617
Nottingham,J01000067,Nottingham 017,E02002884,7120.0,11291.964090383355
Nottingham,J01000067,Nottingham 018,E02002885,9332.0,12638.390380099068
Nottingham,J01000067,Nottingham 019,E02002886,9782.0,4176.740399279964
Nottingham,J01000067,Nottingham 020,E02002887,6492.0,3043.797180750278
Nottingham,J01000067,Nottingham 021,E02002888,7619.0,6831.022445774545
Nottingham,J01000067,Nottingham 022,E02002889,13877.0,10094.73994309773
Nottingham,J01000067,Nottingham 023,E02002890,14483.0,12129.601268887585
Nottingham,J01000067,Nottingham 024,E02002891,8139.0,3310.59709447263
Nottingham,J01000067,Nottingham 025,E02002892,6096.0,3542.626630391002
Nottingham,J01000067,Nottingham 026,E02002893,16371.0,13085.103470235552
Nottingham,J01000067,Nottingham 028,E02002895,8861.0,7659.101750883865
Nottingham,J01000067,Nottingham 029,E02002896,10631.0,3633.697906784946
Nottingham,J01000067,Nottingham 030,E02002897,8179.0,3152.0433910865354
Nottingham,J01000067,Nottingham 031,E02002898,11275.0,2163.974434205657
Nottingham,J01000067,Nottingham 038,E02006834,7495.0,5618.764108755406
Nottingham,J01000067,Nottingham 039,E02006904,13194.0,6242.122466858052
Nottingham,J01000067,Nottingham 040,E02006905,7864.0,3250.138504016618
Oxford,J01000070,Oxford 001,E02005940,5464.0,1410.2660422118493
Oxford,J01000070,Oxford 002,E02005941,6903.0,3662.378976952615
Oxford,J01000070,Oxford 003,E02005942,6604.0,3180.2731961127192
Oxford,J01000070,Oxford 004,E02005943,6093.0,1663.93099637596
Oxford,J01000070,Oxford 005,E02005944,6996.0,4361.272175433966
Oxford,J01000070,Oxford 006,E02005945,14878.0,5189.33878994946
Oxford,J01000070,Oxford 007,E02005946,7292.0,4503.536566703882
Oxford,J01000070,Oxford 008,E02005947,18665.0,5289.4092946844485
Oxford,J01000070,Oxford 009,E02005948,6816.0,1097.9286230926512
Oxford,J01000070,Oxford 010,E02005949,7055.0,4364.539162499413
Oxford,J01000070,Oxford 011,E02005950,10525.0,6385.6880727557245
Oxford,J01000070,Oxford 012,E02005951,5382.0,2291.998946195468
Oxford,J01000070,Oxford 014,E02005953,4920.0,4377.012116020374
Oxford,J01000070,Oxford 015,E02005954,9025.0,3914.6439596091686
Oxford,J01000070,Oxford 016,E02005955,9678.0,3980.506226254647
Oxford,J01000070,Oxford 017,E02005956,5709.0,4655.657043030512
Oxford,J01000070,Oxford 018,E02005957,5999.0,5964.747814976774
Plymouth,J01000072,Plymouth 001,E02003122,7124.0,1972.3325648639786
Plymouth,J01000072,Plymouth 002,E02003123,8772.0,3191.4503414139067
Plymouth,J01000072,Plymouth 003,E02003124,8075.0,2916.1244591477525
Plymouth,J01000072,Plymouth 004,E02003125,5989.0,1840.179070291388
Plymouth,J01000072,Plymouth 005,E02003126,7944.0,1562.6516584544488
Plymouth,J01000072,Plymouth 006,E02003127,7433.0,3894.4662874199803
Plymouth,J01000072,Plymouth 007,E02003128,8959.0,4320.735851065573
Plymouth,J01000072,Plymouth 008,E02003129,6156.0,2797.1656627951347
Plymouth,J01000072,Plymouth 009,E02003130,10418.0,5569.459077030152
Plymouth,J01000072,Plymouth 010,E02003131,7272.0,2675.750871254651
Plymouth,J01000072,Plymouth 011,E02003132,9039.0,4835.8841190608255
Plymouth,J01000072,Plymouth 012,E02003133,7116.0,4008.5966584487687
Plymouth,J01000072,Plymouth 013,E02003134,6813.0,3530.5580255077
Plymouth,J01000072,Plymouth 014,E02003135,7620.0,2901.5155986839895
Plymouth,J01000072,Plymouth 015,E02003136,7645.0,1812.8052226180644
Plymouth,J01000072,Plymouth 016,E02003137,7794.0,4007.0640392793416
Plymouth,J01000072,Plymouth 017,E02003138,7636.0,5510.235553408067
Plymouth,J01000072,Plymouth 018,E02003139,6586.0,5086.530274629836
Plymouth,J01000072,Plymouth 019,E02003140,7635.0,2079.6556970513257
Plymouth,J01000072,Plymouth 020,E02003141,7916.0,9627.264232369194
Plymouth,J01000072,Plymouth 021,E02003142,9036.0,3831.037034746789
Plymouth,J01000072,Plymouth 022,E02003143,7330.0,3846.416183715797
Plymouth,J01000072,Plymouth 023,E02003144,9092.0,10052.78575009619
Plymouth,J01000072,Plymouth 024,E02003145,6829.0,5606.751896110283
Plymouth,J01000072,Plymouth 025,E02003146,8653.0,10489.959669695168
Plymouth,J01000072,Plymouth 026,E02003147,9290.0,4468.554968440777
Plymouth,J01000072,Plymouth 027,E02003148,10903.0,7123.154565718992
Plymouth,J01000072,Plymouth 028,E02003149,9614.0,4719.015706886414
Plymouth,J01000072,Plymouth 030,E02003151,7884.0,1677.3870797863844
Plymouth,J01000072,Plymouth 031,E02003152,10507.0,1336.5205968618027
Plymouth,J01000072,Plymouth 032,E02003153,7409.0,3079.6702788275297
Portsmouth,J01000074,Portsmouth 001,E02003524,7896.0,4194.690554189884
Portsmouth,J01000074,Portsmouth 002,E02003525,6478.0,3242.361466116228
Portsmouth,J01000074,Portsmouth 003,E02003526,6710.0,2979.887758820358
Portsmouth,J01000074,Portsmouth 004,E02003527,6311.0,1637.6880689917757
Portsmouth,J01000074,Portsmouth 006,E02003529,8181.0,5468.7280767818065
Portsmouth,J01000074,Portsmouth 007,E02003530,7658.0,4509.139605923858
Portsmouth,J01000074,Portsmouth 008,E02003531,7739.0,2012.7123212489566
Portsmouth,J01000074,Portsmouth 009,E02003532,7693.0,9761.401198600499
Portsmouth,J01000074,Portsmouth 010,E02003533,5675.0,4236.7013137747035
Portsmouth,J01000074,Portsmouth 011,E02003534,9025.0,10759.46171853684
Portsmouth,J01000074,Portsmouth 012,E02003535,9785.0,15316.198035987278
Portsmouth,J01000074,Portsmouth 013,E02003536,8156.0,7060.019223549161
Portsmouth,J01000074,Portsmouth 014,E02003537,10333.0,6836.944457406667
Portsmouth,J01000074,Portsmouth 015,E02003538,10564.0,10979.027970361127
Portsmouth,J01000074,Portsmouth 017,E02003540,9405.0,3689.7811767228864
Portsmouth,J01000074,Portsmouth 018,E02003541,12648.0,18505.099558503818
Portsmouth,J01000074,Portsmouth 019,E02003542,9439.0,16622.704771268833
Portsmouth,J01000074,Portsmouth 020,E02003543,9037.0,15522.383457455287
Portsmouth,J01000074,Portsmouth 021,E02003544,6283.0,12923.962228600032
Portsmouth,J01000074,Portsmouth 022,E02003545,7444.0,13009.037371431836
Portsmouth,J01000074,Portsmouth 023,E02003546,8538.0,4605.577823694645
Portsmouth,J01000074,Portsmouth 024,E02003547,9474.0,5274.524200018029
Portsmouth,J01000074,Portsmouth 025,E02003548,6622.0,12264.070254057564
Portsmouth,J01000074,Portsmouth 026,E02006821,6550.0,1680.7601068847523
Preston,J01000075,Preston 003,E02005255,8933.0,3915.955693557824
Preston,J01000075,Preston 004,E02005256,6554.0,1510.804521668904
Preston,J01000075,Preston 005,E02005257,5893.0,3882.1060222989854
Preston,J01000075,Preston 006,E02005258,7822.0,2831.105022879792
Preston,J01000075,Preston 007,E02005259,10298.0,3747.4002929153926
Preston,J01000075,Preston 008,E02005260,6474.0,3535.858122313032
Preston,J01000075,Preston 009,E02005261,10100.0,1608.4331373749785
Preston,J01000075,Preston 010,E02005262,6632.0,701.3615420394998
Preston,J01000075,Preston 011,E02005263,7110.0,5593.526562201602
Preston,J01000075,Preston 012,E02005264,12702.0,6432.463682238276
Preston,J01000075,Preston 013,E02005265,10606.0,4136.71908983435
Preston,J01000075,Preston 014,E02005266,8879.0,7407.411945260768
Preston,J01000075,Preston 015,E02005267,7363.0,8842.319712554294
Preston,J01000075,Preston 016,E02005268,9274.0,2611.725677836424
Preston,J01000075,Preston 017,E02005269,11113.0,5109.379735129439
Salford,J01000080,Salford 010,E02001166,7351.0,5743.392689151762
Salford,J01000080,Salford 011,E02001167,7291.0,3580.946398071289
Salford,J01000080,Salford 017,E02001173,8366.0,2917.3062129683185
Salford,J01000080,Salford 018,E02001174,5520.0,5454.135142718504
Salford,J01000080,Salford 021,E02001177,13392.0,3782.500580124744
Salford,J01000080,Salford 023,E02001179,6865.0,7535.004658034145
Salford,J01000080,Salford 024,E02001180,6669.0,7297.07745811892
Sheffield,J01000082,Sheffield 005,E02001615,7211.0,650.6486182467784
Sheffield,J01000082,Sheffield 006,E02001616,7202.0,4371.853187630018
Sheffield,J01000082,Sheffield 007,E02001617,5849.0,3590.1513150519686
Sheffield,J01000082,Sheffield 009,E02001619,9782.0,4207.307254185854
Sheffield,J01000082,Sheffield 010,E02001620,7021.0,4981.002938716991
Sheffield,J01000082,Sheffield 011,E02001621,6129.0,4105.0139442013515
Sheffield,J01000082,Sheffield 012,E02001622,8850.0,4178.207276313151
Sheffield,J01000082,Sheffield 013,E02001623,8458.0,5514.040608314066
Sheffield,J01000082,Sheffield 014,E02001624,9943.0,2778.472578295767
Sheffield,J01000082,Sheffield 015,E02001625,7909.0,5283.060366611912
Sheffield,J01000082,Sheffield 016,E02001626,5769.0,6394.3937632715515
Sheffield,J01000082,Sheffield 017,E02001627,6165.0,1900.574793325828
Sheffield,J01000082,Sheffield 018,E02001628,7145.0,997.7906380369513
Sheffield,J01000082,Sheffield 019,E02001629,6988.0,4060.917915543574
Sheffield,J01000082,Sheffield 020,E02001630,9814.0,4951.808533890012
Sheffield,J01000082,Sheffield 021,E02001631,7690.0,5616.615030834544
Sheffield,J01000082,Sheffield 022,E02001632,14892.0,2695.283753542391
Sheffield,J01000082,Sheffield 023,E02001633,7481.0,410.6297235341092
Sheffield,J01000082,Sheffield 024,E02001634,9276.0,6525.025208580634
Sheffield,J01000082,Sheffield 025,E02001635,6105.0,1793.4502066637554
Sheffield,J01000082,Sheffield 026,E02001636,11830.0,6679.8363990304415
Sheffield,J01000082,Sheffield 027,E02001637,8616.0,2013.2048462908353
Sheffield,J01000082,Sheffield 028,E02001638,6000.0,13051.914838781373
Sheffield,J01000082,Sheffield 029,E02001639,6150.0,7501.366299391997
Sheffield,J01000082,Sheffield 030,E02001640,8041.0,5616.595808591521
Sheffield,J01000082,Sheffield 032,E02001642,10329.0,3004.748963162459
Sheffield,J01000082,Sheffield 033,E02001643,6304.0,1899.7856812009275
Sheffield,J01000082,Sheffield 036,E02001646,8946.0,6815.960136744295
Sheffield,J01000082,Sheffield 037,E02001647,6166.0,2966.494553940282
Sheffield,J01000082,Sheffield 038,E02001648,10005.0,4717.994090711104
Sheffield,J01000082,Sheffield 039,E02001649,10459.0,3341.8636919642345
Sheffield,J01000082,Sheffield 040,E02001650,10995.0,13161.075656695639
Sheffield,J01000082,Sheffield 041,E02001651,7841.0,248.24850430344006
Sheffield,J01000082,Sheffield 042,E02001652,13444.0,8738.53178481628
Sheffield,J01000082,Sheffield 043,E02001653,7723.0,3802.3106568099274
Sheffield,J01000082,Sheffield 044,E02001654,6288.0,2477.559007830143
Sheffield,J01000082,Sheffield 045,E02001655,7687.0,3860.701584153569
Sheffield,J01000082,Sheffield 046,E02001656,8174.0,5829.098701125528
Sheffield,J01000082,Sheffield 047,E02001657,9259.0,5244.811306310148
Sheffield,J01000082,Sheffield 048,E02001658,5474.0,5378.177347383414
Sheffield,J01000082,Sheffield 049,E02001659,6004.0,2602.4999178598673
Sheffield,J01000082,Sheffield 050,E02001660,10281.0,7058.3505264985915
Sheffield,J01000082,Sheffield 051,E02001661,8182.0,5265.060734450543
Sheffield,J01000082,Sheffield 052,E02001662,7439.0,4599.342668509003
Sheffield,J01000082,Sheffield 053,E02001663,7682.0,5505.21587079341
Sheffield,J01000082,Sheffield 054,E02001664,6331.0,5051.403455311044
Sheffield,J01000082,Sheffield 055,E02001665,9671.0,1480.8460614619082
Sheffield,J01000082,Sheffield 056,E02001666,5911.0,2747.0003519431243
Sheffield,J01000082,Sheffield 059,E02001669,7640.0,5469.670836651215
Sheffield,J01000082,Sheffield 060,E02001670,6376.0,4471.187446731298
Sheffield,J01000082,Sheffield 061,E02001671,5657.0,2857.6407312265783
Sheffield,J01000082,Sheffield 062,E02001672,6118.0,3455.1161154096967
Sheffield,J01000082,Sheffield 063,E02001673,5261.0,2302.979459315807
Sheffield,J01000082,Sheffield 064,E02001674,8694.0,1790.9565656115672
Sheffield,J01000082,Sheffield 065,E02001675,8670.0,3031.9603401511845
Sheffield,J01000082,Sheffield 066,E02001676,5734.0,1730.8307773397198
Sheffield,J01000082,Sheffield 068,E02001678,10365.0,728.0857966537981
Sheffield,J01000082,Sheffield 069,E02001679,6591.0,5273.084924307943
Sheffield,J01000082,Sheffield 070,E02001680,6480.0,4820.893786177796
Sheffield,J01000082,Sheffield 071,E02001681,7600.0,2733.170012774406
Sheffield,J01000082,Sheffield 072,E02006803,9128.0,1568.1703465855223
Sheffield,J01000082,Sheffield 073,E02006843,23504.0,20565.001524710948
Sheffield,J01000082,Sheffield 074,E02006844,11821.0,14058.83695402475
Sheffield,J01000082,Sheffield 075,E02006868,13678.0,4171.749791940468
Sheffield,J01000082,Sheffield 076,E02006869,11004.0,3027.9137581669647
Southampton,J01000087,Southampton 001,E02003549,9271.0,3439.2807646744027
Southampton,J01000087,Southampton 002,E02003550,7724.0,4465.034602019972
Southampton,J01000087,Southampton 003,E02003551,6897.0,3650.7496188134214
Southampton,J01000087,Southampton 004,E02003552,5930.0,5447.364157222058
Southampton,J01000087,Southampton 005,E02003553,7976.0,7292.802771548546
Southampton,J01000087,Southampton 006,E02003554,6158.0,3342.522813632889
Southampton,J01000087,Southampton 007,E02003555,8193.0,5254.301813364286
Southampton,J01000087,Southampton 008,E02003556,5714.0,3658.758905018948
Southampton,J01000087,Southampton 009,E02003557,6971.0,4248.1201450253875
Southampton,J01000087,Southampton 010,E02003558,7075.0,5976.988125683038
Southampton,J01000087,Southampton 011,E02003559,7804.0,3164.3936648588124
Southampton,J01000087,Southampton 012,E02003560,7418.0,2994.9029325095303
Southampton,J01000087,Southampton 013,E02003561,8699.0,8764.379431254483
Southampton,J01000087,Southampton 014,E02003562,8398.0,5864.034557998459
Southampton,J01000087,Southampton 015,E02003563,7792.0,7362.569091395913
Southampton,J01000087,Southampton 016,E02003564,7665.0,5624.09852972294
Southampton,J01000087,Southampton 017,E02003565,7455.0,11951.106431693754
Southampton,J01000087,Southampton 018,E02003566,6132.0,4878.658381532292
Southampton,J01000087,Southampton 019,E02003567,7707.0,2863.8643172553934
Southampton,J01000087,Southampton 020,E02003568,9052.0,9527.339471583648
Southampton,J01000087,Southampton 021,E02003569,8020.0,3956.2606098026886
Southampton,J01000087,Southampton 022,E02003570,12399.0,7966.054548147642
Southampton,J01000087,Southampton 023,E02003571,11362.0,7181.339090585177
Southampton,J01000087,Southampton 024,E02003572,6048.0,4519.185873435018
Southampton,J01000087,Southampton 025,E02003573,7553.0,5121.831504533118
Southampton,J01000087,Southampton 026,E02003574,7240.0,4608.17055619323
Southampton,J01000087,Southampton 027,E02003575,6518.0,6195.630533868554
Southampton,J01000087,Southampton 028,E02003576,8005.0,6112.054992777965
Southampton,J01000087,Southampton 030,E02003578,5991.0,4341.215422904813
Southampton,J01000087,Southampton 031,E02003579,9163.0,5263.693825768838
Southampton,J01000087,Southampton 032,E02003580,6018.0,5198.651710505458
Southend-on-Sea,J01000088,Southend-on-Sea 001,E02003279,9425.0,4200.308985837703
Southend-on-Sea,J01000088,Southend-on-Sea 002,E02003280,10599.0,3606.834452927941
Southend-on-Sea,J01000088,Southend-on-Sea 003,E02003281,9665.0,3667.8319520814734
Southend-on-Sea,J01000088,Southend-on-Sea 004,E02003282,10724.0,4299.011527059901
Southend-on-Sea,J01000088,Southend-on-Sea 005,E02003283,11159.0,4941.623899562885
Southend-on-Sea,J01000088,Southend-on-Sea 006,E02003284,11237.0,3197.752632775567
Southend-on-Sea,J01000088,Southend-on-Sea 007,E02003285,11205.0,12218.792393584763
Southend-on-Sea,J01000088,Southend-on-Sea 008,E02003286,9459.0,3090.885962095114
Southend-on-Sea,J01000088,Southend-on-Sea 009,E02003287,9977.0,2138.340743435544
Southend-on-Sea,J01000088,Southend-on-Sea 010,E02003288,13025.0,8121.284778464367
Southend-on-Sea,J01000088,Southend-on-Sea 011,E02003289,10288.0,6756.200880283668
Southend-on-Sea,J01000088,Southend-on-Sea 012,E02003290,10398.0,6428.805447467274
Southend-on-Sea,J01000088,Southend-on-Sea 013,E02003291,11939.0,3128.2980247249934
Southend-on-Sea,J01000088,Southend-on-Sea 014,E02003292,12215.0,9821.817536387929
Southend-on-Sea,J01000088,Southend-on-Sea 015,E02003293,11762.0,7193.879907235246
Southend-on-Sea,J01000088,Southend-on-Sea 016,E02003294,9281.0,3359.1019218712395
Southend-on-Sea,J01000088,Southend-on-Sea 017,E02003295,10415.0,3650.4062101626646
Stoke on Trent,J01000095,Stoke-on-Trent 001,E02002951,7516.0,1834.5651991777518
Stoke on Trent,J01000095,Stoke-on-Trent 002,E02002952,7534.0,1800.0549474183003
Stoke on Trent,J01000095,Stoke-on-Trent 003,E02002953,7323.0,4265.5712985873315
Stoke on Trent,J01000095,Stoke-on-Trent 004,E02002954,8156.0,1452.929352093658
Stoke on Trent,J01000095,Stoke-on-Trent 005,E02002955,7766.0,3139.8703962664677
Stoke on Trent,J01000095,Stoke-on-Trent 006,E02002956,9167.0,4064.6474892576502
Stoke on Trent,J01000095,Stoke-on-Trent 007,E02002957,9468.0,2585.7920373720985
Stoke on Trent,J01000095,Stoke-on-Trent 008,E02002958,8241.0,4304.419316295444
Stoke on Trent,J01000095,Stoke-on-Trent 009,E02002959,9447.0,3163.639095918332
Stoke on Trent,J01000095,Stoke-on-Trent 010,E02002960,5705.0,4008.4158981522933
Stoke on Trent,J01000095,Stoke-on-Trent 011,E02002961,7276.0,2771.3180310593216
Stoke on Trent,J01000095,Stoke-on-Trent 012,E02002962,7314.0,2469.942223980903
Stoke on Trent,J01000095,Stoke-on-Trent 013,E02002963,7301.0,6299.118235923121
Stoke on Trent,J01000095,Stoke-on-Trent 014,E02002964,8406.0,2285.272565981695
Stoke on Trent,J01000095,Stoke-on-Trent 015,E02002965,8530.0,2167.034533581779
Stoke on Trent,J01000095,Stoke-on-Trent 016,E02002966,10194.0,2629.764796441392
Stoke on Trent,J01000095,Stoke-on-Trent 017,E02002967,10306.0,2750.7123893763774
Stoke on Trent,J01000095,Stoke-on-Trent 018,E02002968,9455.0,3357.127606857218
Stoke on Trent,J01000095,Stoke-on-Trent 019,E02002969,9574.0,4888.564966902069
Stoke on Trent,J01000095,Stoke-on-Trent 020,E02002970,8135.0,2587.7614106352758
Stoke on Trent,J01000095,Stoke-on-Trent 023,E02002973,8431.0,2399.6151031730737
Stoke on Trent,J01000095,Stoke-on-Trent 024,E02002974,5969.0,3026.970088509144
Stoke on Trent,J01000095,Stoke-on-Trent 025,E02002975,6993.0,3967.3729942884056
Stoke on Trent,J01000095,Stoke-on-Trent 026,E02002976,5972.0,2386.7781300980646
Stoke on Trent,J01000095,Stoke-on-Trent 027,E02002977,5669.0,3061.6269542637056
Stoke on Trent,J01000095,Stoke-on-Trent 028,E02002978,6808.0,4932.060222869268
Stoke on Trent,J01000095,Stoke-on-Trent 029,E02002979,6091.0,6599.465981513785
Stoke on Trent,J01000095,Stoke-on-Trent 030,E02002980,5931.0,1665.3798073321893
Stoke on Trent,J01000095,Stoke-on-Trent 031,E02002981,8400.0,2298.399807559619
Stoke on Trent,J01000095,Stoke-on-Trent 032,E02002982,8138.0,2349.230291814388
Stoke on Trent,J01000095,Stoke-on-Trent 033,E02002983,4989.0,2555.3946399283377
Stoke on Trent,J01000095,Stoke-on-Trent 034,E02002984,5291.0,1740.714814517742
Sunderland,J01000096,Sunderland 001,E02001791,5512.0,2872.5647315899296
Sunderland,J01000096,Sunderland 002,E02001792,6622.0,4030.0164011108504
Sunderland,J01000096,Sunderland 003,E02001793,8242.0,4296.413534856599
Sunderland,J01000096,Sunderland 004,E02001794,8743.0,3408.7773235677873
Sunderland,J01000096,Sunderland 005,E02001795,7447.0,3075.000319441556
Sunderland,J01000096,Sunderland 006,E02001796,9597.0,5313.150949684267
Sunderland,J01000096,Sunderland 008,E02001798,8237.0,2739.430624913886
Sunderland,J01000096,Sunderland 011,E02001801,6855.0,7831.133315768611
Sunderland,J01000096,Sunderland 012,E02001802,6970.0,4138.624012386128
Sunderland,J01000096,Sunderland 013,E02001803,10304.0,4096.885713471646
Sunderland,J01000096,Sunderland 014,E02001804,6565.0,2898.732892917349
Sunderland,J01000096,Sunderland 015,E02001805,5742.0,4544.489203659236
Sunderland,J01000096,Sunderland 016,E02001806,8124.0,2733.6925808558863
Sunderland,J01000096,Sunderland 018,E02001808,6075.0,6675.480189200069
Sunderland,J01000096,Sunderland 021,E02001811,8785.0,3751.9639797002587
Sunderland,J01000096,Sunderland 022,E02001812,10059.0,3716.6741931326314
Sunderland,J01000096,Sunderland 023,E02001813,9854.0,4403.464940345605
Sunderland,J01000096,Sunderland 024,E02001814,6141.0,2710.8891294527975
Sunderland,J01000096,Sunderland 026,E02001816,6804.0,2695.9715825206617
Sunderland,J01000096,Sunderland 027,E02001817,6614.0,4389.0378138015685
Sunderland,J01000096,Sunderland 028,E02001818,9354.0,2198.5047858782605
Sunderland,J01000096,Sunderland 029,E02001819,6657.0,1789.3665280578255
Sunderland,J01000096,Sunderland 031,E02001821,5566.0,711.9982973336332
York,J01000112,York 004,E02002775,5802.0,1339.6080252669547
York,J01000112,York 005,E02002776,6808.0,1093.28395444823
York,J01000112,York 006,E02002777,8540.0,626.7395157923543
York,J01000112,York 007,E02002778,8324.0,2027.3942658684043
York,J01000112,York 008,E02002779,9672.0,531.0310723946994
York,J01000112,York 009,E02002780,8712.0,7851.782730599413
York,J01000112,York 010,E02002781,11394.0,6753.5406827346405
York,J01000112,York 012,E02002783,10460.0,3897.973005075757
York,J01000112,York 013,E02002784,13932.0,5496.961878034975
York,J01000112,York 014,E02002785,8529.0,1297.8584325446939
York,J01000112,York 015,E02002786,11237.0,7720.924021895725
York,J01000112,York 016,E02002787,9342.0,5393.380214572515
York,J01000112,York 017,E02002788,9065.0,4214.05837566339
York,J01000112,York 018,E02002789,9084.0,5185.574230730137
York,J01000112,York 019,E02002790,13285.0,4920.298432522533
York,J01000112,York 021,E02002792,7938.0,2116.115689507788
York,J01000112,York 022,E02002793,9347.0,2754.8506497800568
